geo_code,total_households,owned_total,owned_outright,owned_mortgage,shared_ownership,social_rented_total,social_council,social_other,private_rented_total,private_rented,Private rented: Employer of a household member,Private rented: Relative or friend of household member,Private rented: Other,rent_free,area_name,pct_owned_total,pct_owned_outright,pct_owned_mortgage,pct_shared_ownership,pct_social_rented_total,pct_social_council,pct_social_other,pct_private_rented_total,pct_private_rented,pct_Private rented: Employer of a household member,pct_Private rented: Relative or friend of household member,pct_Private rented: Other,pct_rent_free
E06000001,40434,24194,11090,13104,200,9515,4016,5499,5971,5525,26,349,71,554,Hartlepool,59.84,27.43,32.41,0.49,23.53,9.93,13.6,14.77,13.66,0.06,0.86,0.18,1.37
E06000002,57203,32723,15200,17523,336,13654,6049,7605,9509,8648,98,570,193,981,Middlesbrough,57.21,26.57,30.63,0.59,23.87,10.57,13.29,16.62,15.12,0.17,1.0,0.34,1.71
E06000003,59605,39705,19806,19899,256,11568,5999,5569,7434,6698,55,578,103,642,Redcar and Cleveland,66.61,33.23,33.38,0.43,19.41,10.06,9.34,12.47,11.24,0.09,0.97,0.17,1.08
E06000004,79159,54225,23285,30940,255,13625,7285,6340,10387,9417,41,788,141,667,Stockton-on-Tees,68.5,29.42,39.09,0.32,17.21,9.2,8.01,13.12,11.9,0.05,1.0,0.18,0.84
E06000005,46670,30289,13810,16479,178,7228,5238,1990,8513,7758,112,546,97,462,Darlington,64.9,29.59,35.31,0.38,15.49,11.22,4.26,18.24,16.62,0.24,1.17,0.21,0.99
E06000006,53312,33796,14436,19360,322,13441,2502,10939,5212,4752,14,376,70,541,Halton,63.39,27.08,36.31,0.6,25.21,4.69,20.52,9.78,8.91,0.03,0.71,0.13,1.01
E06000007,85140,60915,27206,33709,637,13318,6147,7171,9549,8683,52,718,96,721,Warrington,71.55,31.95,39.59,0.75,15.64,7.22,8.42,11.22,10.2,0.06,0.84,0.11,0.85
E06000008,57353,36793,18039,18754,290,10391,3228,7163,8993,8113,72,618,190,886,Blackburn with Darwen,64.15,31.45,32.7,0.51,18.12,5.63,12.49,15.68,14.15,0.13,1.08,0.33,1.54
E06000009,64367,39650,19318,20332,239,6999,4823,2176,16770,15549,62,1062,97,709,Blackpool,61.6,30.01,31.59,0.37,10.87,7.49,3.38,26.05,24.16,0.1,1.65,0.15,1.1
E06000010,112596,55785,22355,33430,505,31634,23838,7796,22984,21414,63,1125,382,1688,"Kingston upon Hull, City of",49.54,19.85,29.69,0.45,28.1,21.17,6.92,20.41,19.02,0.06,1.0,0.34,1.5
E06000011,143032,107706,56140,51566,433,13028,10453,2575,19648,17760,298,1336,254,2217,East Riding of Yorkshire,75.3,39.25,36.05,0.3,9.11,7.31,1.8,13.74,12.42,0.21,0.93,0.18,1.55
E06000012,69707,46070,21497,24573,213,10091,3293,6798,12627,11594,106,792,135,706,North East Lincolnshire,66.09,30.84,35.25,0.31,14.48,4.72,9.75,18.11,16.63,0.15,1.14,0.19,1.01
E06000013,70684,49137,23355,25782,179,10895,4852,6043,9477,8493,169,692,123,996,North Lincolnshire,69.52,33.04,36.48,0.25,15.41,6.86,8.55,13.41,12.02,0.24,0.98,0.17,1.41
E06000014,83552,55227,28351,26876,631,11679,7381,4298,14980,13687,245,753,295,1035,York,66.1,33.93,32.17,0.76,13.98,8.83,5.14,17.93,16.38,0.29,0.9,0.35,1.24
E06000015,102271,62765,30239,32526,864,20250,12458,7792,17193,15943,75,982,193,1199,Derby,61.37,29.57,31.8,0.84,19.8,12.18,7.62,16.81,15.59,0.07,0.96,0.19,1.17
E06000016,123125,61170,28018,33152,774,31270,21048,10222,27999,26207,198,1173,421,1912,Leicester,49.68,22.76,26.93,0.63,25.4,17.09,8.3,22.74,21.28,0.16,0.95,0.34,1.55
E06000017,15002,10556,5889,4667,160,1685,369,1316,2333,1741,301,122,169,268,Rutland,70.36,39.25,31.11,1.07,11.23,2.46,8.77,15.55,11.61,2.01,0.81,1.13,1.79
E06000018,126131,56867,25152,31715,786,37486,26176,11310,29098,27300,136,1303,359,1894,Nottingham,45.09,19.94,25.14,0.62,29.72,20.75,8.97,23.07,21.64,0.11,1.03,0.28,1.5
E06000019,78319,53014,30867,22147,770,10903,2692,8211,12147,10680,468,738,261,1485,"Herefordshire, County of",67.69,39.41,28.28,0.98,13.92,3.44,10.48,15.51,13.64,0.6,0.94,0.33,1.9
E06000020,66608,42417,18106,24311,292,13106,5409,7697,9979,9055,164,602,158,814,Telford and Wrekin,63.68,27.18,36.5,0.44,19.68,8.12,11.56,14.98,13.59,0.25,0.9,0.24,1.22
E06000021,107575,63928,30628,33300,419,25999,19712,6287,15440,14176,84,938,242,1789,Stoke-on-Trent,59.43,28.47,30.96,0.39,24.17,18.32,5.84,14.35,13.18,0.08,0.87,0.22,1.66
E06000022,73515,49068,25827,23241,368,10614,2528,8086,12447,11408,128,735,176,1018,Bath and North East Somerset,66.75,35.13,31.61,0.5,14.44,3.44,11.0,16.93,15.52,0.17,1.0,0.24,1.38
E06000023,182747,98708,44928,53780,1385,37083,26494,10589,43028,40401,232,1984,411,2543,"Bristol, City of",54.01,24.58,29.43,0.76,20.29,14.5,5.79,23.55,22.11,0.13,1.09,0.22,1.39
E06000024,88227,64365,32474,31891,542,8103,3104,4999,14270,13058,129,958,125,947,North Somerset,72.95,36.81,36.15,0.61,9.18,3.52,5.67,16.17,14.8,0.15,1.09,0.14,1.07
E06000025,107538,80586,37050,43536,497,10633,2063,8570,14600,13124,233,1039,204,1222,South Gloucestershire,74.94,34.45,40.48,0.46,9.89,1.92,7.97,13.58,12.2,0.22,0.97,0.19,1.14
E06000026,109307,64157,29763,34394,841,21095,9403,11692,22026,19431,687,1315,593,1188,Plymouth,58.69,27.23,31.47,0.77,19.3,8.6,10.7,20.15,17.78,0.63,1.2,0.54,1.09
E06000027,59010,39424,21503,17921,554,4762,505,4257,13696,12647,65,879,105,574,Torbay,66.81,36.44,30.37,0.94,8.07,0.86,7.21,23.21,21.43,0.11,1.49,0.18,0.97
E06000030,88360,57902,22749,35153,1118,14382,10269,4113,14169,13020,135,861,153,789,Swindon,65.53,25.75,39.78,1.27,16.28,11.62,4.65,16.04,14.74,0.15,0.97,0.17,0.89
E06000031,74023,43877,19134,24743,689,14434,4751,9683,14168,12855,288,699,326,855,Peterborough,59.27,25.85,33.43,0.93,19.5,6.42,13.08,19.14,17.37,0.39,0.94,0.44,1.16
E06000032,74293,44696,18619,26077,288,11715,7973,3742,16816,15802,70,726,218,778,Luton,60.16,25.06,35.1,0.39,15.77,10.73,5.04,22.63,21.27,0.09,0.98,0.29,1.05
E06000033,74678,48666,22960,25706,306,8597,5079,3518,16439,15472,100,754,113,670,Southend-on-Sea,65.17,30.75,34.42,0.41,11.51,6.8,4.71,22.01,20.72,0.13,1.01,0.15,0.9
E06000034,62353,41278,15899,25379,302,11503,10055,1448,8772,8220,51,443,58,498,Thurrock,66.2,25.5,40.7,0.48,18.45,16.13,2.32,14.07,13.18,0.08,0.71,0.09,0.8
E06000035,106209,71853,30697,41156,1114,13996,4155,9841,18153,16627,287,913,326,1093,Medway,67.65,28.9,38.75,1.05,13.18,3.91,9.27,17.09,15.65,0.27,0.86,0.31,1.03
E06000036,45878,31419,11420,19999,527,7678,2600,5078,5734,4874,298,384,178,520,Bracknell Forest,68.48,24.89,43.59,1.15,16.74,5.67,11.07,12.5,10.62,0.65,0.84,0.39,1.13
E06000037,62340,43435,19455,23980,695,8628,575,8053,8555,7457,457,428,213,1027,West Berkshire,69.67,31.21,38.47,1.11,13.84,0.92,12.92,13.72,11.96,0.73,0.69,0.34,1.65
E06000038,62869,34479,14222,20257,1130,10242,6322,3920,16394,15517,91,605,181,624,Reading,54.84,22.62,32.22,1.8,16.29,10.06,6.24,26.08,24.68,0.14,0.96,0.29,0.99
E06000039,50766,26755,9502,17253,686,10476,6656,3820,12348,11713,73,445,117,501,Slough,52.7,18.72,33.99,1.35,20.64,13.11,7.52,24.32,23.07,0.14,0.88,0.23,0.99
E06000040,58349,39676,19013,20663,358,7748,711,7037,9432,8099,580,375,378,1135,Windsor and Maidenhead,68.0,32.58,35.41,0.61,13.28,1.22,12.06,16.16,13.88,0.99,0.64,0.65,1.95
E06000041,60332,48103,21461,26642,679,4236,2845,1391,6755,6001,248,363,143,559,Wokingham,79.73,35.57,44.16,1.13,7.02,4.72,2.31,11.2,9.95,0.41,0.6,0.24,0.93
E06000042,98584,56913,21157,35756,5985,17763,10801,6962,17066,15930,101,875,160,857,Milton Keynes,57.73,21.46,36.27,6.07,18.02,10.96,7.06,17.31,16.16,0.1,0.89,0.16,0.87
E06000043,121540,64790,28397,36393,1045,18187,11928,6259,35959,34081,131,1521,226,1559,Brighton and Hove,53.31,23.36,29.94,0.86,14.96,9.81,5.15,29.59,28.04,0.11,1.25,0.19,1.28
E06000044,85473,46897,20616,26281,825,15611,10001,5610,21098,19044,509,1135,410,1042,Portsmouth,54.87,24.12,30.75,0.97,18.26,11.7,6.56,24.68,22.28,0.6,1.33,0.48,1.22
E06000045,98254,48873,21286,27587,1013,22867,16633,6234,24449,23007,87,1050,305,1052,Southampton,49.74,21.66,28.08,1.03,23.27,16.93,6.34,24.88,23.42,0.09,1.07,0.31,1.07
E06000046,61085,42817,25091,17726,362,6523,598,5925,10639,9663,94,782,100,744,Isle of Wight,70.09,41.08,29.02,0.59,10.68,0.98,9.7,17.42,15.82,0.15,1.28,0.16,1.22
E06000047,223803,147347,69435,77912,488,45004,28559,16445,28142,25498,185,2121,338,2822,County Durham,65.84,31.03,34.81,0.22,20.11,12.76,7.35,12.57,11.39,0.08,0.95,0.15,1.26
E06000049,159441,118766,59846,58920,779,18141,4285,13856,19938,18244,223,1200,271,1817,Cheshire East,74.49,37.53,36.95,0.49,11.38,2.69,8.69,12.5,11.44,0.14,0.75,0.17,1.14
E06000050,141442,100105,49129,50976,1088,20808,10482,10326,17734,16021,313,1100,300,1707,Cheshire West and Chester,70.77,34.73,36.04,0.77,14.71,7.41,7.3,12.54,11.33,0.22,0.78,0.21,1.21
E06000051,129674,89688,49998,39690,830,17448,6458,10990,19421,17013,777,1203,428,2287,Shropshire,69.16,38.56,30.61,0.64,13.46,4.98,8.48,14.98,13.12,0.6,0.93,0.33,1.76
E06000052,230389,158524,92113,66411,1757,27655,12833,14822,38605,33938,815,3185,667,3848,Cornwall,68.81,39.98,28.83,0.76,12.0,5.57,6.43,16.76,14.73,0.35,1.38,0.29,1.67
E06000053,989,412,313,99,8,179,121,58,294,204,36,13,41,96,Isles of Scilly,41.66,31.65,10.01,0.81,18.1,12.23,5.86,29.73,20.63,3.64,1.31,4.15,9.71
E06000054,194194,131083,65734,65349,1463,28591,7604,20987,29968,22903,3295,1550,2220,3089,Wiltshire,67.5,33.85,33.65,0.75,14.72,3.92,10.81,15.43,11.79,1.7,0.8,1.14,1.59
E06000055,63812,41937,20018,21919,665,10252,1155,9097,10110,9310,114,514,172,848,Bedford,65.72,31.37,34.35,1.04,16.07,1.81,14.26,15.84,14.59,0.18,0.81,0.27,1.33
E06000056,104399,75743,33039,42704,874,13981,5464,8517,12612,10973,459,756,424,1189,Central Bedfordshire,72.55,31.65,40.9,0.84,13.39,5.23,8.16,12.08,10.51,0.44,0.72,0.41,1.14
E07000008,46714,22171,11639,10532,526,11023,7109,3914,12258,11170,281,394,413,736,Cambridge,47.46,24.92,22.55,1.13,23.6,15.22,8.38,26.24,23.91,0.6,0.84,0.88,1.58
E07000009,34614,23719,11145,12574,506,4944,457,4487,4576,4144,100,273,59,869,East Cambridgeshire,68.52,32.2,36.33,1.46,14.28,1.32,12.96,13.22,11.97,0.29,0.79,0.17,2.51
E07000010,40620,28436,14490,13946,205,5054,895,4159,6341,5802,55,414,70,584,Fenland,70.0,35.67,34.33,0.5,12.44,2.2,10.24,15.61,14.28,0.14,1.02,0.17,1.44
E07000011,69333,49398,22171,27227,508,8939,1811,7128,9770,8636,311,593,230,718,Huntingdonshire,71.25,31.98,39.27,0.73,12.89,2.61,10.28,14.09,12.46,0.45,0.86,0.33,1.04
E07000012,59960,42129,20759,21370,1258,8546,5464,3082,7174,6213,362,350,249,853,South Cambridgeshire,70.26,34.62,35.64,2.1,14.25,9.11,5.14,11.96,10.36,0.6,0.58,0.42,1.42
E07000026,42345,29217,16686,12531,200,8088,1123,6965,4142,3595,68,397,82,698,Allerdale,69.0,39.4,29.59,0.47,19.1,2.65,16.45,9.78,8.49,0.16,0.94,0.19,1.65
E07000027,31224,22938,11423,11515,36,3454,2704,750,4442,4005,49,332,56,354,Barrow-in-Furness,73.46,36.58,36.88,0.12,11.06,8.66,2.4,14.23,12.83,0.16,1.06,0.18,1.13
E07000028,48342,32999,16754,16245,332,7394,1283,6111,6914,6221,104,493,96,703,Carlisle,68.26,34.66,33.6,0.69,15.3,2.65,12.64,14.3,12.87,0.22,1.02,0.2,1.45
E07000029,30536,21671,11315,10356,96,5668,2172,3496,2665,2315,51,243,56,436,Copeland,70.97,37.05,33.91,0.31,18.56,7.11,11.45,8.73,7.58,0.17,0.8,0.18,1.43
E07000030,23043,16258,10048,6210,211,2321,307,2014,3685,3216,103,310,56,568,Eden,70.56,43.61,26.95,0.92,10.07,1.33,8.74,15.99,13.96,0.45,1.35,0.24,2.46
E07000031,46552,33967,20793,13174,231,4853,3172,1681,6633,5831,176,530,96,868,South Lakeland,72.97,44.67,28.3,0.5,10.42,6.81,3.61,14.25,12.53,0.38,1.14,0.21,1.86
E07000032,52596,38974,20106,18868,216,6484,2708,3776,6200,5618,51,441,90,722,Amber Valley,74.1,38.23,35.87,0.41,12.33,5.15,7.18,11.79,10.68,0.1,0.84,0.17,1.37
E07000033,32801,21963,10691,11272,92,5965,4922,1043,4276,3871,27,344,34,505,Bolsover,66.96,32.59,34.36,0.28,18.19,15.01,3.18,13.04,11.8,0.08,1.05,0.1,1.54
E07000034,46796,29547,15065,14482,156,10832,9385,1447,5813,5291,38,411,73,448,Chesterfield,63.14,32.19,30.95,0.33,23.15,20.06,3.09,12.42,11.31,0.08,0.88,0.16,0.96
E07000035,30744,22269,13513,8756,229,3736,1330,2406,3860,3423,86,276,75,650,Derbyshire Dales,72.43,43.95,28.48,0.74,12.15,4.33,7.83,12.56,11.13,0.28,0.9,0.24,2.11
E07000036,48692,35290,16506,18784,242,6335,1978,4357,6265,5762,31,398,74,560,Erewash,72.48,33.9,38.58,0.5,13.01,4.06,8.95,12.87,11.83,0.06,0.82,0.15,1.15
E07000037,38946,28059,13693,14366,229,4945,3836,1109,5231,4706,37,414,74,482,High Peak,72.05,35.16,36.89,0.59,12.7,9.85,2.85,13.43,12.08,0.1,1.06,0.19,1.24
E07000038,43070,30531,16471,14060,168,8781,7817,964,3183,2800,33,292,58,407,North East Derbyshire,70.89,38.24,32.64,0.39,20.39,18.15,2.24,7.39,6.5,0.08,0.68,0.13,0.94
E07000039,38992,29416,13237,16179,131,3877,2984,893,5087,4603,91,344,49,481,South Derbyshire,75.44,33.95,41.49,0.34,9.94,7.65,2.29,13.05,11.8,0.23,0.88,0.13,1.23
E07000040,59071,44283,27837,16446,319,5515,3915,1600,8041,7034,215,631,161,913,East Devon,74.97,47.12,27.84,0.54,9.34,6.63,2.71,13.61,11.91,0.36,1.07,0.27,1.55
E07000041,49242,29443,14809,14634,470,8386,4769,3617,10336,9633,87,534,82,607,Exeter,59.79,30.07,29.72,0.95,17.03,9.68,7.35,20.99,19.56,0.18,1.08,0.17,1.23
E07000042,32758,22626,12206,10420,305,4135,2843,1292,5091,4605,108,324,54,601,Mid Devon,69.07,37.26,31.81,0.93,12.62,8.68,3.94,15.54,14.06,0.33,0.99,0.16,1.83
E07000043,40001,27383,15638,11745,271,4316,971,3345,7341,6377,261,508,195,690,North Devon,68.46,39.09,29.36,0.68,10.79,2.43,8.36,18.35,15.94,0.65,1.27,0.49,1.72
E07000044,36858,26440,15775,10665,400,4195,642,3553,5259,4638,106,424,91,564,South Hams,71.73,42.8,28.94,1.09,11.38,1.74,9.64,14.27,12.58,0.29,1.15,0.25,1.53
E07000045,54003,39678,22015,17663,495,4813,1169,3644,8358,7526,107,636,89,659,Teignbridge,73.47,40.77,32.71,0.92,8.91,2.16,6.75,15.48,13.94,0.2,1.18,0.16,1.22
E07000046,27986,19998,11998,8000,197,2524,542,1982,4746,4275,69,363,39,521,Torridge,71.46,42.87,28.59,0.7,9.02,1.94,7.08,16.96,15.28,0.25,1.3,0.14,1.86
E07000047,22725,16630,10003,6627,148,2158,582,1576,3409,3025,64,264,56,380,West Devon,73.18,44.02,29.16,0.65,9.5,2.56,6.94,15.0,13.31,0.28,1.16,0.25,1.67
E07000061,45012,27788,15071,12717,295,5953,3348,2605,10494,9747,160,465,122,482,Eastbourne,61.73,33.48,28.25,0.66,13.23,7.44,5.79,23.31,21.65,0.36,1.03,0.27,1.07
E07000062,41159,22706,11071,11635,193,5988,763,5225,11863,11191,72,499,101,409,Hastings,55.17,26.9,28.27,0.47,14.55,1.85,12.69,28.82,27.19,0.17,1.21,0.25,0.99
E07000063,42181,30648,16797,13851,285,4609,3196,1413,6108,5557,78,406,67,531,Lewes,72.66,39.82,32.84,0.68,10.93,7.58,3.35,14.48,13.17,0.18,0.96,0.16,1.26
E07000064,40877,30060,18554,11506,219,4242,712,3530,5742,5190,120,360,72,614,Rother,73.54,45.39,28.15,0.54,10.38,1.74,8.64,14.05,12.7,0.29,0.88,0.18,1.5
E07000065,62676,49355,26483,22872,503,4808,2956,1852,6973,6214,122,540,97,1037,Wealden,78.75,42.25,36.49,0.8,7.67,4.72,2.95,11.13,9.91,0.19,0.86,0.15,1.65
E07000066,72746,47972,21037,26935,720,15976,10309,5667,7448,6825,65,459,99,630,Basildon,65.94,28.92,37.03,0.99,21.96,14.17,7.79,10.24,9.38,0.09,0.63,0.14,0.87
E07000067,61043,41872,18609,23263,362,10055,2378,7677,8083,7332,148,485,118,671,Braintree,68.59,30.49,38.11,0.59,16.47,3.9,12.58,13.24,12.01,0.24,0.79,0.19,1.1
E07000068,30646,23028,11634,11394,194,3586,2703,883,3452,3148,65,184,55,386,Brentwood,75.14,37.96,37.18,0.63,11.7,8.82,2.88,11.26,10.27,0.21,0.6,0.18,1.26
E07000069,36440,30101,15691,14410,103,1949,1453,496,3968,3584,14,311,59,319,Castle Point,82.6,43.06,39.54,0.28,5.35,3.99,1.36,10.89,9.84,0.04,0.85,0.16,0.88
E07000070,69667,50978,23696,27282,450,9120,1456,7664,8349,7621,111,505,112,770,Chelmsford,73.17,34.01,39.16,0.65,13.09,2.09,11.0,11.98,10.94,0.16,0.72,0.16,1.11
E07000071,71634,47507,22840,24667,325,9669,5894,3775,13390,11689,505,711,485,743,Colchester,66.32,31.88,34.43,0.45,13.5,8.23,5.27,18.69,16.32,0.7,0.99,0.68,1.04
E07000072,51991,37565,18070,19495,206,7803,6208,1595,5742,5307,93,282,60,675,Epping Forest,72.25,34.76,37.5,0.4,15.01,11.94,3.07,11.04,10.21,0.18,0.54,0.12,1.3
E07000073,34620,19429,7351,12078,326,10808,9327,1481,3756,3474,21,227,34,301,Harlow,56.12,21.23,34.89,0.94,31.22,26.94,4.28,10.85,10.03,0.06,0.66,0.1,0.87
E07000074,25817,20251,10314,9937,97,2685,157,2528,2493,2208,45,206,34,291,Maldon,78.44,39.95,38.49,0.38,10.4,0.61,9.79,9.66,8.55,0.17,0.8,0.13,1.13
E07000075,33564,27822,13927,13895,79,2547,406,2141,2844,2535,31,220,58,272,Rochford,82.89,41.49,41.4,0.24,7.59,1.21,6.38,8.47,7.55,0.09,0.66,0.17,0.81
E07000076,62105,45752,27696,18056,238,5243,2988,2255,10064,9210,88,664,102,808,Tendring,73.67,44.6,29.07,0.38,8.44,4.81,3.63,16.2,14.83,0.14,1.07,0.16,1.3
E07000077,31316,22425,10668,11757,321,3961,2660,1301,4108,3608,169,220,111,501,Uttlesford,71.61,34.07,37.54,1.03,12.65,8.49,4.15,13.12,11.52,0.54,0.7,0.35,1.6
E07000078,50929,32879,16363,16516,360,6227,4091,2136,10925,10260,51,534,80,538,Cheltenham,64.56,32.13,32.43,0.71,12.23,8.03,4.19,21.45,20.15,0.1,1.05,0.16,1.06
E07000079,36236,23803,13691,10112,441,5388,623,4765,5518,4767,305,289,157,1086,Cotswold,65.69,37.78,27.91,1.22,14.87,1.72,13.15,15.23,13.16,0.84,0.8,0.43,3.0
E07000080,34167,25371,13966,11405,186,4237,773,3464,3835,3261,127,326,121,538,Forest of Dean,74.26,40.88,33.38,0.54,12.4,2.26,10.14,11.22,9.54,0.37,0.95,0.35,1.57
E07000081,50363,33858,14729,19129,557,6714,3921,2793,8755,8012,107,525,111,479,Gloucester,67.23,29.25,37.98,1.11,13.33,7.79,5.55,17.38,15.91,0.21,1.04,0.22,0.95
E07000082,47794,34988,18187,16801,285,6097,4823,1274,5791,5288,84,353,66,633,Stroud,73.21,38.05,35.15,0.6,12.76,10.09,2.67,12.12,11.06,0.18,0.74,0.14,1.32
E07000083,35126,25844,13391,12453,330,4190,727,3463,4351,3611,256,298,186,411,Tewkesbury,73.58,38.12,35.45,0.94,11.93,2.07,9.86,12.39,10.28,0.73,0.85,0.53,1.17
E07000084,69315,46936,19517,27419,958,12346,540,11806,8172,7473,165,460,74,903,Basingstoke and Deane,67.71,28.16,39.56,1.38,17.81,0.78,17.03,11.79,10.78,0.24,0.66,0.11,1.3
E07000085,47258,34919,17520,17399,431,5681,742,4939,5517,4636,337,349,195,710,East Hampshire,73.89,37.07,36.82,0.91,12.02,1.57,10.45,11.67,9.81,0.71,0.74,0.41,1.5
E07000086,52177,38362,17228,21134,552,6411,573,5838,6438,5864,42,479,53,414,Eastleigh,73.52,33.02,40.5,1.06,12.29,1.1,11.19,12.34,11.24,0.08,0.92,0.1,0.79
E07000087,46579,37460,18279,19181,277,3785,2370,1415,4645,3906,228,368,143,412,Fareham,80.42,39.24,41.18,0.59,8.13,5.09,3.04,9.97,8.39,0.49,0.79,0.31,0.88
E07000088,35430,23115,10413,12702,381,5815,3297,2518,5777,4506,568,382,321,342,Gosport,65.24,29.39,35.85,1.08,16.41,9.31,7.11,16.31,12.72,1.6,1.08,0.91,0.97
E07000089,35510,27747,12610,15137,406,2718,215,2503,4286,3380,446,202,258,353,Hart,78.14,35.51,42.63,1.14,7.65,0.61,7.05,12.07,9.52,1.26,0.57,0.73,0.99
E07000090,51311,35387,18169,17218,281,10037,5300,4737,5087,4510,68,436,73,519,Havant,68.97,35.41,33.56,0.55,19.56,10.33,9.23,9.91,8.79,0.13,0.85,0.14,1.01
E07000091,76839,57603,33430,24173,484,8440,5185,3255,9293,8153,330,617,193,1019,New Forest,74.97,43.51,31.46,0.63,10.98,6.75,4.24,12.09,10.61,0.43,0.8,0.25,1.33
E07000092,36344,23089,8434,14655,647,5927,771,5156,6379,4607,777,332,663,302,Rushmoor,63.53,23.21,40.32,1.78,16.31,2.12,14.19,17.55,12.68,2.14,0.91,1.82,0.83
E07000093,47626,33501,16412,17089,311,6854,2115,4739,6128,4964,550,352,262,832,Test Valley,70.34,34.46,35.88,0.65,14.39,4.44,9.95,12.87,10.42,1.15,0.74,0.55,1.75
E07000094,46865,31646,16385,15261,426,7243,4970,2273,6604,5617,402,348,237,946,Winchester,67.53,34.96,32.56,0.91,15.46,10.6,4.85,14.09,11.99,0.86,0.74,0.51,2.02
E07000095,37658,27460,12262,15198,418,5297,1106,4191,4199,3934,24,211,30,284,Broxbourne,72.92,32.56,40.36,1.11,14.07,2.94,11.13,11.15,10.45,0.06,0.56,0.08,0.75
E07000096,59938,38877,17458,21419,373,13045,10407,2638,7107,6516,129,386,76,536,Dacorum,64.86,29.13,35.74,0.62,21.76,17.36,4.4,11.86,10.87,0.22,0.64,0.13,0.89
E07000098,39778,26897,12489,14408,471,6932,756,6176,4981,4500,161,208,112,497,Hertsmere,67.62,31.4,36.22,1.18,17.43,1.9,15.53,12.52,11.31,0.4,0.52,0.28,1.25
E07000099,53426,35072,16201,18871,472,10304,3774,6530,6993,6460,97,324,112,585,North Hertfordshire,65.65,30.32,35.32,0.88,19.29,7.06,12.22,13.09,12.09,0.18,0.61,0.21,1.09
E07000102,35108,25532,11988,13544,194,5318,1680,3638,3708,3253,167,210,78,356,Three Rivers,72.72,34.15,38.58,0.55,15.15,4.79,10.36,10.56,9.27,0.48,0.6,0.22,1.01
E07000103,36681,22608,8954,13654,426,5987,1469,4518,7371,6930,68,305,68,289,Watford,61.63,24.41,37.22,1.16,16.32,4.0,12.32,20.09,18.89,0.19,0.83,0.19,0.79
E07000105,47787,32685,15200,17485,638,6915,4702,2213,6849,6173,115,460,101,700,Ashford,68.4,31.81,36.59,1.34,14.47,9.84,4.63,14.33,12.92,0.24,0.96,0.21,1.46
E07000106,60771,40107,21578,18529,500,7409,5039,2370,11876,10665,252,697,262,879,Canterbury,66.0,35.51,30.49,0.82,12.19,8.29,3.9,19.54,17.55,0.41,1.15,0.43,1.45
E07000107,40081,26819,11012,15807,537,5947,4338,1609,6385,6003,41,291,50,393,Dartford,66.91,27.47,39.44,1.34,14.84,10.82,4.01,15.93,14.98,0.1,0.73,0.12,0.98
E07000108,48310,32142,17034,15108,245,6864,4277,2587,8254,7394,160,526,174,805,Dover,66.53,35.26,31.27,0.51,14.21,8.85,5.35,17.09,15.31,0.33,1.09,0.36,1.67
E07000109,40431,26099,12408,13691,305,7008,5628,1380,6524,6108,44,302,70,495,Gravesham,64.55,30.69,33.86,0.75,17.33,13.92,3.41,16.14,15.11,0.11,0.75,0.17,1.22
E07000110,63447,44700,20885,23815,671,8066,1495,6571,9256,8264,232,556,204,754,Maidstone,70.45,32.92,37.54,1.06,12.71,2.36,10.36,14.59,13.03,0.37,0.88,0.32,1.19
E07000111,47020,34200,17642,16558,798,6218,800,5418,5057,4547,167,253,90,747,Sevenoaks,72.74,37.52,35.21,1.7,13.22,1.7,11.52,10.75,9.67,0.36,0.54,0.19,1.59
E07000112,47379,30715,16744,13971,214,5311,3284,2027,10520,9557,184,549,230,619,Folkestone and Hythe,64.83,35.34,29.49,0.45,11.21,6.93,4.28,22.2,20.17,0.39,1.16,0.49,1.31
E07000113,55585,37951,17444,20507,569,7942,1216,6726,8446,7735,96,515,100,677,Swale,68.28,31.38,36.89,1.02,14.29,2.19,12.1,15.19,13.92,0.17,0.93,0.18,1.22
E07000114,59513,36907,19903,17004,206,7537,3019,4518,14151,13072,167,777,135,712,Thanet,62.02,33.44,28.57,0.35,12.66,5.07,7.59,23.78,21.96,0.28,1.31,0.23,1.2
E07000115,48140,34246,15677,18569,717,7762,930,6832,4869,4320,167,299,83,546,Tonbridge and Malling,71.14,32.57,38.57,1.49,16.12,1.93,14.19,10.11,8.97,0.35,0.62,0.17,1.13
E07000116,47174,30999,15111,15888,376,7148,566,6582,7995,7412,142,367,74,656,Tunbridge Wells,65.71,32.03,33.68,0.8,15.15,1.2,13.95,16.95,15.71,0.3,0.78,0.16,1.39
E07000117,37550,24408,11815,12593,79,5281,1418,3863,7267,6664,34,493,76,515,Burnley,65.0,31.46,33.54,0.21,14.06,3.78,10.29,19.35,17.75,0.09,1.31,0.2,1.37
E07000118,44919,33783,15906,17877,283,5843,1376,4467,4587,4066,32,414,75,423,Chorley,75.21,35.41,39.8,0.63,13.01,3.06,9.94,10.21,9.05,0.07,0.92,0.17,0.94
E07000119,34885,25622,14214,11408,135,2607,499,2108,6066,5411,127,417,111,455,Fylde,73.45,40.75,32.7,0.39,7.47,1.43,6.04,17.39,15.51,0.36,1.2,0.32,1.3
E07000120,34341,23238,11464,11774,84,4389,1367,3022,6235,5711,13,463,48,395,Hyndburn,67.67,33.38,34.29,0.24,12.78,3.98,8.8,18.16,16.63,0.04,1.35,0.14,1.15
E07000121,57822,39999,20890,19109,367,5762,3629,2133,10929,9915,87,796,131,765,Lancaster,69.18,36.13,33.05,0.63,9.97,6.28,3.69,18.9,17.15,0.15,1.38,0.23,1.32
E07000122,37348,25580,13435,12145,73,4333,2104,2229,6760,6192,29,486,53,602,Pendle,68.49,35.97,32.52,0.2,11.6,5.63,5.97,18.1,16.58,0.08,1.3,0.14,1.61
E07000123,57567,34909,16355,18554,397,11061,2259,8802,10365,9540,84,598,143,835,Preston,60.64,28.41,32.23,0.69,19.21,3.92,15.29,18.01,16.57,0.15,1.04,0.25,1.45
E07000124,24045,18423,10086,8337,145,1836,365,1471,3278,2830,109,274,65,363,Ribble Valley,76.62,41.95,34.67,0.6,7.64,1.52,6.12,13.63,11.77,0.45,1.14,0.27,1.51
E07000125,29058,20250,9160,11090,87,4244,1416,2828,4106,3683,20,361,42,371,Rossendale,69.69,31.52,38.17,0.3,14.61,4.87,9.73,14.13,12.67,0.07,1.24,0.14,1.28
E07000126,46102,36337,17189,19148,215,4845,353,4492,4308,3845,43,369,51,397,South Ribble,78.82,37.28,41.53,0.47,10.51,0.77,9.74,9.34,8.34,0.09,0.8,0.11,0.86
E07000127,45381,33122,16272,16850,271,6656,5711,945,4744,4263,48,371,62,588,West Lancashire,72.99,35.86,37.13,0.6,14.67,12.58,2.08,10.45,9.39,0.11,0.82,0.14,1.3
E07000128,47281,36676,20423,16253,246,3401,522,2879,6397,5791,71,475,60,561,Wyre,77.57,43.19,34.38,0.52,7.19,1.1,6.09,13.53,12.25,0.15,1.0,0.13,1.19
E07000129,38686,31309,14745,16564,247,2948,721,2227,3876,3471,38,325,42,306,Blaby,80.93,38.11,42.82,0.64,7.62,1.86,5.76,10.02,8.97,0.1,0.84,0.11,0.79
E07000130,66516,47961,23729,24232,539,7851,5306,2545,9396,8590,102,590,114,769,Charnwood,72.1,35.67,36.43,0.81,11.8,7.98,3.83,14.13,12.91,0.15,0.89,0.17,1.16
E07000131,34898,27238,13389,13849,414,2923,481,2442,3922,3540,57,274,51,401,Harborough,78.05,38.37,39.68,1.19,8.38,1.38,7.0,11.24,10.14,0.16,0.79,0.15,1.15
E07000132,45377,34826,16859,17967,267,4685,3238,1447,5156,4657,65,364,70,443,Hinckley and Bosworth,76.75,37.15,39.59,0.59,10.32,7.14,3.19,11.36,10.26,0.14,0.8,0.15,0.98
E07000133,21490,15498,7728,7770,198,2402,1814,588,3054,2738,76,183,57,338,Melton,72.12,35.96,36.16,0.92,11.18,8.44,2.74,14.21,12.74,0.35,0.85,0.27,1.57
E07000134,39128,28360,13581,14779,302,5598,4181,1417,4411,3997,35,336,43,457,North West Leicestershire,72.48,34.71,37.77,0.77,14.31,10.69,3.62,11.27,10.22,0.09,0.86,0.11,1.17
E07000135,21339,17239,9069,8170,161,1610,1147,463,2117,1922,17,153,25,212,Oadby and Wigston,80.79,42.5,38.29,0.75,7.54,5.38,2.17,9.92,9.01,0.08,0.72,0.12,0.99
E07000136,27291,17430,9243,8187,230,4965,1671,3294,4291,3908,85,220,78,375,Boston,63.87,33.87,30.0,0.84,18.19,6.12,12.07,15.72,14.32,0.31,0.81,0.29,1.37
E07000137,60890,42137,25826,16311,482,6705,1605,5100,10554,9334,377,657,186,1012,East Lindsey,69.2,42.41,26.79,0.79,11.01,2.64,8.38,17.33,15.33,0.62,1.08,0.31,1.66
E07000138,39825,21932,9717,12215,220,8729,7381,1348,8345,7709,48,524,64,599,Lincoln,55.07,24.4,30.67,0.55,21.92,18.53,3.38,20.95,19.36,0.12,1.32,0.16,1.5
E07000139,45972,34187,17115,17072,221,4694,3693,1001,6184,4906,602,400,276,686,North Kesteven,74.36,37.23,37.14,0.48,10.21,8.03,2.18,13.45,10.67,1.31,0.87,0.6,1.49
E07000140,37264,27035,14623,12412,260,4728,3828,900,4714,4173,159,308,74,527,South Holland,72.55,39.24,33.31,0.7,12.69,10.27,2.42,12.65,11.2,0.43,0.83,0.2,1.41
E07000141,57344,39809,19258,20551,502,7701,5949,1752,8389,7653,133,496,107,943,South Kesteven,69.42,33.58,35.84,0.88,13.43,10.37,3.06,14.63,13.35,0.23,0.86,0.19,1.64
E07000142,38385,27859,14672,13187,365,4246,911,3335,5253,4594,216,336,107,662,West Lindsey,72.58,38.22,34.35,0.95,11.06,2.37,8.69,13.69,11.97,0.56,0.88,0.28,1.72
E07000143,54519,37427,20167,17260,310,7511,1287,6224,8294,7306,297,546,145,977,Breckland,68.65,36.99,31.66,0.57,13.78,2.36,11.42,15.21,13.4,0.54,1.0,0.27,1.79
E07000144,53336,42343,23080,19263,304,4567,480,4087,5519,4860,117,466,76,603,Broadland,79.39,43.27,36.12,0.57,8.56,0.9,7.66,10.35,9.11,0.22,0.87,0.14,1.13
E07000145,42079,27073,15024,12049,146,7255,5824,1431,6926,6280,117,427,102,679,Great Yarmouth,64.34,35.7,28.63,0.35,17.24,13.84,3.4,16.46,14.92,0.28,1.01,0.24,1.61
E07000146,62977,43707,24908,18799,275,8393,1946,6447,9278,7832,535,581,330,1324,King's Lynn and West Norfolk,69.4,39.55,29.85,0.44,13.33,3.09,10.24,14.73,12.44,0.85,0.92,0.52,2.1
E07000147,46046,32293,21083,11210,199,5904,1123,4781,6664,5997,151,433,83,986,North Norfolk,70.13,45.79,24.35,0.43,12.82,2.44,10.38,14.47,13.02,0.33,0.94,0.18,2.14
E07000148,60319,26442,12463,13979,433,19702,15222,4480,13089,12122,69,784,114,653,Norwich,43.84,20.66,23.18,0.72,32.66,25.24,7.43,21.7,20.1,0.11,1.3,0.19,1.08
E07000149,52809,39555,21563,17992,537,5965,1440,4525,5916,5278,106,468,64,836,South Norfolk,74.9,40.83,34.07,1.02,11.3,2.73,8.57,11.2,9.99,0.2,0.89,0.12,1.58
E07000163,24583,17973,10396,7577,116,2212,558,1654,3782,3360,89,261,72,500,Craven,73.11,42.29,30.82,0.47,9.0,2.27,6.73,15.38,13.67,0.36,1.06,0.29,2.03
E07000164,38117,26508,15135,11373,156,4923,372,4551,5770,4622,546,340,262,760,Hambleton,69.54,39.71,29.84,0.41,12.92,0.98,11.94,15.14,12.13,1.43,0.89,0.69,1.99
E07000165,67169,47738,25118,22620,395,6138,3608,2530,11771,10394,438,638,301,1127,Harrogate,71.07,37.4,33.68,0.59,9.14,5.37,3.77,17.52,15.47,0.65,0.95,0.45,1.68
E07000166,20207,12910,7295,5615,104,2183,1451,732,4519,2877,810,240,592,491,Richmondshire,63.89,36.1,27.79,0.51,10.8,7.18,3.62,22.36,14.24,4.01,1.19,2.93,2.43
E07000167,22524,15124,9329,5795,83,2896,213,2683,3773,3321,163,216,73,648,Ryedale,67.15,41.42,25.73,0.37,12.86,0.95,11.91,16.75,14.74,0.72,0.96,0.32,2.88
E07000168,49435,32520,19323,13197,302,6134,1163,4971,9640,8812,108,559,161,839,Scarborough,65.78,39.09,26.7,0.61,12.41,2.35,10.06,19.5,17.83,0.22,1.13,0.33,1.7
E07000169,34559,25911,11929,13982,201,4161,2902,1259,3796,3400,78,269,49,490,Selby,74.98,34.52,40.46,0.58,12.04,8.4,3.64,10.98,9.84,0.23,0.78,0.14,1.42
E07000170,50931,35261,16952,18309,235,8258,6460,1798,6504,5908,31,501,64,673,Ashfield,69.23,33.28,35.95,0.46,16.21,12.68,3.53,12.77,11.6,0.06,0.98,0.13,1.32
E07000171,47667,33115,16295,16820,172,7579,6152,1427,5975,5362,111,411,91,826,Bassetlaw,69.47,34.19,35.29,0.36,15.9,12.91,2.99,12.53,11.25,0.23,0.86,0.19,1.73
E07000172,46820,34270,17351,16919,168,5218,4192,1026,6594,5902,143,435,114,570,Broxtowe,73.2,37.06,36.14,0.36,11.14,8.95,2.19,14.08,12.61,0.31,0.93,0.24,1.22
E07000173,49349,37138,18603,18535,271,4926,1961,2965,6488,5850,46,517,75,526,Gedling,75.26,37.7,37.56,0.55,9.98,3.97,6.01,13.15,11.85,0.09,1.05,0.15,1.07
E07000174,44928,29908,14658,15250,169,8199,6208,1991,6115,5616,23,425,51,537,Mansfield,66.57,32.63,33.94,0.38,18.25,13.82,4.43,13.61,12.5,0.05,0.95,0.11,1.2
E07000175,48773,34455,17399,17056,253,7050,5087,1963,6278,5648,87,462,81,737,Newark and Sherwood,70.64,35.67,34.97,0.52,14.45,10.43,4.02,12.87,11.58,0.18,0.95,0.17,1.51
E07000176,45835,35142,17973,17169,333,3854,1056,2798,6082,5595,45,357,85,424,Rushcliffe,76.67,39.21,37.46,0.73,8.41,2.3,6.1,13.27,12.21,0.1,0.78,0.19,0.93
E07000177,56728,39303,17512,21791,443,6872,1453,5419,9206,8304,233,469,200,904,Cherwell,69.28,30.87,38.41,0.78,12.11,2.56,9.55,16.23,14.64,0.41,0.83,0.35,1.59
E07000178,55375,25873,13277,12596,959,11828,7513,4315,15634,14458,277,524,375,1081,Oxford,46.72,23.98,22.75,1.73,21.36,13.57,7.79,28.23,26.11,0.5,0.95,0.68,1.95
E07000179,54104,39461,20113,19348,459,6163,854,5309,7211,5999,541,354,317,810,South Oxfordshire,72.94,37.17,35.76,0.85,11.39,1.58,9.81,13.33,11.09,1.0,0.65,0.59,1.5
E07000180,49407,34750,17704,17046,514,6583,1230,5353,6733,5423,625,304,381,827,Vale of White Horse,70.33,35.83,34.5,1.04,13.32,2.49,10.83,13.63,10.98,1.27,0.62,0.77,1.67
E07000181,43241,30141,14915,15226,548,5387,738,4649,6423,5108,628,336,351,742,West Oxfordshire,69.7,34.49,35.21,1.27,12.46,1.71,10.75,14.85,11.81,1.45,0.78,0.81,1.72
E07000187,46157,32438,17387,15051,349,5473,1320,4153,7136,6449,115,503,69,761,Mendip,70.28,37.67,32.61,0.76,11.86,2.86,9.0,15.46,13.97,0.25,1.09,0.15,1.65
E07000188,48801,34802,18320,16482,273,5951,3670,2281,7113,6380,93,556,84,662,Sedgemoor,71.31,37.54,33.77,0.56,12.19,7.52,4.67,14.58,13.07,0.19,1.14,0.17,1.36
E07000189,69501,48855,26718,22137,542,9697,2811,6886,9272,7881,398,721,272,1135,South Somerset,70.29,38.44,31.85,0.78,13.95,4.04,9.91,13.34,11.34,0.57,1.04,0.39,1.63
E07000192,40664,28106,12388,15718,248,6880,5291,1589,4938,4509,37,351,41,492,Cannock Chase,69.12,30.46,38.65,0.61,16.92,13.01,3.91,12.14,11.09,0.09,0.86,0.1,1.21
E07000193,47251,32879,16574,16305,260,6367,1984,4383,7152,6519,94,452,87,593,East Staffordshire,69.58,35.08,34.51,0.55,13.47,4.2,9.28,15.14,13.8,0.2,0.96,0.18,1.25
E07000194,41224,31155,15948,15207,242,5446,648,4798,3932,3475,101,275,81,449,Lichfield,75.57,38.69,36.89,0.59,13.21,1.57,11.64,9.54,8.43,0.25,0.67,0.2,1.09
E07000195,52574,36332,18495,17837,226,9840,3399,6441,5511,4932,49,410,120,665,Newcastle-under-Lyme,69.11,35.18,33.93,0.43,18.72,6.47,12.25,10.48,9.38,0.09,0.78,0.23,1.26
E07000196,44458,33669,17809,15860,249,6193,646,5547,3772,3371,76,265,60,575,South Staffordshire,75.73,40.06,35.67,0.56,13.93,1.45,12.48,8.48,7.58,0.17,0.6,0.13,1.29
E07000197,55703,39880,20259,19621,279,7618,2420,5198,7206,6239,193,466,308,720,Stafford,71.59,36.37,35.22,0.5,13.68,4.34,9.33,12.94,11.2,0.35,0.84,0.55,1.29
E07000198,41772,33288,18413,14875,127,3699,1343,2356,4103,3595,46,399,63,555,Staffordshire Moorlands,79.69,44.08,35.61,0.3,8.86,3.22,5.64,9.82,8.61,0.11,0.96,0.15,1.33
E07000199,31617,21575,8790,12785,158,6108,4482,1626,3476,3157,14,272,33,300,Tamworth,68.24,27.8,40.44,0.5,19.32,14.18,5.14,10.99,9.99,0.04,0.86,0.1,0.95
E07000200,37522,26981,14861,12120,178,4912,3343,1569,4714,4022,249,320,123,737,Babergh,71.91,39.61,32.3,0.47,13.09,8.91,4.18,12.56,10.72,0.66,0.85,0.33,1.96
E07000202,57298,32467,14723,17744,368,12371,8138,4233,11421,10742,78,493,108,671,Ipswich,56.66,25.7,30.97,0.64,21.59,14.2,7.39,19.93,18.75,0.14,0.86,0.19,1.17
E07000203,40306,30262,15876,14386,343,4544,3280,1264,4515,3804,274,304,133,642,Mid Suffolk,75.08,39.39,35.69,0.85,11.27,8.14,3.14,11.2,9.44,0.68,0.75,0.33,1.59
E07000207,52922,38660,18119,20541,393,5218,1124,4094,8006,7478,129,328,71,645,Elmbridge,73.05,34.24,38.81,0.74,9.86,2.12,7.74,15.13,14.13,0.24,0.62,0.13,1.22
E07000208,29784,22931,10969,11962,257,2390,166,2224,3962,3628,91,209,34,244,Epsom and Ewell,76.99,36.83,40.16,0.86,8.02,0.56,7.47,13.3,12.18,0.31,0.7,0.11,0.82
E07000209,53973,37148,18204,18944,702,6908,4928,1980,8522,7426,399,351,346,693,Guildford,68.83,33.73,35.1,1.3,12.8,9.13,3.67,15.79,13.76,0.74,0.65,0.64,1.28
E07000210,35828,26362,14011,12351,331,4373,531,3842,4270,3795,143,244,88,492,Mole Valley,73.58,39.11,34.47,0.92,12.21,1.48,10.72,11.92,10.59,0.4,0.68,0.25,1.37
E07000211,55423,40486,18393,22093,673,6605,1345,5260,7169,6653,81,357,78,490,Reigate and Banstead,73.05,33.19,39.86,1.21,11.92,2.43,9.49,12.94,12.0,0.15,0.64,0.14,0.88
E07000212,32714,22731,10827,11904,326,4210,2897,1313,4974,4492,173,195,114,473,Runnymede,69.48,33.1,36.39,1.0,12.87,8.86,4.01,15.2,13.73,0.53,0.6,0.35,1.45
E07000213,39512,28671,13403,15268,540,4911,636,4275,5004,4633,79,245,47,386,Spelthorne,72.56,33.92,38.64,1.37,12.43,1.61,10.82,12.66,11.73,0.2,0.62,0.12,0.98
E07000214,33546,25769,11668,14101,269,3089,394,2695,4073,3420,309,173,171,346,Surrey Heath,76.82,34.78,42.03,0.8,9.21,1.17,8.03,12.14,10.19,0.92,0.52,0.51,1.03
E07000215,33342,25302,12074,13228,313,3610,2567,1043,3666,3236,158,211,61,451,Tandridge,75.89,36.21,39.67,0.94,10.83,7.7,3.13,11.0,9.71,0.47,0.63,0.18,1.35
E07000216,49280,36295,18572,17723,491,6068,4662,1406,5577,4966,231,290,90,849,Waverley,73.65,37.69,35.96,1.0,12.31,9.46,2.85,11.32,10.08,0.47,0.59,0.18,1.72
E07000217,39467,27829,12479,15350,368,4704,3308,1396,6186,5745,105,258,78,380,Woking,70.51,31.62,38.89,0.93,11.92,8.38,3.54,15.67,14.56,0.27,0.65,0.2,0.96
E07000218,25812,18686,9007,9679,176,3719,2687,1032,2913,2635,34,198,46,318,North Warwickshire,72.39,34.89,37.5,0.68,14.41,10.41,4.0,11.29,10.21,0.13,0.77,0.18,1.23
E07000219,52711,37617,17545,20072,270,7633,5785,1848,6683,6041,52,522,68,508,Nuneaton and Bedworth,71.36,33.29,38.08,0.51,14.48,10.97,3.51,12.68,11.46,0.1,0.99,0.13,0.96
E07000220,41875,29086,13772,15314,403,5993,3860,2133,5903,5281,174,311,137,490,Rugby,69.46,32.89,36.57,0.96,14.31,9.22,5.09,14.1,12.61,0.42,0.74,0.33,1.17
E07000221,51928,37304,20315,16989,561,6713,594,6119,6596,5885,191,375,145,754,Stratford-on-Avon,71.84,39.12,32.72,1.08,12.93,1.14,11.78,12.7,11.33,0.37,0.72,0.28,1.45
E07000222,58679,39111,19157,19954,510,7866,5337,2529,10513,9786,134,475,118,679,Warwick,66.65,32.65,34.01,0.87,13.41,9.1,4.31,17.92,16.68,0.23,0.81,0.2,1.16
E07000223,26957,19883,10191,9692,154,3523,2652,871,3079,2762,29,266,22,318,Adur,73.76,37.8,35.95,0.57,13.07,9.84,3.23,11.42,10.25,0.11,0.99,0.08,1.18
E07000224,66706,49254,28581,20673,566,5886,3225,2661,10211,9427,95,579,110,789,Arun,73.84,42.85,30.99,0.85,8.82,4.83,3.99,15.31,14.13,0.14,0.87,0.16,1.18
E07000225,49848,33481,20210,13271,455,7407,1084,6323,7423,6356,403,397,267,1082,Chichester,67.17,40.54,26.62,0.91,14.86,2.17,12.68,14.89,12.75,0.81,0.8,0.54,2.17
E07000226,42727,25228,9480,15748,588,10194,7954,2240,6214,5789,43,319,63,503,Crawley,59.04,22.19,36.86,1.38,23.86,18.62,5.24,14.54,13.55,0.1,0.75,0.15,1.18
E07000227,54923,40926,20486,20440,363,6347,672,5675,6480,5772,222,387,99,807,Horsham,74.52,37.3,37.22,0.66,11.56,1.22,10.33,11.8,10.51,0.4,0.7,0.18,1.47
E07000228,57409,42658,20408,22250,561,6092,295,5797,7322,6719,149,375,79,776,Mid Sussex,74.31,35.55,38.76,0.98,10.61,0.51,10.1,12.75,11.7,0.26,0.65,0.14,1.35
E07000229,47044,32621,16373,16248,217,4695,988,3707,9102,8424,65,514,99,409,Worthing,69.34,34.8,34.54,0.46,9.98,2.1,7.88,19.35,17.91,0.14,1.09,0.21,0.87
E07000234,38290,30436,15554,14882,248,3819,1139,2680,3370,3035,58,237,40,417,Bromsgrove,79.49,40.62,38.87,0.65,9.97,2.97,7.0,8.8,7.93,0.15,0.62,0.1,1.09
E07000235,32212,23146,13680,9466,263,4547,558,3989,3720,3339,67,263,51,536,Malvern Hills,71.86,42.47,29.39,0.82,14.12,1.73,12.38,11.55,10.37,0.21,0.82,0.16,1.66
E07000236,34722,22796,9204,13592,134,7351,5703,1648,4059,3700,31,299,29,382,Redditch,65.65,26.51,39.15,0.39,21.17,16.42,4.75,11.69,10.66,0.09,0.86,0.08,1.1
E07000237,42042,27077,12181,14896,436,6438,2356,4082,7645,7093,40,432,80,446,Worcester,64.4,28.97,35.43,1.04,15.31,5.6,9.71,18.18,16.87,0.1,1.03,0.19,1.06
E07000238,49466,35973,19158,16815,225,7166,771,6395,5419,4843,138,352,86,683,Wychavon,72.72,38.73,33.99,0.45,14.49,1.56,12.93,10.95,9.79,0.28,0.71,0.17,1.38
E07000239,42985,30360,16196,14164,259,6205,2885,3320,5660,5155,46,409,50,501,Wyre Forest,70.63,37.68,32.95,0.6,14.44,6.71,7.72,13.17,11.99,0.11,0.95,0.12,1.17
E08000001,116371,74170,35378,38792,605,23825,16575,7250,15930,14555,73,1094,208,1841,Bolton,63.74,30.4,33.33,0.52,20.47,14.24,6.23,13.69,12.51,0.06,0.94,0.18,1.58
E08000002,78113,54395,24839,29556,247,11703,7314,4389,10774,9859,44,780,91,994,Bury,69.64,31.8,37.84,0.32,14.98,9.36,5.62,13.79,12.62,0.06,1.0,0.12,1.27
E08000003,204969,77395,31145,46250,1481,64682,27585,37097,58170,55043,167,2153,807,3241,Manchester,37.76,15.19,22.56,0.72,31.56,13.46,18.1,28.38,26.85,0.08,1.05,0.39,1.58
E08000004,89703,58259,27193,31066,352,18918,8708,10210,10944,9676,57,1018,193,1230,Oldham,64.95,30.31,34.63,0.39,21.09,9.71,11.38,12.2,10.79,0.06,1.13,0.22,1.37
E08000005,87552,54149,24334,29815,340,20247,13671,6576,11556,10511,51,864,130,1260,Rochdale,61.85,27.79,34.05,0.39,23.13,15.61,7.51,13.2,12.01,0.06,0.99,0.15,1.44
E08000006,103556,52126,22603,29523,508,29819,18461,11358,19420,18224,81,872,243,1683,Salford,50.34,21.83,28.51,0.49,28.8,17.83,10.97,18.75,17.6,0.08,0.84,0.23,1.63
E08000007,121979,89316,42761,46555,987,16620,10577,6043,13852,12631,80,1001,140,1204,Stockport,73.22,35.06,38.17,0.81,13.63,8.67,4.95,11.36,10.36,0.07,0.82,0.11,0.99
E08000008,94953,60558,26688,33870,309,20438,4953,15485,12573,11345,63,960,205,1075,Tameside,63.78,28.11,35.67,0.33,21.52,5.22,16.31,13.24,11.95,0.07,1.01,0.22,1.13
E08000009,94484,65440,30322,35118,570,15485,4373,11112,12001,11173,52,656,120,988,Trafford,69.26,32.09,37.17,0.6,16.39,4.63,11.76,12.7,11.83,0.06,0.69,0.13,1.05
E08000010,136386,92559,42446,50113,331,25803,22152,3651,15875,14550,61,1139,125,1818,Wigan,67.87,31.12,36.74,0.24,18.92,16.24,2.68,11.64,10.67,0.04,0.84,0.09,1.33
E08000011,61323,37896,16032,21864,314,16333,7479,8854,5980,5488,17,405,70,800,Knowsley,61.8,26.14,35.65,0.51,26.63,12.2,14.44,9.75,8.95,0.03,0.66,0.11,1.3
E08000012,206515,96947,43803,53144,1096,57485,9868,47617,48290,44912,194,1879,1305,2697,Liverpool,46.94,21.21,25.73,0.53,27.84,4.78,23.06,23.38,21.75,0.09,0.91,0.63,1.31
E08000013,75736,50952,25215,25737,427,15597,4590,11007,7736,7056,35,535,110,1024,St. Helens,67.28,33.29,33.98,0.56,20.59,6.06,14.53,10.21,9.32,0.05,0.71,0.15,1.35
E08000014,117930,83137,42334,40803,664,17063,4911,12152,15804,14552,86,1019,147,1262,Sefton,70.5,35.9,34.6,0.56,14.47,4.16,10.3,13.4,12.34,0.07,0.86,0.12,1.07
E08000015,140583,94843,46806,48037,713,21329,7266,14063,22275,20636,82,1351,206,1423,Wirral,67.46,33.29,34.17,0.51,15.17,5.17,10.0,15.84,14.68,0.06,0.96,0.15,1.01
E08000016,100734,64807,30778,34029,445,21032,17831,3201,12856,11812,76,837,131,1594,Barnsley,64.33,30.55,33.78,0.44,20.88,17.7,3.18,12.76,11.73,0.08,0.83,0.13,1.58
E08000017,126487,82760,39253,43507,418,22403,19173,3230,18774,17084,159,1371,160,2132,Doncaster,65.43,31.03,34.4,0.33,17.71,15.16,2.55,14.84,13.51,0.13,1.08,0.13,1.69
E08000018,108293,70610,33031,37579,309,23289,19436,3853,12262,11153,74,880,155,1823,Rotherham,65.2,30.5,34.7,0.29,21.51,17.95,3.56,11.32,10.3,0.07,0.81,0.14,1.68
E08000019,229928,134127,62329,71798,881,56917,40725,16192,35760,32605,213,2081,861,2243,Sheffield,58.33,27.11,31.23,0.38,24.75,17.71,7.04,15.55,14.18,0.09,0.91,0.37,0.98
E08000021,117153,57955,26258,31697,489,34850,27340,7510,22318,20462,113,1236,507,1541,Newcastle upon Tyne,49.47,22.41,27.06,0.42,29.75,23.34,6.41,19.05,17.47,0.1,1.06,0.43,1.32
E08000022,91295,59136,25611,33525,374,19677,14610,5067,11300,10146,77,969,108,808,North Tyneside,64.77,28.05,36.72,0.41,21.55,16.0,5.55,12.38,11.11,0.08,1.06,0.12,0.89
E08000023,67167,38333,17003,21330,297,21204,16967,4237,6758,6040,41,597,80,575,South Tyneside,57.07,25.31,31.76,0.44,31.57,25.26,6.31,10.06,8.99,0.06,0.89,0.12,0.86
E08000024,119758,71566,32419,39147,352,32399,16725,15674,14552,13077,91,1053,331,889,Sunderland,59.76,27.07,32.69,0.29,27.05,13.97,13.09,12.15,10.92,0.08,0.88,0.28,0.74
E08000025,410736,226616,106416,120200,3940,99592,63458,36134,73405,68647,366,3398,994,7183,Birmingham,55.17,25.91,29.26,0.96,24.25,15.45,8.8,17.87,16.71,0.09,0.83,0.24,1.75
E08000026,128592,77880,37644,40236,750,21914,6988,14926,26503,24461,118,1371,553,1545,Coventry,60.56,29.27,31.29,0.58,17.04,5.43,11.61,20.61,19.02,0.09,1.07,0.43,1.2
E08000027,129867,89304,45383,43921,707,25719,21874,3845,12004,10938,105,818,143,2133,Dudley,68.77,34.95,33.82,0.54,19.8,16.84,2.96,9.24,8.42,0.08,0.63,0.11,1.64
E08000028,121498,69135,32253,36882,701,33439,27587,5852,15674,14583,88,822,181,2549,Sandwell,56.9,26.55,30.36,0.58,27.52,22.71,4.82,12.9,12.0,0.07,0.68,0.15,2.1
E08000029,86056,63559,32227,31332,527,12834,10199,2635,8502,7795,63,559,85,634,Solihull,73.86,37.45,36.41,0.61,14.91,11.85,3.06,9.88,9.06,0.07,0.65,0.1,0.74
E08000030,107822,67265,33516,33749,601,25967,10774,15193,12569,11533,65,770,201,1420,Walsall,62.39,31.08,31.3,0.56,24.08,9.99,14.09,11.66,10.7,0.06,0.71,0.19,1.32
E08000031,102177,57812,29416,28396,419,28648,22796,5852,13455,12517,79,666,193,1843,Wolverhampton,56.58,28.79,27.79,0.41,28.04,22.31,5.73,13.17,12.25,0.08,0.65,0.19,1.8
E08000032,199296,129550,58487,71063,1165,29513,11729,17784,36070,33135,162,2273,500,2998,Bradford,65.0,29.35,35.66,0.58,14.81,5.89,8.92,18.1,16.63,0.08,1.14,0.25,1.5
E08000033,88621,58981,27671,31310,397,13494,4753,8741,14545,13114,98,1141,192,1204,Calderdale,66.55,31.22,35.33,0.45,15.23,5.36,9.86,16.41,14.8,0.11,1.29,0.22,1.36
E08000034,173525,116361,55569,60792,612,26525,20886,5639,26941,24523,156,1971,291,3086,Kirklees,67.06,32.02,35.03,0.35,15.29,12.04,3.25,15.53,14.13,0.09,1.14,0.17,1.78
E08000035,320596,186467,83385,103082,1442,70377,54122,16255,57456,53599,265,2901,691,4854,Leeds,58.16,26.01,32.15,0.45,21.95,16.88,5.07,17.92,16.72,0.08,0.9,0.22,1.51
E08000036,140414,89291,40766,48525,650,33129,24136,8993,16017,14383,122,1281,231,1327,Wakefield,63.59,29.03,34.56,0.46,23.59,17.19,6.4,11.41,10.24,0.09,0.91,0.16,0.95
E09000001,4385,1855,1093,762,13,725,458,267,1573,1451,16,61,45,219,City of London,42.3,24.93,17.38,0.3,16.53,10.44,6.09,35.87,33.09,0.36,1.39,1.03,4.99
E09000002,69681,32324,11908,20416,906,23459,19782,3677,12328,11559,39,555,175,664,Barking and Dagenham,46.39,17.09,29.3,1.3,33.67,28.39,5.28,17.69,16.59,0.06,0.8,0.25,0.95
E09000003,135916,78350,38105,40245,1191,19334,11664,7670,34854,33175,240,1073,366,2187,Barnet,57.65,28.04,29.61,0.88,14.22,8.58,5.64,25.64,24.41,0.18,0.79,0.27,1.61
E09000004,92604,67154,30127,37027,754,13377,1693,11684,10556,9721,42,688,105,763,Bexley,72.52,32.53,39.98,0.81,14.45,1.83,12.62,11.4,10.5,0.05,0.74,0.11,0.82
E09000005,110286,47324,22416,24908,1636,26591,10686,15905,33181,31784,126,855,416,1554,Brent,42.91,20.33,22.58,1.48,24.11,9.69,14.42,30.09,28.82,0.11,0.78,0.38,1.41
E09000006,130862,92785,43649,49136,1036,18425,1987,16438,17393,16229,163,826,175,1223,Bromley,70.9,33.35,37.55,0.79,14.08,1.52,12.56,13.29,12.4,0.12,0.63,0.13,0.93
E09000007,97534,31368,16644,14724,674,32295,22473,9822,31434,29706,282,981,465,1763,Camden,32.16,17.06,15.1,0.69,33.11,23.04,10.07,32.23,30.46,0.29,1.01,0.48,1.81
E09000008,145010,85230,34882,50348,1855,25887,14362,11525,30472,28762,181,1212,317,1566,Croydon,58.78,24.05,34.72,1.28,17.85,9.9,7.95,21.01,19.83,0.12,0.84,0.22,1.08
E09000009,124082,63420,28414,35006,2174,22472,13007,9465,34182,32696,143,989,354,1834,Ealing,51.11,22.9,28.21,1.75,18.11,10.48,7.63,27.55,26.35,0.12,0.8,0.29,1.48
E09000010,119916,69462,31452,38010,1087,21073,13666,7407,26591,25395,128,785,283,1703,Enfield,57.93,26.23,31.7,0.91,17.57,11.4,6.18,22.17,21.18,0.11,0.65,0.24,1.42
E09000011,101045,43719,16585,27134,1580,34662,22878,11784,20004,18678,217,772,337,1080,Greenwich,43.27,16.41,26.85,1.56,34.3,22.64,11.66,19.8,18.48,0.21,0.76,0.33,1.07
E09000012,101690,24179,8597,15582,2374,44430,24163,20267,29449,28112,79,947,311,1258,Hackney,23.78,8.45,15.32,2.33,43.69,23.76,19.93,28.96,27.64,0.08,0.93,0.31,1.24
E09000013,80590,27397,12777,14620,1257,25133,12683,12450,25555,24215,132,949,259,1248,Hammersmith and Fulham,34.0,15.85,18.14,1.56,31.19,15.74,15.45,31.71,30.05,0.16,1.18,0.32,1.55
E09000014,101955,39603,16326,23277,1533,27242,17288,9954,32095,30924,109,737,325,1482,Haringey,38.84,16.01,22.83,1.5,26.72,16.96,9.76,31.48,30.33,0.11,0.72,0.32,1.45
E09000015,84268,55001,26246,28755,821,8923,5157,3766,18324,17165,210,681,268,1199,Harrow,65.27,31.15,34.12,0.97,10.59,6.12,4.47,21.74,20.37,0.25,0.81,0.32,1.42
E09000016,97199,71698,34625,37073,586,13799,10464,3335,10337,9601,60,586,90,779,Havering,73.76,35.62,38.14,0.6,14.2,10.77,3.43,10.63,9.88,0.06,0.6,0.09,0.8
E09000017,100214,63011,27921,35090,1280,16752,10481,6271,18141,16691,433,642,375,1030,Hillingdon,62.88,27.86,35.02,1.28,16.72,10.46,6.26,18.1,16.66,0.43,0.64,0.37,1.03
E09000018,94902,47562,20048,27514,2245,21682,14296,7386,22206,21099,127,718,262,1207,Hounslow,50.12,21.12,28.99,2.37,22.85,15.06,7.78,23.4,22.23,0.13,0.76,0.28,1.27
E09000019,93556,26564,10587,15977,1207,39342,25014,14328,25217,23954,99,852,312,1226,Islington,28.39,11.32,17.08,1.29,42.05,26.74,15.31,26.95,25.6,0.11,0.91,0.33,1.31
E09000020,78536,28007,17933,10074,700,19271,7201,12070,28108,26676,318,724,390,2450,Kensington and Chelsea,35.66,22.83,12.83,0.89,24.54,9.17,15.37,35.79,33.97,0.4,0.92,0.5,3.12
E09000021,63639,40762,17727,23035,434,7502,5252,2250,14312,13391,172,525,224,629,Kingston upon Thames,64.05,27.86,36.2,0.68,11.79,8.25,3.54,22.49,21.04,0.27,0.82,0.35,0.99
E09000022,130017,42885,14778,28107,1987,45619,25496,20123,38133,36023,248,1389,473,1393,Lambeth,32.98,11.37,21.62,1.53,35.09,19.61,15.48,29.33,27.71,0.19,1.07,0.36,1.07
E09000023,116091,49228,17273,31955,1436,36052,18084,17968,28216,26665,89,1139,323,1159,Lewisham,42.4,14.88,27.53,1.24,31.05,15.58,15.48,24.31,22.97,0.08,0.98,0.28,1.0
E09000024,78757,46689,20160,26529,671,11102,2887,8215,19503,18478,97,749,179,792,Merton,59.28,25.6,33.68,0.85,14.1,3.67,10.43,24.76,23.46,0.12,0.95,0.23,1.01
E09000025,101519,33822,12993,20829,1806,30092,18592,11500,34570,33118,98,871,483,1229,Newham,33.32,12.8,20.52,1.78,29.64,18.31,11.33,34.05,32.62,0.1,0.86,0.48,1.21
E09000026,99105,62983,27911,35072,1003,11289,6269,5020,22657,21441,85,915,216,1173,Redbridge,63.55,28.16,35.39,1.01,11.39,6.33,5.07,22.86,21.63,0.09,0.92,0.22,1.18
E09000027,79835,50750,23756,26994,601,10051,2451,7600,17440,16410,176,643,211,993,Richmond upon Thames,63.57,29.76,33.81,0.75,12.59,3.07,9.52,21.85,20.55,0.22,0.81,0.26,1.24
E09000028,120422,35330,11805,23525,2453,52644,37628,15016,28493,26752,212,1132,397,1502,Southwark,29.34,9.8,19.54,2.04,43.72,31.25,12.47,23.66,22.22,0.18,0.94,0.33,1.25
E09000029,78174,53152,22357,30795,611,11422,6421,5001,12429,11671,76,589,93,560,Sutton,67.99,28.6,39.39,0.78,14.61,8.21,6.4,15.9,14.93,0.1,0.75,0.12,0.72
E09000030,101257,24552,8648,15904,2383,40106,17548,22558,32964,31227,151,965,621,1252,Tower Hamlets,24.25,8.54,15.71,2.35,39.61,17.33,22.28,32.55,30.84,0.15,0.95,0.61,1.24
E09000031,96861,48361,19396,28965,1018,21376,10401,10975,25102,23919,104,780,299,1004,Waltham Forest,49.93,20.02,29.9,1.05,22.07,10.74,11.33,25.92,24.69,0.11,0.81,0.31,1.04
E09000032,130493,59393,24067,35326,1911,26516,16752,9764,41317,39171,284,1536,326,1356,Wandsworth,45.51,18.44,27.07,1.46,20.32,12.84,7.48,31.66,30.02,0.22,1.18,0.25,1.04
E09000033,105772,32287,18692,13595,885,27348,12543,14805,41949,39732,474,1071,672,3303,Westminster,30.53,17.67,12.85,0.84,25.86,11.86,14.0,39.66,37.56,0.45,1.01,0.64,3.12
W06000001,30594,20971,12444,8527,63,4487,3899,588,4324,3699,104,410,111,749,Isle of Anglesey,68.55,40.67,27.87,0.21,14.67,12.74,1.92,14.13,12.09,0.34,1.34,0.36,2.45
W06000002,52473,34324,21168,13156,171,8561,4385,4176,8060,6978,134,775,173,1357,Gwynedd,65.41,40.34,25.07,0.33,16.32,8.36,7.96,15.36,13.3,0.26,1.48,0.33,2.59
W06000003,51177,35501,20409,15092,378,5946,2592,3354,8534,7729,67,624,114,818,Conwy,69.37,39.88,29.49,0.74,11.62,5.06,6.55,16.68,15.1,0.13,1.22,0.22,1.6
W06000004,40546,27792,14937,12855,267,5325,3283,2042,6446,5798,83,502,63,716,Denbighshire,68.54,36.84,31.7,0.66,13.13,8.1,5.04,15.9,14.3,0.2,1.24,0.16,1.77
W06000005,63781,46451,22397,24054,340,9651,7209,2442,6729,5914,53,676,86,610,Flintshire,72.83,35.12,37.71,0.53,15.13,11.3,3.83,10.55,9.27,0.08,1.06,0.13,0.96
W06000006,57029,36272,17364,18908,211,12803,10942,1861,6775,6062,70,568,75,968,Wrexham,63.6,30.45,33.16,0.37,22.45,19.19,3.26,11.88,10.63,0.12,1.0,0.13,1.7
W06000008,31562,21323,13821,7502,110,3196,1008,2188,6275,5653,62,409,151,658,Ceredigion,67.56,43.79,23.77,0.35,10.13,3.19,6.93,19.88,17.91,0.2,1.3,0.48,2.08
W06000009,53122,36558,22307,14251,140,8312,5822,2490,7188,6180,196,682,130,924,Pembrokeshire,68.82,41.99,26.83,0.26,15.65,10.96,4.69,13.53,11.63,0.37,1.28,0.24,1.74
W06000010,78829,56326,32648,23678,178,11672,8833,2839,9301,8196,98,851,156,1352,Carmarthenshire,71.45,41.42,30.04,0.23,14.81,11.21,3.6,11.8,10.4,0.12,1.08,0.2,1.72
W06000011,103497,66259,34576,31683,308,19878,13104,6774,15260,13688,89,1245,238,1792,Swansea,64.02,33.41,30.61,0.3,19.21,12.66,6.55,14.74,13.23,0.09,1.2,0.23,1.73
W06000012,60393,41479,21976,19503,111,11545,7496,4049,6186,5404,41,655,86,1072,Neath Port Talbot,68.68,36.39,32.29,0.18,19.12,12.41,6.7,10.24,8.95,0.07,1.08,0.14,1.78
W06000013,58515,42348,20459,21889,143,8099,2332,5767,7188,6310,54,713,111,737,Bridgend,72.37,34.96,37.41,0.24,13.84,3.99,9.86,12.28,10.78,0.09,1.22,0.19,1.26
W06000014,53505,38647,18954,19693,125,6354,4025,2329,7813,6780,226,630,177,566,Vale of Glamorgan,72.23,35.42,36.81,0.23,11.88,7.52,4.35,14.6,12.67,0.42,1.18,0.33,1.06
W06000015,142557,84262,37788,46474,639,24374,13547,10827,31220,28972,145,1717,386,2062,Cardiff,59.11,26.51,32.6,0.45,17.1,9.5,7.59,21.9,20.32,0.1,1.2,0.27,1.45
W06000016,99663,70760,36338,34422,150,13673,6836,6837,13604,12334,45,1088,137,1476,Rhondda Cynon Taf,71.0,36.46,34.54,0.15,13.72,6.86,6.86,13.65,12.38,0.05,1.09,0.14,1.48
W06000018,74479,51632,24188,27444,216,13962,10464,3498,7995,7178,32,712,73,674,Caerphilly,69.32,32.48,36.85,0.29,18.75,14.05,4.7,10.73,9.64,0.04,0.96,0.1,0.9
W06000019,30416,18884,10019,8865,40,7284,3364,3920,3892,3480,19,303,90,316,Blaenau Gwent,62.09,32.94,29.15,0.13,23.95,11.06,12.89,12.8,11.44,0.06,1.0,0.3,1.04
W06000020,38524,25518,12176,13342,199,9100,3840,5260,3315,2894,16,331,74,392,Torfaen,66.24,31.61,34.63,0.52,23.62,9.97,13.65,8.61,7.51,0.04,0.86,0.19,1.02
W06000021,38233,28142,15269,12873,141,5288,1590,3698,4130,3651,68,347,64,532,Monmouthshire,73.61,39.94,33.67,0.37,13.83,4.16,9.67,10.8,9.55,0.18,0.91,0.17,1.39
W06000022,61172,39272,18229,21043,325,12122,5981,6141,8572,7870,54,510,138,881,Newport,64.2,29.8,34.4,0.53,19.82,9.78,10.04,14.01,12.87,0.09,0.83,0.23,1.44
W06000023,58345,40090,25626,14464,179,8161,5371,2790,8638,7522,207,742,167,1277,Powys,68.71,43.92,24.79,0.31,13.99,9.21,4.78,14.81,12.89,0.35,1.27,0.29,2.19
W06000024,24264,15843,8277,7566,42,5118,2379,2739,2809,2500,25,232,52,452,Merthyr Tydfil,65.29,34.11,31.18,0.17,21.09,9.8,11.29,11.58,10.3,0.1,0.96,0.21,1.86
