geo_code,total_16_74,employed_parttime,employed_fulltime,self_employed,unemployed,active_student,inactive_retired,inactive_student,inactive_home,inactive_sick,inactive_other,Unemployed: Age 16 to 24,Unemployed: Age 50 to 74,Unemployed: Never worked,Long-term unemployed,employed_total,inactive_total,area_name,pct_employed_parttime,pct_employed_fulltime,pct_self_employed,pct_unemployed,pct_active_student,pct_inactive_retired,pct_inactive_student,pct_inactive_home,pct_inactive_sick,pct_inactive_other,pct_Unemployed: Age 16 to 24,pct_Unemployed: Age 50 to 74,pct_Unemployed: Never worked,pct_Long-term unemployed,pct_employed_total,pct_inactive_total
E06000001,66804,10092,22635,3805,5194,1787,10621,3042,3265,4733,1630,1586,859,969,2089,36532,23291,Hartlepool,15.11,33.88,5.7,7.77,2.67,15.9,4.55,4.89,7.08,2.44,2.37,1.29,1.45,3.13,54.69,34.86
E06000002,100551,15063,31301,5171,7631,4416,13922,7453,5569,6841,3184,2296,1273,1709,3070,51535,36969,Middlesbrough,14.98,31.13,5.14,7.59,4.39,13.85,7.41,5.54,6.8,3.17,2.28,1.27,1.7,3.05,51.25,36.77
E06000003,99177,15322,33372,5864,6533,2439,19206,4142,4361,5869,2069,2052,1204,1225,2692,54558,35647,Redcar and Cleveland,15.45,33.65,5.91,6.59,2.46,19.37,4.18,4.4,5.92,2.09,2.07,1.21,1.24,2.71,55.01,35.94
E06000004,140654,22070,52927,8941,8075,4246,20767,7277,5911,6861,3579,2431,1413,1464,3345,83938,44395,Stockton-on-Tees,15.69,37.63,6.36,5.74,3.02,14.76,5.17,4.2,4.88,2.54,1.73,1.0,1.04,2.38,59.68,31.56
E06000005,76635,11555,30337,5595,4002,1954,12214,2742,3081,3737,1418,1260,724,629,1613,47487,23192,Darlington,15.08,39.59,7.3,5.22,2.55,15.94,3.58,4.02,4.88,1.85,1.64,0.94,0.82,2.1,61.97,30.26
E06000006,92708,13102,37219,5420,5151,2519,13332,3858,3900,6451,1756,1648,878,799,1993,55741,29297,Halton,14.13,40.15,5.85,5.56,2.72,14.38,4.16,4.21,6.96,1.89,1.78,0.95,0.86,2.15,60.13,31.6
E06000007,149461,21782,63875,11617,5961,4530,22189,5441,4917,6063,3086,1759,1121,663,2263,97274,41696,Warrington,14.57,42.74,7.77,3.99,3.03,14.85,3.64,3.29,4.06,2.06,1.18,0.75,0.44,1.51,65.08,27.9
E06000008,104417,14535,35597,7997,5575,3329,13248,6065,7061,7378,3632,1627,808,1091,2219,58129,37384,Blackburn with Darwen,13.92,34.09,7.66,5.34,3.19,12.69,5.81,6.76,7.07,3.48,1.56,0.77,1.04,2.13,55.67,35.8
E06000009,103813,14836,34230,9960,6337,3177,16807,3809,3943,8228,2486,1872,1081,801,2557,59026,35273,Blackpool,14.29,32.97,9.59,6.1,3.06,16.19,3.67,3.8,7.93,2.39,1.8,1.04,0.77,2.46,56.86,33.98
E06000010,190610,28041,68035,9814,15296,6944,23025,13243,9482,11524,5206,4301,2311,2624,7003,105890,62480,"Kingston upon Hull, City of",14.71,35.69,5.15,8.02,3.64,12.08,6.95,4.97,6.05,2.73,2.26,1.21,1.38,3.67,55.55,32.78
E06000011,245594,37856,90761,24834,8795,6614,47790,9149,7849,7720,4226,2451,2006,1082,3392,153451,76734,East Riding of Yorkshire,15.41,36.96,10.11,3.58,2.69,19.46,3.73,3.2,3.14,1.72,1.0,0.82,0.44,1.38,62.48,31.24
E06000012,115823,19086,42039,7484,7486,3132,18018,4825,5635,5612,2506,2313,1299,1118,3143,68609,36596,North East Lincolnshire,16.48,36.3,6.46,6.46,2.7,15.56,4.17,4.87,4.85,2.16,2.0,1.12,0.97,2.71,59.24,31.6
E06000013,122329,18768,48278,8869,5869,2884,20296,4569,5433,5151,2212,1762,1080,952,2355,75915,37661,North Lincolnshire,15.34,39.47,7.25,4.8,2.36,16.59,3.74,4.44,4.21,1.81,1.44,0.88,0.78,1.93,62.06,30.79
E06000014,149789,22487,57032,12328,4582,8516,20688,14387,4107,3678,1984,1341,894,485,1662,91847,44844,York,15.01,38.07,8.23,3.06,5.69,13.81,9.6,2.74,2.46,1.32,0.9,0.6,0.32,1.11,61.32,29.94
E06000015,179291,26310,68979,11657,9297,7448,22925,11237,8595,8574,4269,2961,1277,1760,3668,106946,55600,Derby,14.67,38.47,6.5,5.19,4.15,12.79,6.27,4.79,4.78,2.38,1.65,0.71,0.98,2.05,59.65,31.01
E06000016,242232,33341,80780,14021,14982,13301,22435,27604,15035,12397,8336,3920,2530,3165,6109,128142,85807,Leicester,13.76,33.35,5.79,6.18,5.49,9.26,11.4,6.21,5.12,3.44,1.62,1.04,1.31,2.52,52.9,35.42
E06000017,27052,3847,10314,3348,643,606,4579,1568,878,463,806,165,187,69,245,17509,8294,Rutland,14.22,38.13,12.38,2.38,2.24,16.93,5.8,3.25,1.71,2.98,0.61,0.69,0.26,0.91,64.72,30.66
E06000018,232072,27605,72252,13004,14775,14691,21144,37733,10854,13161,6853,4359,2075,2879,5834,112861,89745,Nottingham,11.9,31.13,5.6,6.37,6.33,9.11,16.26,4.68,5.67,2.95,1.88,0.89,1.24,2.51,48.63,38.67
E06000019,133442,20345,48094,19151,4353,3171,22149,4845,4636,4600,2098,1308,976,493,1630,87590,38328,"Herefordshire, County of",15.25,36.04,14.35,3.26,2.38,16.6,3.63,3.47,3.45,1.57,0.98,0.73,0.37,1.22,65.64,28.72
E06000020,122279,16530,50567,8588,5806,3456,16798,6213,5923,6001,2397,1826,859,833,2359,75685,37332,Telford and Wrekin,13.52,41.35,7.02,4.75,2.83,13.74,5.08,4.84,4.91,1.96,1.49,0.7,0.68,1.93,61.9,30.53
E06000021,182808,24732,67097,11440,9715,6759,26108,10260,8553,13223,4921,2993,1442,1589,3851,103269,63065,Stoke-on-Trent,13.53,36.7,6.26,5.31,3.7,14.28,5.61,4.68,7.23,2.69,1.64,0.79,0.87,2.11,56.49,34.5
E06000022,130550,18818,46367,14306,3548,6713,17896,13209,4289,3610,1794,969,736,388,1292,79491,40798,Bath and North East Somerset,14.41,35.52,10.96,2.72,5.14,13.71,10.12,3.29,2.77,1.37,0.74,0.56,0.3,0.99,60.89,31.25
E06000023,321506,42980,127829,27106,13817,15387,31534,28932,12556,13973,7392,3752,2179,2095,5134,197915,94387,"Bristol, City of",13.37,39.76,8.43,4.3,4.79,9.81,9.0,3.91,4.35,2.3,1.17,0.68,0.65,1.6,61.56,29.36
E06000024,145352,23117,55596,15426,4350,4118,25366,4591,5082,5607,2099,1112,1039,377,1590,94139,42745,North Somerset,15.9,38.25,10.61,2.99,2.83,17.45,3.16,3.5,3.86,1.44,0.77,0.71,0.26,1.09,64.77,29.41
E06000025,192468,31453,82489,17147,5354,6755,27390,7885,6244,4872,2879,1563,1046,565,1884,131089,49270,South Gloucestershire,16.34,42.86,8.91,2.78,3.51,14.23,4.1,3.24,2.53,1.5,0.81,0.54,0.29,0.98,68.11,25.6
E06000026,191786,28356,69234,13116,8136,8900,27019,16060,7482,10042,3441,2678,1379,1115,3009,110706,64044,Plymouth,14.79,36.1,6.84,4.24,4.64,14.09,8.37,3.9,5.24,1.79,1.4,0.72,0.58,1.57,57.72,33.39
E06000027,94000,14782,29537,10747,4275,2454,18416,3032,3624,5454,1679,1247,977,443,1670,55066,32205,Torbay,15.73,31.42,11.43,4.55,2.61,19.59,3.23,3.86,5.8,1.79,1.33,1.04,0.47,1.78,58.58,34.26
E06000030,154080,22137,71912,12061,6518,4411,17868,4895,6301,5271,2706,1721,1297,797,2487,106110,37041,Swindon,14.37,46.67,7.83,4.23,2.86,11.6,3.18,4.09,3.42,1.76,1.12,0.84,0.52,1.61,68.87,24.04
E06000031,132318,18654,56704,10012,6691,3585,15323,5104,7270,5484,3491,2008,1121,1129,2516,85370,36672,Peterborough,14.1,42.85,7.57,5.06,2.71,11.58,3.86,5.49,4.14,2.64,1.52,0.85,0.85,1.9,64.52,27.72
E06000032,145208,18407,53271,12198,8337,8059,14336,10703,9660,5496,4741,2097,1340,1648,3186,83876,44936,Luton,12.68,36.69,8.4,5.74,5.55,9.87,7.37,6.65,3.78,3.26,1.44,0.92,1.13,2.19,57.76,30.95
E06000033,125007,17949,47972,12801,6209,3393,17655,4769,6298,5311,2650,1661,1191,773,2607,78722,36683,Southend-on-Sea,14.36,38.38,10.24,4.97,2.71,14.12,3.81,5.04,4.25,2.12,1.33,0.95,0.62,2.09,62.97,29.34
E06000034,114124,16370,48620,10161,6190,3123,13377,3987,5903,4037,2356,1718,1030,946,2553,75151,29660,Thurrock,14.34,42.6,8.9,5.42,2.74,11.72,3.49,5.17,3.54,2.06,1.51,0.9,0.83,2.24,65.85,25.99
E06000035,194158,27137,77912,16876,9469,6560,24738,9912,10105,7334,4115,2982,1710,1449,3818,121925,56204,Medway,13.98,40.13,8.69,4.88,3.38,12.74,5.11,5.2,3.78,2.12,1.54,0.88,0.75,1.97,62.8,28.95
E06000036,83116,11066,40762,8167,2808,2334,8496,3007,3450,1770,1256,742,626,281,1058,59995,17979,Bracknell Forest,13.31,49.04,9.83,3.38,2.81,10.22,3.62,4.15,2.13,1.51,0.89,0.75,0.34,1.27,72.18,21.63
E06000037,112054,15567,51084,12691,3279,2780,14094,3799,4769,2420,1571,850,839,311,1210,79342,26653,West Berkshire,13.89,45.59,11.33,2.93,2.48,12.58,3.39,4.26,2.16,1.4,0.76,0.75,0.28,1.08,70.81,23.79
E06000038,116808,13883,52054,9238,5329,5825,10001,9297,5334,3227,2620,1268,928,812,2195,75175,30479,Reading,11.89,44.56,7.91,4.56,4.99,8.56,7.96,4.57,2.76,2.24,1.09,0.79,0.7,1.88,64.36,26.09
E06000039,100458,11886,43610,8926,5440,3957,7517,5813,6555,3388,3366,1303,865,1014,2121,64422,26639,Slough,11.83,43.41,8.89,5.42,3.94,7.48,5.79,6.53,3.37,3.35,1.3,0.86,1.01,2.11,64.13,26.52
E06000040,104247,12727,46337,12903,3292,2391,13366,4598,5016,1834,1783,802,768,361,1243,71967,26597,Windsor and Maidenhead,12.21,44.45,12.38,3.16,2.29,12.82,4.41,4.81,1.76,1.71,0.77,0.74,0.35,1.19,69.04,25.51
E06000041,112273,15282,51260,12081,2958,3331,14976,4441,4799,1742,1403,724,757,335,1035,78623,27361,Wokingham,13.61,45.66,10.76,2.63,2.97,13.34,3.96,4.27,1.55,1.25,0.64,0.67,0.3,0.92,70.03,24.37
E06000042,181385,23644,84004,15731,8640,5698,18654,7143,8338,5810,3723,2056,1720,986,3364,123379,43668,Milton Keynes,13.04,46.31,8.67,4.76,3.14,10.28,3.94,4.6,3.2,2.05,1.13,0.95,0.54,1.85,68.02,24.07
E06000043,210792,27492,75999,27241,7818,12303,19625,20567,7249,8813,3685,1968,1345,863,3023,130732,59939,Brighton and Hove,13.04,36.05,12.92,3.71,5.84,9.31,9.76,3.44,4.18,1.75,0.93,0.64,0.41,1.43,62.02,28.44
E06000044,153705,20626,57743,11551,6536,9378,16385,16380,6297,5813,2996,1694,1221,810,2730,89920,47871,Portsmouth,13.42,37.57,7.52,4.25,6.1,10.66,10.66,4.1,3.78,1.95,1.1,0.79,0.53,1.78,58.5,31.14
E06000045,180201,22856,68082,12964,7631,11660,17775,20857,7449,7330,3597,2191,1217,1117,2958,103902,57008,Southampton,12.68,37.78,7.19,4.23,6.47,9.86,11.57,4.13,4.07,2.0,1.22,0.68,0.62,1.64,57.66,31.64
E06000046,99747,15728,30353,11553,4386,2198,20478,3661,3933,4504,2953,1310,935,417,1764,57634,35529,Isle of Wight,15.77,30.43,11.58,4.4,2.2,20.53,3.67,3.94,4.52,2.96,1.31,0.94,0.42,1.77,57.78,35.62
E06000047,383796,50595,143922,25309,17013,10262,65444,23837,14190,24887,8337,5615,2917,2989,6724,219826,136695,County Durham,13.18,37.5,6.59,4.43,2.67,17.05,6.21,3.7,6.48,2.17,1.46,0.76,0.78,1.75,57.28,35.62
E06000049,270953,38940,106863,29056,8742,7652,46446,11341,9591,8327,3995,2292,2075,1002,3412,174859,79700,Cheshire East,14.37,39.44,10.72,3.23,2.82,17.14,4.19,3.54,3.07,1.47,0.85,0.77,0.37,1.26,64.53,29.41
E06000050,243155,36206,95642,21856,8949,8125,39893,10746,8620,9574,3544,2520,1859,1028,3351,153704,72377,Cheshire West and Chester,14.89,39.33,8.99,3.68,3.34,16.41,4.42,3.55,3.94,1.46,1.04,0.76,0.42,1.38,63.21,29.77
E06000051,223892,34760,83106,28535,7350,5232,37833,8764,7529,7237,3546,2187,1569,856,2837,146401,64909,Shropshire,15.53,37.12,12.74,3.28,2.34,16.9,3.91,3.36,3.23,1.58,0.98,0.7,0.38,1.27,65.39,28.99
E06000052,388858,59778,123195,53013,12694,10804,73605,16726,15517,16980,6546,3831,2876,1282,4529,235986,129374,Cornwall,15.37,31.68,13.63,3.26,2.78,18.93,4.3,3.99,4.37,1.68,0.99,0.74,0.33,1.16,60.69,33.27
E06000053,1622,220,653,433,18,7,209,13,26,14,29,1,8,1,7,1306,291,Isles of Scilly,13.56,40.26,26.7,1.11,0.43,12.89,0.8,1.6,0.86,1.79,0.06,0.49,0.06,0.43,80.52,17.94
E06000054,339595,50806,143218,38102,9999,8667,49893,11119,13554,9102,5135,2877,2256,1037,3666,232126,88803,Wiltshire,14.96,42.17,11.22,2.94,2.55,14.69,3.27,3.99,2.68,1.51,0.85,0.66,0.31,1.08,68.35,26.15
E06000055,113764,15841,45943,10826,5060,4112,14517,6231,4918,3749,2567,1314,1037,733,1969,72610,31982,Bedford,13.92,40.38,9.52,4.45,3.61,12.76,5.48,4.32,3.3,2.26,1.16,0.91,0.64,1.73,63.83,28.11
E06000056,186658,26069,81304,20472,6443,5237,25111,7768,7346,4409,2499,1708,1548,711,2474,127845,47133,Central Bedfordshire,13.97,43.56,10.97,3.45,2.81,13.45,4.16,3.94,2.36,1.34,0.92,0.83,0.38,1.33,68.49,25.25
E07000008,98283,10001,37350,7291,2641,5603,7001,21463,2949,2437,1547,648,441,305,1044,54642,35397,Cambridge,10.18,38.0,7.42,2.69,5.7,7.12,21.84,3.0,2.48,1.57,0.66,0.45,0.31,1.06,55.6,36.02
E07000009,60714,8811,26726,7227,1747,1409,8224,1784,2531,1438,817,476,414,180,659,42764,14794,East Cambridgeshire,14.51,44.02,11.9,2.88,2.32,13.55,2.94,4.17,2.37,1.35,0.78,0.68,0.3,1.09,70.44,24.37
E07000010,69258,9701,27304,6408,2931,1485,11869,2146,2954,3100,1360,895,565,433,1247,43413,21429,Fenland,14.01,39.42,9.25,4.23,2.14,17.14,3.1,4.27,4.48,1.96,1.29,0.82,0.63,1.8,62.68,30.94
E07000011,125346,17780,56515,11912,3957,3317,17677,4002,4746,3112,2328,1180,907,434,1446,86207,31865,Huntingdonshire,14.18,45.09,9.5,3.16,2.65,14.1,3.19,3.79,2.48,1.86,0.94,0.72,0.35,1.15,68.78,25.42
E07000012,107779,15597,48499,12512,2499,2972,14045,4295,3875,2133,1352,613,643,225,891,76608,25700,South Cambridgeshire,14.47,45.0,11.61,2.32,2.76,13.03,3.99,3.6,1.98,1.25,0.57,0.6,0.21,0.83,71.08,23.85
E07000026,70978,11615,25912,7306,2553,1518,13422,2128,2274,3215,1035,781,482,378,992,44833,22074,Allerdale,16.36,36.51,10.29,3.6,2.14,18.91,3.0,3.2,4.53,1.46,1.1,0.68,0.53,1.4,63.16,31.1
E07000027,51103,8470,18723,3155,2365,1184,9168,1613,1813,3720,892,781,399,356,864,30348,17206,Barrow-in-Furness,16.57,36.64,6.17,4.63,2.32,17.94,3.16,3.55,7.28,1.75,1.53,0.78,0.7,1.69,59.39,33.67
E07000028,79531,13295,31161,7311,2847,2596,12331,2778,2314,3711,1187,902,512,339,1112,51767,22321,Carlisle,16.72,39.18,9.19,3.58,3.26,15.5,3.49,2.91,4.67,1.49,1.13,0.64,0.43,1.4,65.09,28.07
E07000029,52702,7984,20525,3675,2235,916,9657,1596,1922,2872,1320,716,437,403,816,32184,17367,Copeland,15.15,38.95,6.97,4.24,1.74,18.32,3.03,3.65,5.45,2.5,1.36,0.83,0.76,1.55,61.07,32.95
E07000030,38735,6191,13651,6685,822,1064,6822,1070,923,1067,440,256,215,62,268,26527,10322,Eden,15.98,35.24,17.26,2.12,2.75,17.61,2.76,2.38,2.75,1.14,0.66,0.56,0.16,0.69,68.48,26.65
E07000031,75831,12015,26863,11102,1524,1892,15457,2307,1769,1962,940,376,427,87,562,49980,22435,South Lakeland,15.84,35.42,14.64,2.01,2.5,20.38,3.04,2.33,2.59,1.24,0.5,0.56,0.11,0.74,65.91,29.59
E07000032,90558,13374,36229,8183,3503,1991,15715,3109,3417,3680,1357,1079,672,425,1418,57786,27278,Amber Valley,14.77,40.01,9.04,3.87,2.2,17.35,3.43,3.77,4.06,1.5,1.19,0.74,0.47,1.57,63.81,30.12
E07000033,55945,7986,21542,4050,2612,1252,9463,1962,2435,3626,1017,869,417,438,1078,33578,18503,Bolsover,14.27,38.51,7.24,4.67,2.24,16.91,3.51,4.35,6.48,1.82,1.55,0.75,0.78,1.93,60.02,33.07
E07000034,76409,12272,28593,5678,3557,1809,12894,2782,2916,4554,1354,1131,615,559,1449,46543,24500,Chesterfield,16.06,37.42,7.43,4.66,2.37,16.87,3.64,3.82,5.96,1.77,1.48,0.8,0.73,1.9,60.91,32.06
E07000035,51978,8270,18153,7578,1394,1146,9903,1699,1581,1322,932,355,384,143,558,34001,15437,Derbyshire Dales,15.91,34.92,14.58,2.68,2.2,19.05,3.27,3.04,2.54,1.79,0.68,0.74,0.28,1.07,65.41,29.7
E07000036,82609,12446,34268,6595,3742,1993,12894,2970,3107,3304,1290,1203,719,519,1610,53309,23565,Erewash,15.07,41.48,7.98,4.53,2.41,15.61,3.6,3.76,4.0,1.56,1.46,0.87,0.63,1.95,64.53,28.53
E07000037,67389,10316,26377,7480,2576,1811,10561,2893,1998,2473,904,767,509,333,1017,44173,18829,High Peak,15.31,39.14,11.1,3.82,2.69,15.67,4.29,2.96,3.67,1.34,1.14,0.76,0.49,1.51,65.55,27.94
E07000038,73460,11679,27073,6816,2697,1654,14159,2486,2575,3285,1036,834,589,417,1053,45568,23541,North East Derbyshire,15.9,36.85,9.28,3.67,2.25,19.27,3.38,3.51,4.47,1.41,1.14,0.8,0.57,1.43,62.03,32.05
E07000039,69450,10279,29738,6392,2125,1824,10286,2521,2749,2443,1093,667,395,231,805,46409,19092,South Derbyshire,14.8,42.82,9.2,3.06,2.63,14.81,3.63,3.96,3.52,1.57,0.96,0.57,0.33,1.16,66.82,27.49
E07000040,92782,14837,30193,13048,2270,2107,20750,2719,3038,2617,1203,611,638,177,784,58078,30327,East Devon,15.99,32.54,14.06,2.45,2.27,22.36,2.93,3.27,2.82,1.3,0.66,0.69,0.19,0.84,62.6,32.69
E07000041,89544,13348,33015,6770,2739,4998,9976,11484,2634,3127,1453,899,498,278,1010,53133,28674,Exeter,14.91,36.87,7.56,3.06,5.58,11.14,12.82,2.94,3.49,1.62,1.0,0.56,0.31,1.13,59.34,32.02
E07000042,55847,8789,20163,8562,1513,1191,9194,1775,2072,1739,849,466,327,146,551,37514,15629,Mid Devon,15.74,36.1,15.33,2.71,2.13,16.46,3.18,3.71,3.11,1.52,0.83,0.59,0.26,0.99,67.17,27.99
E07000043,67507,11045,22505,9832,2052,1685,12257,2023,2584,2477,1047,661,464,195,744,43382,20388,North Devon,16.36,33.34,14.56,3.04,2.5,18.16,3.0,3.83,3.67,1.55,0.98,0.69,0.29,1.1,64.26,30.2
E07000044,60617,9180,18979,10576,1422,1482,12247,1974,1968,1868,921,387,423,144,515,38735,18978,South Hams,15.14,31.31,17.45,2.35,2.44,20.2,3.26,3.25,3.08,1.52,0.64,0.7,0.24,0.85,63.9,31.31
E07000045,89471,14300,30983,11825,2477,2260,17009,2694,2944,3182,1797,701,641,252,865,57108,27626,Teignbridge,15.98,34.63,13.22,2.77,2.53,19.01,3.01,3.29,3.56,2.01,0.78,0.72,0.28,0.97,63.83,30.88
E07000046,46510,7250,13948,7494,1586,880,9527,1428,1796,1879,722,431,422,145,653,28692,15352,Torridge,15.59,29.99,16.11,3.41,1.89,20.48,3.07,3.86,4.04,1.55,0.93,0.91,0.31,1.4,61.69,33.01
E07000047,38941,5918,12110,6445,1197,873,7630,1272,1338,1333,825,330,316,108,409,24473,12398,West Devon,15.2,31.1,16.55,3.07,2.24,19.59,3.27,3.44,3.42,2.12,0.85,0.81,0.28,1.05,62.85,31.84
E07000061,70473,10395,24700,7247,2874,2710,11829,3632,2645,3192,1249,768,624,308,1181,42342,22547,Eastbourne,14.75,35.05,10.28,4.08,3.85,16.79,5.15,3.75,4.53,1.77,1.09,0.89,0.44,1.68,60.08,31.99
E07000062,66036,9770,22094,7392,3621,1882,9469,2699,3112,4370,1627,1052,684,519,1616,39256,21277,Hastings,14.79,33.46,11.19,5.48,2.85,14.34,4.09,4.71,6.62,2.46,1.59,1.04,0.79,2.45,59.45,32.22
E07000063,69269,10626,23792,9611,2319,1846,12184,2545,2676,2448,1222,674,549,252,878,44029,21075,Lewes,15.34,34.35,13.87,3.35,2.66,17.59,3.67,3.86,3.53,1.76,0.97,0.79,0.36,1.27,63.56,30.42
E07000064,62861,8685,18498,9321,2019,1336,14163,2386,2728,2551,1174,596,527,275,848,36504,23002,Rother,13.82,29.43,14.83,3.21,2.13,22.53,3.8,4.34,4.06,1.87,0.95,0.84,0.44,1.35,58.07,36.59
E07000065,105879,15676,36449,16673,2670,2746,19091,3617,4504,2827,1626,737,758,269,956,68798,31665,Wealden,14.81,34.43,15.75,2.52,2.59,18.03,3.42,4.25,2.67,1.54,0.7,0.72,0.25,0.9,64.98,29.91
E07000066,125795,17855,50693,12117,5846,3059,17497,4297,7204,4953,2274,1690,1113,758,2457,80665,36225,Basildon,14.19,40.3,9.63,4.65,2.43,13.91,3.42,5.73,3.94,1.81,1.34,0.88,0.6,1.95,64.12,28.8
E07000067,106718,15747,43859,12410,4014,2685,15027,3153,4890,3347,1586,1100,857,424,1663,72016,28003,Braintree,14.76,41.1,11.63,3.76,2.52,14.08,2.95,4.58,3.14,1.49,1.03,0.8,0.4,1.56,67.48,26.24
E07000068,52959,7142,21677,6464,1667,1199,7884,2330,2564,1215,817,439,368,196,643,35283,14810,Brentwood,13.49,40.93,12.21,3.15,2.26,14.89,4.4,4.84,2.29,1.54,0.83,0.69,0.37,1.21,66.62,27.97
E07000069,64626,9525,23519,7178,2289,1569,12525,1852,3086,2036,1047,682,527,307,894,40222,20546,Castle Point,14.74,36.39,11.11,3.54,2.43,19.38,2.87,4.78,3.15,1.62,1.06,0.82,0.48,1.38,62.24,31.79
E07000070,123693,18138,52442,12775,4223,3761,17484,4840,5230,2810,1990,1140,953,467,1647,83355,32354,Chelmsford,14.66,42.4,10.33,3.41,3.04,14.13,3.91,4.23,2.27,1.61,0.92,0.77,0.38,1.33,67.39,26.16
E07000071,128562,18471,50589,12154,4456,5715,16901,8950,5226,4135,1965,1286,833,577,1748,81214,37177,Colchester,14.37,39.35,9.45,3.47,4.45,13.15,6.96,4.06,3.22,1.53,1.0,0.65,0.45,1.36,63.17,28.92
E07000072,90622,12023,34722,13191,3259,2109,12746,4055,4459,2378,1680,922,655,438,1298,59936,25318,Epping Forest,13.27,38.32,14.56,3.6,2.33,14.07,4.47,4.92,2.62,1.85,1.02,0.72,0.48,1.43,66.14,27.94
E07000073,58669,8643,25261,5106,3043,1794,6625,2102,2778,2188,1129,766,641,363,1335,39010,14822,Harlow,14.73,43.06,8.7,5.19,3.06,11.29,3.58,4.74,3.73,1.92,1.31,1.09,0.62,2.28,66.49,25.26
E07000074,45406,6640,16765,6108,1381,962,8148,1353,2122,1293,634,392,346,164,565,29513,13550,Maldon,14.62,36.92,13.45,3.04,2.12,17.94,2.98,4.67,2.85,1.4,0.86,0.76,0.36,1.24,65.0,29.84
E07000075,60425,9179,23556,6768,1836,1465,10715,1846,2756,1395,909,514,437,178,707,39503,17621,Rochford,15.19,38.98,11.2,3.04,2.42,17.73,3.06,4.56,2.31,1.5,0.85,0.72,0.29,1.17,65.38,29.16
E07000076,97050,14148,29346,9791,4533,2090,22402,3223,4469,5131,1917,1368,997,671,1989,53285,37142,Tendring,14.58,30.24,10.09,4.67,2.15,23.08,3.32,4.6,5.29,1.98,1.41,1.03,0.69,2.05,54.9,38.27
E07000077,57086,8306,22883,8414,1527,1343,7685,2371,2778,1006,773,362,410,124,590,39603,14613,Uttlesford,14.55,40.09,14.74,2.67,2.35,13.46,4.15,4.87,1.76,1.35,0.63,0.72,0.22,1.03,69.37,25.6
E07000078,86090,11506,36092,8240,2878,4047,10916,5402,3049,2583,1377,744,624,303,1168,55838,23327,Cheltenham,13.37,41.92,9.57,3.34,4.7,12.68,6.27,3.54,3.0,1.6,0.86,0.72,0.35,1.36,64.86,27.1
E07000079,60075,8703,21933,9667,1491,1412,9762,2666,2321,1290,830,372,409,137,534,40303,16869,Cotswold,14.49,36.51,16.09,2.48,2.35,16.25,4.44,3.86,2.15,1.38,0.62,0.68,0.23,0.89,67.09,28.08
E07000080,60341,9008,21356,7470,2084,1572,10701,2640,2327,2244,939,622,479,281,833,37834,18851,Forest of Dean,14.93,35.39,12.38,3.45,2.61,17.73,4.38,3.86,3.72,1.56,1.03,0.79,0.47,1.38,62.7,31.24
E07000081,88942,14303,38442,6245,3791,2959,10726,3705,3522,3517,1732,1121,734,515,1487,58990,23202,Gloucester,16.08,43.22,7.02,4.26,3.33,12.06,4.17,3.96,3.95,1.95,1.26,0.83,0.58,1.67,66.32,26.09
E07000082,81955,12899,31910,10780,2306,2085,12806,2929,2866,2275,1099,634,587,255,875,55589,21975,Stroud,15.74,38.94,13.15,2.81,2.54,15.63,3.57,3.5,2.78,1.34,0.77,0.72,0.31,1.07,67.83,26.81
E07000083,59685,9008,24881,6457,1682,1426,10057,1772,2155,1417,830,444,406,156,608,40346,16231,Tewkesbury,15.09,41.69,10.82,2.82,2.39,16.85,2.97,3.61,2.37,1.39,0.74,0.68,0.26,1.02,67.6,27.19
E07000084,123243,16506,59049,11792,3999,3454,15461,3345,4920,2998,1719,1016,889,335,1459,87347,28443,Basingstoke and Deane,13.39,47.91,9.57,3.24,2.8,12.55,2.71,3.99,2.43,1.39,0.82,0.72,0.27,1.18,70.87,23.08
E07000085,83522,11975,33561,11074,2133,2210,12787,3261,3551,1911,1059,603,558,209,764,56610,22569,East Hampshire,14.34,40.18,13.26,2.55,2.65,15.31,3.9,4.25,2.29,1.27,0.72,0.67,0.25,0.91,67.78,27.02
E07000086,91582,14551,40104,8884,2768,2726,12922,2877,3260,2358,1132,775,668,310,1009,63539,22549,Eastleigh,15.89,43.79,9.7,3.02,2.98,14.11,3.14,3.56,2.57,1.24,0.85,0.73,0.34,1.1,69.38,24.62
E07000087,81198,12324,34450,7561,2117,2611,14078,2730,2594,1772,961,628,530,195,714,54335,22135,Fareham,15.18,42.43,9.31,2.61,3.22,17.34,3.36,3.19,2.18,1.18,0.77,0.65,0.24,0.88,66.92,27.26
E07000088,59499,8592,25813,4456,2520,1600,8650,2157,2582,2141,988,803,477,323,927,38861,16518,Gosport,14.44,43.38,7.49,4.24,2.69,14.54,3.63,4.34,3.6,1.66,1.35,0.8,0.54,1.56,65.31,27.76
E07000089,66087,9156,29935,7494,1570,1720,9425,2173,2905,891,818,385,414,120,549,46585,16212,Hart,13.85,45.3,11.34,2.38,2.6,14.26,3.29,4.4,1.35,1.24,0.58,0.63,0.18,0.83,70.49,24.53
E07000090,86247,13080,32329,8263,3444,2485,14894,2947,3824,3586,1395,987,720,447,1396,53672,26646,Havant,15.17,37.48,9.58,3.99,2.88,17.27,3.42,4.43,4.16,1.62,1.14,0.83,0.52,1.62,62.23,30.89
E07000091,124798,19709,45549,14995,3288,3235,24595,3425,4728,3528,1746,901,893,332,1258,80253,38022,New Forest,15.79,36.5,12.02,2.63,2.59,19.71,2.74,3.79,2.83,1.4,0.72,0.72,0.27,1.01,64.31,30.47
E07000092,69652,9362,34397,5552,2593,2241,6814,2640,2776,1865,1412,785,523,331,979,49311,15507,Rushmoor,13.44,49.38,7.97,3.72,3.22,9.78,3.79,3.99,2.68,2.03,1.13,0.75,0.48,1.41,70.8,22.26
E07000093,84652,12473,36237,9073,2133,2225,13087,2837,3417,2047,1123,608,510,201,761,57783,22511,Test Valley,14.73,42.81,10.72,2.52,2.63,15.46,3.35,4.04,2.42,1.33,0.72,0.6,0.24,0.9,68.26,26.59
E07000094,84495,11434,32339,10302,1943,4011,12223,5665,3310,1882,1386,518,482,186,680,54075,24466,Winchester,13.53,38.27,12.19,2.3,4.75,14.47,6.7,3.92,2.23,1.64,0.61,0.57,0.22,0.8,64.0,28.96
E07000095,67599,9790,27083,7881,2825,1847,8930,2927,3221,1861,1234,765,546,374,1173,44754,18173,Broxbourne,14.48,40.06,11.66,4.18,2.73,13.21,4.33,4.76,2.75,1.83,1.13,0.81,0.55,1.74,66.21,26.88
E07000096,104410,14422,44421,12205,3829,2923,12906,4003,4730,2788,2183,1025,884,402,1424,71048,26610,Dacorum,13.81,42.54,11.69,3.67,2.8,12.36,3.83,4.53,2.67,2.09,0.98,0.85,0.39,1.36,68.05,25.49
E07000098,71511,9622,28167,10000,2650,1996,8029,4378,3369,1980,1320,671,565,368,1024,47789,19076,Hertsmere,13.46,39.39,13.98,3.71,2.79,11.23,6.12,4.71,2.77,1.85,0.94,0.79,0.51,1.43,66.83,26.68
E07000099,91510,12782,40147,10040,3145,2450,12149,3429,3959,2179,1230,827,695,350,1251,62969,22946,North Hertfordshire,13.97,43.87,10.97,3.44,2.68,13.28,3.75,4.33,2.38,1.34,0.9,0.76,0.38,1.37,68.81,25.07
E07000102,62440,8425,25698,8539,1984,1634,7971,2830,2910,1417,1032,576,416,231,764,42662,16160,Three Rivers,13.49,41.16,13.68,3.18,2.62,12.77,4.53,4.66,2.27,1.65,0.92,0.67,0.37,1.22,68.32,25.88
E07000103,66285,8438,30477,6894,2692,2269,6260,3058,3030,1779,1388,643,490,389,1000,45809,15515,Watford,12.73,45.98,10.4,4.06,3.42,9.44,4.61,4.57,2.68,2.09,0.97,0.74,0.59,1.51,69.11,23.41
E07000105,84252,12334,33223,10002,3058,2572,12141,2771,4114,2626,1411,876,638,375,1115,55559,23063,Ashford,14.64,39.43,11.87,3.63,3.05,14.41,3.29,4.88,3.12,1.67,1.04,0.76,0.45,1.32,65.94,27.37
E07000106,111867,14268,34938,10787,3410,7919,16830,13955,4037,3717,2006,1015,735,461,1313,59993,40545,Canterbury,12.75,31.23,9.64,3.05,7.08,15.04,12.47,3.61,3.32,1.79,0.91,0.66,0.41,1.17,53.63,36.24
E07000107,70488,9765,31440,6915,3099,1965,8359,2468,3131,2098,1248,951,572,418,1188,48120,17304,Dartford,13.85,44.6,9.81,4.4,2.79,11.86,3.5,4.44,2.98,1.77,1.35,0.81,0.59,1.69,68.27,24.55
E07000108,80786,11864,29124,7931,3607,1952,14215,3208,3578,3596,1711,1006,755,485,1403,48919,26308,Dover,14.69,36.05,9.82,4.46,2.42,17.6,3.97,4.43,4.45,2.12,1.25,0.93,0.6,1.74,60.55,32.57
E07000109,73191,10560,28617,6952,3714,2060,9904,3057,3866,2792,1669,1104,629,629,1437,46129,21288,Gravesham,14.43,39.1,9.5,5.07,2.81,13.53,4.18,5.28,3.81,2.28,1.51,0.86,0.86,1.96,63.03,29.09
E07000110,113231,16283,46737,12757,3848,2903,16310,4079,5095,3098,2121,1216,812,523,1399,75777,30703,Maidstone,14.38,41.28,11.27,3.4,2.56,14.4,3.6,4.5,2.74,1.87,1.07,0.72,0.46,1.24,66.92,27.12
E07000111,82098,11527,31826,11180,2332,1842,12531,3353,4448,1786,1273,605,623,269,870,54533,23391,Sevenoaks,14.04,38.77,13.62,2.84,2.24,15.26,4.08,5.42,2.18,1.55,0.74,0.76,0.33,1.06,66.42,28.49
E07000112,77938,11151,27386,7997,3576,2277,13794,2869,3486,3785,1617,953,766,485,1464,46534,25551,Folkestone and Hythe,14.31,35.14,10.26,4.59,2.92,17.7,3.68,4.47,4.86,2.07,1.22,0.98,0.62,1.88,59.71,32.78
E07000113,98607,13844,37613,9698,4538,2220,14903,3660,5110,4380,2641,1461,843,798,1763,61155,30694,Swale,14.04,38.14,9.84,4.6,2.25,15.11,3.71,5.18,4.44,2.68,1.48,0.85,0.81,1.79,62.02,31.13
E07000114,94452,13626,29937,9556,5358,2795,17231,4016,4632,5273,2028,1632,1121,860,2347,53119,33180,Thanet,14.43,31.7,10.12,5.67,2.96,18.24,4.25,4.9,5.58,2.15,1.73,1.19,0.91,2.48,56.24,35.13
E07000115,86435,12690,35663,9768,2580,2338,12531,3426,4073,2123,1243,790,539,313,931,58121,23396,Tonbridge and Malling,14.68,41.26,11.3,2.98,2.7,14.5,3.96,4.71,2.46,1.44,0.91,0.62,0.36,1.08,67.24,27.07
E07000116,82052,11265,33121,11138,2421,2041,10378,3905,4191,2197,1395,610,575,235,890,55524,22066,Tunbridge Wells,13.73,40.37,13.57,2.95,2.49,12.65,4.76,5.11,2.68,1.7,0.74,0.7,0.29,1.08,67.67,26.89
E07000117,63376,9129,23187,4591,3342,1630,9745,2749,2876,4433,1694,1081,552,527,1352,36907,21497,Burnley,14.4,36.59,7.24,5.27,2.57,15.38,4.34,4.54,6.99,2.67,1.71,0.87,0.83,2.13,58.23,33.92
E07000118,79951,11542,33167,7300,2588,2048,12899,2590,2279,3262,2276,767,487,307,993,52009,23306,Chorley,14.44,41.48,9.13,3.24,2.56,16.13,3.24,2.85,4.08,2.85,0.96,0.61,0.38,1.24,65.05,29.15
E07000119,54544,7374,20222,5689,1687,1475,11262,1785,1699,2161,1190,469,377,150,628,33285,18097,Fylde,13.52,37.07,10.43,3.09,2.7,20.65,3.27,3.11,3.96,2.18,0.86,0.69,0.28,1.15,61.02,33.18
E07000120,58356,7902,22029,4732,2688,1767,8803,2513,2600,3912,1410,977,399,435,994,34663,19238,Hyndburn,13.54,37.75,8.11,4.61,3.03,15.08,4.31,4.46,6.7,2.42,1.67,0.68,0.75,1.7,59.4,32.97
E07000121,103296,14852,34812,8834,3362,5402,15718,11219,2915,4431,1751,1010,676,487,1325,58498,36034,Lancaster,14.38,33.7,8.55,3.25,5.23,15.22,10.86,2.82,4.29,1.7,0.98,0.65,0.47,1.28,56.63,34.88
E07000122,64440,9036,23179,5750,3012,1788,9753,2650,3700,3921,1651,951,475,515,1194,37965,21675,Pendle,14.02,35.97,8.92,4.67,2.77,15.14,4.11,5.74,6.08,2.56,1.48,0.74,0.8,1.85,58.92,33.64
E07000123,104085,14188,38229,6933,4575,6584,12147,8538,4579,5594,2718,1370,674,740,1835,59350,33576,Preston,13.63,36.73,6.66,4.4,6.33,11.67,8.2,4.4,5.37,2.61,1.32,0.65,0.71,1.76,57.02,32.26
E07000124,41285,6023,16105,5484,852,1208,7431,1504,979,1128,571,223,250,74,294,27612,11613,Ribble Valley,14.59,39.01,13.28,2.06,2.93,18.0,3.64,2.37,2.73,1.38,0.54,0.61,0.18,0.71,66.88,28.13
E07000125,50075,6794,20067,5003,2090,1232,7372,2148,1809,2715,845,673,383,304,840,31864,14889,Rossendale,13.57,40.07,9.99,4.17,2.46,14.72,4.29,3.61,5.42,1.69,1.34,0.76,0.61,1.68,63.63,29.73
E07000126,80458,11969,35168,6679,2421,2340,13286,2677,2136,2803,979,820,450,272,823,53816,21881,South Ribble,14.88,43.71,8.3,3.01,2.91,16.51,3.33,2.65,3.48,1.22,1.02,0.56,0.34,1.02,66.89,27.2
E07000127,81601,11504,29658,7807,3180,3531,13888,4668,2673,3515,1177,943,652,430,1315,48969,25921,West Lancashire,14.1,36.35,9.57,3.9,4.33,17.02,5.72,3.28,4.31,1.44,1.16,0.8,0.53,1.61,60.01,31.77
E07000128,77663,11298,26923,8355,2464,2410,16467,3010,2247,3443,1046,741,519,261,910,46576,26213,Wyre,14.55,34.67,10.76,3.17,3.1,21.2,3.88,2.89,4.43,1.35,0.95,0.67,0.34,1.17,59.97,33.75
E07000129,68558,10733,29207,6761,1963,1997,10721,2495,1914,1565,1202,588,424,211,689,46701,17897,Blaby,15.66,42.6,9.86,2.86,2.91,15.64,3.64,2.79,2.28,1.75,0.86,0.62,0.31,1.0,68.12,26.1
E07000130,124967,17209,47592,10435,3864,5509,17092,14278,3930,3437,1621,1071,789,517,1480,75236,40358,Charnwood,13.77,38.08,8.35,3.09,4.41,13.68,11.43,3.14,2.75,1.3,0.86,0.63,0.41,1.18,60.2,32.29
E07000131,61913,9419,25343,7980,1517,1532,9569,2415,1871,1232,1035,387,386,157,497,42742,16122,Harborough,15.21,40.93,12.89,2.45,2.47,15.46,3.9,3.02,1.99,1.67,0.63,0.62,0.25,0.8,69.04,26.04
E07000132,77716,11408,33087,7764,2448,1831,12924,2615,2510,2205,924,732,541,310,959,52259,21178,Hinckley and Bosworth,14.68,42.57,9.99,3.15,2.36,16.63,3.36,3.23,2.84,1.19,0.94,0.7,0.4,1.23,67.24,27.25
E07000133,36955,5636,15481,4241,1067,997,5831,1231,1247,779,445,301,234,116,379,25358,9533,Melton,15.25,41.89,11.48,2.89,2.7,15.78,3.33,3.37,2.11,1.2,0.81,0.63,0.31,1.03,68.62,25.8
E07000134,68556,9845,28778,6371,2361,1644,11025,2611,2595,2350,976,708,509,292,930,44994,19557,North West Leicestershire,14.36,41.98,9.29,3.44,2.4,16.08,3.81,3.79,3.43,1.42,1.03,0.74,0.43,1.36,65.63,28.53
E07000135,40797,6146,15570,3510,1314,1579,6102,3555,1296,1098,627,361,251,184,522,25226,12678,Oadby and Wigston,15.06,38.16,8.6,3.22,3.87,14.96,8.71,3.18,2.69,1.54,0.88,0.62,0.45,1.28,61.83,31.08
E07000136,47306,7480,18683,3907,1969,992,7842,1447,1838,2083,1065,611,398,270,802,30070,14275,Boston,15.81,39.49,8.26,4.16,2.1,16.58,3.06,3.89,4.4,2.25,1.29,0.84,0.57,1.7,63.56,30.18
E07000137,99928,14264,29753,10858,3966,1875,24038,3234,4356,5795,1789,1270,917,515,1512,54875,39212,East Lindsey,14.27,29.77,10.87,3.97,1.88,24.06,3.24,4.36,5.8,1.79,1.27,0.92,0.52,1.51,54.91,39.24
E07000138,71577,9926,26504,4551,3533,5009,8015,6287,2880,3278,1594,1147,573,585,1418,40981,22054,Lincoln,13.87,37.03,6.36,4.94,7.0,11.2,8.78,4.02,4.58,2.23,1.6,0.8,0.82,1.98,57.25,30.81
E07000139,78616,11437,32060,7424,2290,1854,14890,2536,2942,2280,903,675,542,254,811,50921,23551,North Kesteven,14.55,40.78,9.44,2.91,2.36,18.94,3.23,3.74,2.9,1.15,0.86,0.69,0.32,1.03,64.77,29.96
E07000140,63920,8432,25724,6376,2532,1212,11891,1846,2549,2308,1050,695,568,267,1038,40532,19644,South Holland,13.19,40.24,9.97,3.96,1.9,18.6,2.89,3.99,3.61,1.64,1.09,0.89,0.42,1.62,63.41,30.73
E07000141,97319,14579,40051,9869,3248,2526,16064,3113,3586,2840,1443,881,713,369,1251,64499,27046,South Kesteven,14.98,41.15,10.14,3.34,2.6,16.51,3.2,3.68,2.92,1.48,0.91,0.73,0.38,1.29,66.28,27.79
E07000142,65531,9855,24183,6696,2497,1537,12366,2367,2598,2492,940,799,539,357,965,40734,20763,West Lindsey,15.04,36.9,10.22,3.81,2.35,18.87,3.61,3.96,3.8,1.43,1.22,0.82,0.54,1.47,62.16,31.68
E07000143,94176,13772,36350,9499,3302,2106,16939,2835,3987,3288,2098,1020,690,398,1244,59621,29147,Breckland,14.62,38.6,10.09,3.51,2.24,17.99,3.01,4.23,3.49,2.23,1.08,0.73,0.42,1.32,63.31,30.95
E07000144,90305,15110,34180,10307,2314,2321,16776,2552,3116,2512,1117,681,568,232,822,59597,26073,Broadland,16.73,37.85,11.41,2.56,2.57,18.58,2.83,3.45,2.78,1.24,0.75,0.63,0.26,0.91,66.0,28.87
E07000145,70234,11433,22778,5844,4258,1705,12881,2526,3443,3741,1625,1331,866,543,1668,40055,24216,Great Yarmouth,16.28,32.43,8.32,6.06,2.43,18.34,3.6,4.9,5.33,2.31,1.9,1.23,0.77,2.37,57.03,34.48
E07000146,106591,15537,38946,10976,3901,2344,20888,3295,4609,4334,1761,1139,874,497,1585,65459,34887,King's Lynn and West Norfolk,14.58,36.54,10.3,3.66,2.2,19.6,3.09,4.32,4.07,1.65,1.07,0.82,0.47,1.49,61.41,32.73
E07000147,72453,10606,21871,9670,2404,1268,17240,2002,2918,2847,1627,709,648,245,929,42147,26634,North Norfolk,14.64,30.19,13.35,3.32,1.75,23.79,2.76,4.03,3.93,2.25,0.98,0.89,0.34,1.28,58.17,36.76
E07000148,100702,13516,37502,7229,5060,5465,10766,9613,4379,4959,2213,1487,752,677,2042,58247,31930,Norwich,13.42,37.24,7.18,5.02,5.43,10.69,9.55,4.35,4.92,2.2,1.48,0.75,0.67,2.03,57.84,31.71
E07000149,89337,14032,33553,10927,2439,2207,16249,2844,3450,2506,1130,725,598,290,885,58512,26179,South Norfolk,15.71,37.56,12.23,2.73,2.47,18.19,3.18,3.86,2.81,1.26,0.81,0.67,0.32,0.99,65.5,29.3
E07000163,40056,6139,14540,6025,1003,1037,7525,1300,1030,966,491,271,254,88,385,26704,11312,Craven,15.33,36.3,15.04,2.5,2.59,18.79,3.25,2.57,2.41,1.23,0.68,0.63,0.22,0.96,66.67,28.24
E07000164,65255,9843,25377,8739,1670,1439,11809,1960,2043,1483,892,458,409,186,537,43959,18187,Hambleton,15.08,38.89,13.39,2.56,2.21,18.1,3.0,3.13,2.27,1.37,0.7,0.63,0.29,0.82,67.36,27.87
E07000165,114038,16998,46509,15204,2931,3020,17693,3789,3823,2586,1485,735,695,254,1058,78711,29376,Harrogate,14.91,40.78,13.33,2.57,2.65,15.52,3.32,3.35,2.27,1.3,0.64,0.61,0.22,0.93,69.02,25.76
E07000166,38652,5217,17121,4828,1116,735,5761,937,1396,839,702,344,226,114,399,27166,9635,Richmondshire,13.5,44.3,12.49,2.89,1.9,14.9,2.42,3.61,2.17,1.82,0.89,0.58,0.29,1.03,70.28,24.93
E07000167,37581,5773,12760,6252,1029,830,7005,1282,1175,945,530,304,261,98,368,24785,10937,Ryedale,15.36,33.95,16.64,2.74,2.21,18.64,3.41,3.13,2.51,1.41,0.81,0.69,0.26,0.98,65.95,29.1
E07000168,79393,12834,24346,9302,3371,2392,16117,3141,2785,3708,1397,942,738,341,1349,46482,27148,Scarborough,16.17,30.67,11.72,4.25,3.01,20.3,3.96,3.51,4.67,1.76,1.19,0.93,0.43,1.7,58.55,34.19
E07000169,61831,9293,26298,6399,2154,1576,9710,1883,2182,1586,750,646,455,251,789,41990,16111,Selby,15.03,42.53,10.35,3.48,2.55,15.7,3.05,3.53,2.57,1.21,1.04,0.74,0.41,1.28,67.91,26.06
E07000170,88037,12976,34795,6160,4140,1899,14545,2921,3986,4912,1703,1378,670,666,1662,53931,28067,Ashfield,14.74,39.52,7.0,4.7,2.16,16.52,3.32,4.53,5.58,1.93,1.57,0.76,0.76,1.89,61.26,31.88
E07000171,83305,12752,31585,6947,3294,1978,14204,2914,3162,4219,2250,1117,553,516,1276,51284,26749,Bassetlaw,15.31,37.91,8.34,3.95,2.37,17.05,3.5,3.8,5.06,2.7,1.34,0.66,0.62,1.53,61.56,32.11
E07000172,81573,11855,33191,6283,3156,2353,13440,4574,2724,2833,1164,933,678,416,1224,51329,24735,Broxtowe,14.53,40.69,7.7,3.87,2.88,16.48,5.61,3.34,3.47,1.43,1.14,0.83,0.51,1.5,62.92,30.32
E07000173,83284,12940,33171,7756,3391,2235,13774,3006,2717,3032,1262,1116,694,511,1272,53867,23791,Gedling,15.54,39.83,9.31,4.07,2.68,16.54,3.61,3.26,3.64,1.52,1.34,0.83,0.61,1.53,64.68,28.57
E07000174,77155,11627,29832,5502,3547,1884,12120,2661,3436,4996,1550,1193,576,603,1381,46961,24763,Mansfield,15.07,38.67,7.13,4.6,2.44,15.71,3.45,4.45,6.48,2.01,1.55,0.75,0.78,1.79,60.87,32.1
E07000175,84145,12686,31947,8239,2995,2104,14352,3157,3423,3590,1652,938,585,437,1090,52872,26174,Newark and Sherwood,15.08,37.97,9.79,3.56,2.5,17.06,3.75,4.07,4.27,1.96,1.11,0.7,0.52,1.3,62.83,31.11
E07000176,80755,11753,32677,8703,2222,2690,12820,4465,2435,1758,1232,575,500,225,802,53133,22710,Rushcliffe,14.55,40.46,10.78,2.75,3.33,15.88,5.53,3.02,2.18,1.53,0.71,0.62,0.28,0.99,65.8,28.12
E07000177,103269,15063,46827,10662,2936,2672,12694,3560,3950,2539,2366,852,598,350,1015,72552,25109,Cherwell,14.59,45.34,10.32,2.84,2.59,12.29,3.45,3.82,2.46,2.29,0.83,0.58,0.34,0.98,70.26,24.31
E07000178,118437,12360,42867,8226,3801,7669,8346,25539,4204,3129,2296,974,602,554,1507,63453,43514,Oxford,10.44,36.19,6.95,3.21,6.48,7.05,21.56,3.55,2.64,1.94,0.82,0.51,0.47,1.27,53.58,36.74
E07000179,96892,13591,41976,12638,2446,2169,13471,3378,3848,1809,1566,666,602,257,880,68205,24072,South Oxfordshire,14.03,43.32,13.04,2.52,2.24,13.9,3.49,3.97,1.87,1.62,0.69,0.62,0.27,0.91,70.39,24.84
E07000180,87477,12547,39197,9441,2190,2335,12150,3400,3374,1682,1161,592,505,210,767,61185,21767,Vale of White Horse,14.34,44.81,10.79,2.5,2.67,13.89,3.89,3.86,1.92,1.33,0.68,0.58,0.24,0.88,69.94,24.88
E07000181,76163,10889,34599,9452,1730,1836,10418,2302,2596,1394,947,507,410,166,623,54940,17657,West Oxfordshire,14.3,45.43,12.41,2.27,2.41,13.68,3.02,3.41,1.83,1.24,0.67,0.54,0.22,0.82,72.13,23.18
E07000187,78653,12726,28252,11194,2297,1993,12049,3333,2934,2594,1281,684,530,230,810,52172,22191,Mendip,16.18,35.92,14.23,2.92,2.53,15.32,4.24,3.73,3.3,1.63,0.87,0.67,0.29,1.03,66.33,28.21
E07000188,82903,13097,30108,9546,2972,2243,14122,2793,3357,3299,1366,916,644,384,1096,52751,24937,Sedgemoor,15.8,36.32,11.51,3.58,2.71,17.03,3.37,4.05,3.98,1.65,1.1,0.78,0.46,1.32,63.63,30.08
E07000189,115790,18305,44645,13548,3170,2722,20745,3418,4125,3539,1573,945,794,319,1149,76498,33400,South Somerset,15.81,38.56,11.7,2.74,2.35,17.92,2.95,3.56,3.06,1.36,0.82,0.69,0.28,0.99,66.07,28.85
E07000192,72274,11009,28840,6266,3311,1880,10735,2604,3007,3415,1207,1070,551,485,1373,46115,20968,Cannock Chase,15.23,39.9,8.67,4.58,2.6,14.85,3.6,4.16,4.73,1.67,1.48,0.76,0.67,1.9,63.81,29.01
E07000193,83059,12135,33829,7180,3171,2263,12497,3077,3691,3103,2113,981,594,418,1127,53144,24481,East Staffordshire,14.61,40.73,8.64,3.82,2.72,15.05,3.7,4.44,3.74,2.54,1.18,0.72,0.5,1.36,63.98,29.47
E07000194,74757,10890,28837,7809,2531,1795,13883,2793,2603,2276,1340,741,575,310,960,47536,22895,Lichfield,14.57,38.57,10.45,3.39,2.4,18.57,3.74,3.48,3.04,1.79,0.99,0.77,0.41,1.28,63.59,30.63
E07000195,92335,12736,34876,6987,3378,3591,14830,7063,2983,4341,1550,1048,675,418,1327,54599,30767,Newcastle-under-Lyme,13.79,37.77,7.57,3.66,3.89,16.06,7.65,3.23,4.7,1.68,1.13,0.73,0.45,1.44,59.13,33.32
E07000196,80718,12224,30995,8452,2670,2077,14754,3158,2560,2228,1600,813,616,340,1074,51671,24300,South Staffordshire,15.14,38.4,10.47,3.31,2.57,18.28,3.91,3.17,2.76,1.98,1.01,0.76,0.42,1.33,64.01,30.1
E07000197,97297,14101,38948,8874,3028,3323,16246,4921,2888,3024,1944,872,660,370,1164,61923,29023,Stafford,14.49,40.03,9.12,3.11,3.42,16.7,5.06,2.97,3.11,2.0,0.9,0.68,0.38,1.2,63.64,29.83
E07000198,72085,10527,27432,8171,2031,1827,13745,2379,2093,2926,954,578,447,216,754,46130,22097,Staffordshire Moorlands,14.6,38.06,11.34,2.82,2.53,19.07,3.3,2.9,4.06,1.32,0.8,0.62,0.3,1.05,63.99,30.65
E07000199,56833,8566,24514,4040,2541,1527,8104,2012,2366,2344,819,727,497,283,1042,37120,15645,Tamworth,15.07,43.13,7.11,4.47,2.69,14.26,3.54,4.16,4.12,1.44,1.28,0.87,0.5,1.83,65.31,27.53
E07000200,63075,9578,23434,8023,1879,1433,11468,2129,2671,1593,867,527,438,180,775,41035,18728,Babergh,15.19,37.15,12.72,2.98,2.27,18.18,3.38,4.23,2.53,1.37,0.84,0.69,0.29,1.23,65.06,29.69
E07000202,97167,16071,40014,7107,5212,3019,11279,3736,4662,4048,2019,1628,769,767,2152,63192,25744,Ipswich,16.54,41.18,7.31,5.36,3.11,11.61,3.84,4.8,4.17,2.08,1.68,0.79,0.79,2.21,65.03,26.49
E07000203,70073,10977,27013,9106,1789,1722,12193,2035,2781,1568,889,505,455,197,625,47096,19466,Mid Suffolk,15.67,38.55,13.0,2.55,2.46,17.4,2.9,3.97,2.24,1.27,0.72,0.65,0.28,0.89,67.21,27.78
E07000207,92027,10910,38467,13565,2457,2123,11239,4136,5852,1636,1642,521,660,229,941,62942,24505,Elmbridge,11.86,41.8,14.74,2.67,2.31,12.21,4.49,6.36,1.78,1.78,0.57,0.72,0.25,1.02,68.4,26.63
E07000208,54170,7401,22696,6352,1480,1915,7280,2785,2269,1127,865,371,345,138,526,36449,14326,Epsom and Ewell,13.66,41.9,11.73,2.73,3.54,13.44,5.14,4.19,2.08,1.6,0.68,0.64,0.25,0.97,67.29,26.45
E07000209,102054,12432,41942,11526,2750,4999,11556,8681,4517,1931,1720,630,671,272,1002,65900,28405,Guildford,12.18,41.1,11.29,2.69,4.9,11.32,8.51,4.43,1.89,1.69,0.62,0.66,0.27,0.98,64.57,27.83
E07000210,60778,8418,23808,8943,1529,1472,9519,2324,2657,1277,831,407,381,164,574,41169,16608,Mole Valley,13.85,39.17,14.71,2.52,2.42,15.66,3.82,4.37,2.1,1.37,0.67,0.63,0.27,0.94,67.74,27.33
E07000211,99173,13429,43619,12183,2892,2491,12278,3508,4354,2299,2120,758,674,341,1057,69231,24559,Reigate and Banstead,13.54,43.98,12.28,2.92,2.51,12.38,3.54,4.39,2.32,2.14,0.76,0.68,0.34,1.07,69.81,24.76
E07000212,59793,7221,24716,6384,1630,2865,7091,5476,2354,1135,921,389,433,176,640,38321,16977,Runnymede,12.08,41.34,10.68,2.73,4.79,11.86,9.16,3.94,1.9,1.54,0.65,0.72,0.29,1.07,64.09,28.39
E07000213,69916,9279,32475,7011,2277,1725,9289,2260,2724,1586,1290,626,514,289,833,48765,17149,Spelthorne,13.27,46.45,10.03,3.26,2.47,13.29,3.23,3.9,2.27,1.85,0.9,0.74,0.41,1.19,69.75,24.53
E07000214,62565,8500,27645,7355,1731,1785,8441,2185,2727,1059,1137,489,416,206,604,43500,15549,Surrey Heath,13.59,44.19,11.76,2.77,2.85,13.49,3.49,4.36,1.69,1.82,0.78,0.66,0.33,0.97,69.53,24.85
E07000215,59457,8047,24205,8470,1645,1325,8390,2581,2554,1308,932,453,446,192,617,40722,15765,Tandridge,13.53,40.71,14.25,2.77,2.23,14.11,4.34,4.3,2.2,1.57,0.76,0.75,0.32,1.04,68.49,26.51
E07000216,85617,11669,33014,12434,2068,2464,12260,4402,4238,1760,1308,473,601,211,776,57117,23968,Waverley,13.63,38.56,14.52,2.42,2.88,14.32,5.14,4.95,2.06,1.53,0.55,0.7,0.25,0.91,66.71,27.99
E07000217,71722,8977,32336,8263,2313,2163,8242,2559,3954,1626,1289,598,501,261,900,49576,17670,Woking,12.52,45.09,11.52,3.22,3.02,11.49,3.57,5.51,2.27,1.8,0.83,0.7,0.36,1.25,69.12,24.64
E07000218,46170,6732,18982,4696,1662,1079,7636,1534,1543,1632,674,494,370,207,639,30410,13019,North Warwickshire,14.58,41.11,10.17,3.6,2.34,16.54,3.32,3.34,3.53,1.46,1.07,0.8,0.45,1.38,65.87,28.2
E07000219,92090,13588,38428,6276,4363,2518,14372,3280,3616,4058,1591,1343,757,646,1787,58292,26917,Nuneaton and Bedworth,14.76,41.73,6.82,4.74,2.73,15.61,3.56,3.93,4.41,1.73,1.46,0.82,0.7,1.94,63.3,29.23
E07000220,72759,10096,32415,6507,2613,1826,10723,2836,2557,2068,1118,729,542,313,951,49018,19302,Rugby,13.88,44.55,8.94,3.59,2.51,14.74,3.9,3.51,2.84,1.54,1.0,0.74,0.43,1.31,67.37,26.53
E07000221,87728,12651,33817,12376,2154,2255,15155,2987,3056,2029,1248,531,644,193,756,58844,24475,Stratford-on-Avon,14.42,38.55,14.11,2.46,2.57,17.27,3.4,3.48,2.31,1.42,0.61,0.73,0.22,0.86,67.08,27.9
E07000222,102883,13456,43062,10046,3118,3627,13319,9243,3011,2626,1375,735,677,336,1183,66564,29574,Warwick,13.08,41.86,9.76,3.03,3.53,12.95,8.98,2.93,2.55,1.34,0.71,0.66,0.33,1.15,64.7,28.75
E07000223,43860,7034,16445,5003,1466,1106,7375,1450,1713,1593,675,420,338,176,570,28482,12806,Adur,16.04,37.49,11.41,3.34,2.52,16.81,3.31,3.91,3.63,1.54,0.96,0.77,0.4,1.3,64.94,29.2
E07000224,106071,15734,37607,11844,3538,2850,21665,3294,3902,3731,1906,936,884,365,1463,65185,34498,Arun,14.83,35.45,11.17,3.34,2.69,20.42,3.11,3.68,3.52,1.8,0.88,0.83,0.34,1.38,61.45,32.52
E07000225,81037,11384,27847,11774,2267,2830,14773,3590,3395,1944,1233,633,578,198,872,51005,24935,Chichester,14.05,34.36,14.53,2.8,3.49,18.23,4.43,4.19,2.4,1.52,0.78,0.71,0.24,1.08,62.94,30.77
E07000226,77348,11129,36489,6019,3490,2368,7333,2586,3796,2480,1658,918,656,434,1334,53637,17853,Crawley,14.39,47.18,7.78,4.51,3.06,9.48,3.34,4.91,3.21,2.14,1.19,0.85,0.56,1.72,69.35,23.08
E07000227,94318,13926,38028,12211,2557,2518,14601,3291,3949,2030,1207,677,649,227,965,64165,25078,Horsham,14.76,40.32,12.95,2.71,2.67,15.48,3.49,4.19,2.15,1.28,0.72,0.69,0.24,1.02,68.03,26.59
E07000228,100252,15173,42302,12466,2435,2649,14203,3568,4038,2050,1368,617,639,222,846,69941,25227,Mid Sussex,15.13,42.2,12.43,2.43,2.64,14.17,3.56,4.03,2.04,1.36,0.62,0.64,0.22,0.84,69.77,25.16
E07000229,74338,11186,29536,7982,2578,2348,11426,2277,2722,3087,1196,704,588,269,991,48704,20708,Worthing,15.05,39.73,10.74,3.47,3.16,15.37,3.06,3.66,4.15,1.61,0.95,0.79,0.36,1.33,65.52,27.86
E07000234,67807,10393,26705,7769,2070,1727,11031,2836,1909,1714,1653,639,475,240,769,44867,19143,Bromsgrove,15.33,39.38,11.46,3.05,2.55,16.27,4.18,2.82,2.53,2.44,0.94,0.7,0.35,1.13,66.17,28.23
E07000235,53512,7704,18038,7607,1690,1222,10292,2583,1877,1692,807,460,455,192,618,33349,17251,Malvern Hills,14.4,33.71,14.22,3.16,2.28,19.23,4.83,3.51,3.16,1.51,0.86,0.85,0.36,1.15,62.32,32.24
E07000236,62523,8991,27383,5090,2877,1879,8106,2394,2440,2374,989,840,639,315,1097,41464,16303,Redditch,14.38,43.8,8.14,4.6,3.01,12.96,3.83,3.9,3.8,1.58,1.34,1.02,0.5,1.75,66.32,26.08
E07000237,73382,11000,30777,5755,3071,3363,8918,4046,2713,2497,1242,903,616,398,1213,47532,19416,Worcester,14.99,41.94,7.84,4.18,4.58,12.15,5.51,3.7,3.4,1.69,1.23,0.84,0.54,1.65,64.77,26.46
E07000238,85481,12816,32863,10780,2675,2126,14864,2854,2897,2278,1328,671,722,257,1042,56459,24221,Wychavon,14.99,38.44,12.61,3.13,2.49,17.39,3.34,3.39,2.66,1.55,0.78,0.84,0.3,1.22,66.05,28.33
E07000239,72331,10994,27045,7021,3041,1611,13356,2413,2638,2972,1240,902,672,424,1291,45060,22619,Wyre Forest,15.2,37.39,9.71,4.2,2.23,18.47,3.34,3.65,4.11,1.71,1.25,0.93,0.59,1.78,62.3,31.27
E08000001,200723,27798,74631,16348,9913,6243,29514,10318,9504,11574,4880,3042,1595,1773,3929,118777,65790,Bolton,13.85,37.18,8.14,4.94,3.11,14.7,5.14,4.73,5.77,2.43,1.52,0.79,0.88,1.96,59.17,32.78
E08000002,134687,19118,53953,12220,5769,3620,19558,6074,5168,6596,2611,1849,1007,968,2206,85291,40007,Bury,14.19,40.06,9.07,4.28,2.69,14.52,4.51,3.84,4.9,1.94,1.37,0.75,0.72,1.64,63.33,29.7
E08000003,382932,41535,128930,23628,21880,27251,29179,53999,18697,25161,12672,5926,2859,4784,8453,194093,139708,Manchester,10.85,33.67,6.17,5.71,7.12,7.62,14.1,4.88,6.57,3.31,1.55,0.75,1.25,2.21,50.69,36.48
E08000004,159765,22171,58410,12434,8661,4722,22426,8135,9038,9209,4559,2788,1340,1575,3225,93015,53367,Oldham,13.88,36.56,7.78,5.42,2.96,14.04,5.09,5.66,5.76,2.85,1.75,0.84,0.99,2.02,58.22,33.4
E08000005,152742,20101,55604,12116,9047,4135,20853,8025,7838,10446,4577,2821,1378,1614,3521,87821,51739,Rochdale,13.16,36.4,7.93,5.92,2.71,13.65,5.25,5.13,6.84,3.0,1.85,0.9,1.06,2.31,57.5,33.87
E08000006,173117,21676,67966,11372,9041,8075,20950,10093,7021,11915,5008,2630,1379,1587,3650,101014,54987,Salford,12.52,39.26,6.57,5.22,4.66,12.1,5.83,4.06,6.88,2.89,1.52,0.8,0.92,2.11,58.35,31.76
E08000007,205310,29946,83049,19664,8002,5635,31395,8674,7139,8527,3279,2221,1696,954,3165,132659,59014,Stockport,14.59,40.45,9.58,3.9,2.74,15.29,4.22,3.48,4.15,1.6,1.08,0.83,0.46,1.54,64.61,28.74
E08000008,161459,21377,65546,12022,8052,4019,23682,6865,6443,9970,3483,2580,1342,1271,3272,98945,50443,Tameside,13.24,40.6,7.45,4.99,2.49,14.67,4.25,3.99,6.17,2.16,1.6,0.83,0.79,2.03,61.28,31.24
E08000009,162806,22799,68201,15854,6136,5074,21729,7200,6426,6499,2888,1682,1218,803,2377,106854,44742,Trafford,14.0,41.89,9.74,3.77,3.12,13.35,4.42,3.95,3.99,1.77,1.03,0.75,0.49,1.46,65.63,27.48
E08000010,236495,32880,94703,17445,11483,6270,38211,8293,8302,14652,4256,3594,1854,1696,4652,145028,73714,Wigan,13.9,40.04,7.38,4.86,2.65,16.16,3.51,3.51,6.2,1.8,1.52,0.78,0.72,1.97,61.32,31.17
E08000011,106155,15173,38065,6218,6926,3235,14415,5127,4822,9333,2841,2065,1165,1342,2841,59456,36538,Knowsley,14.29,35.86,5.86,6.52,3.05,13.58,4.83,4.54,8.79,2.68,1.95,1.1,1.26,2.68,56.01,34.42
E08000012,356876,44816,116778,20676,23980,20020,41070,36781,13683,28453,10619,6416,3647,4727,9889,182270,130606,Liverpool,12.56,32.72,5.79,6.72,5.61,11.51,10.31,3.83,7.97,2.98,1.8,1.02,1.32,2.77,51.07,36.6
E08000013,129584,18169,49968,8021,6640,3323,22144,5294,4971,8638,2416,2056,1087,1190,2752,76158,43463,St. Helens,14.02,38.56,6.19,5.12,2.56,17.09,4.09,3.84,6.67,1.86,1.59,0.84,0.92,2.12,58.77,33.54
E08000014,198197,29799,71019,16267,9708,6219,34329,8676,6705,11612,3863,2799,2009,1460,4015,117085,65185,Sefton,15.04,35.83,8.21,4.9,3.14,17.32,4.38,3.38,5.86,1.95,1.41,1.01,0.74,2.03,59.08,32.89
E08000015,230851,34513,83696,17334,11939,5758,38761,10491,9046,14724,4589,3638,2376,1994,4865,135543,77611,Wirral,14.95,36.26,7.51,5.17,2.49,16.79,4.54,3.92,6.38,1.99,1.58,1.03,0.86,2.11,58.71,33.62
E08000016,170405,24807,62841,13103,8738,3817,28008,6225,7435,11925,3506,2942,1349,1639,3577,100751,57099,Barnsley,14.56,36.88,7.69,5.13,2.24,16.44,3.65,4.36,7.0,2.06,1.73,0.79,0.96,2.1,59.12,33.51
E08000017,220877,33112,80998,16196,12697,4767,34110,8765,10746,12958,6528,4134,2000,2138,4936,130306,73107,Doncaster,14.99,36.67,7.33,5.75,2.16,15.44,3.97,4.87,5.87,2.96,1.87,0.91,0.97,2.23,58.99,33.1
E08000018,187959,28830,68860,13994,9821,4394,31117,7405,8864,10614,4060,3170,1693,1873,3917,111684,62060,Rotherham,15.34,36.64,7.45,5.23,2.34,16.56,3.94,4.72,5.65,2.16,1.69,0.9,1.0,2.08,59.42,33.02
E08000019,411004,56868,140933,30021,19626,22791,52941,44212,16682,18418,8512,5909,3157,4013,7641,227822,140765,Sheffield,13.84,34.29,7.3,4.78,5.55,12.88,10.76,4.06,4.48,2.07,1.44,0.77,0.98,1.86,55.43,34.25
E08000021,212864,25835,69811,13132,10652,14418,24571,29253,8868,11509,4815,2969,1788,2236,4119,108778,79016,Newcastle upon Tyne,12.14,32.8,6.17,5.0,6.77,11.54,13.74,4.17,5.41,2.26,1.39,0.84,1.05,1.94,51.1,37.12
E08000022,147889,21815,61349,9635,7304,4139,23497,5310,5048,7354,2438,1924,1505,1039,2965,92799,43647,North Tyneside,14.75,41.48,6.52,4.94,2.8,15.89,3.59,3.41,4.97,1.65,1.3,1.02,0.7,2.0,62.75,29.51
E08000023,108981,15480,40838,5948,7145,3234,17355,4611,4696,7234,2440,2114,1394,1240,2868,62266,36336,South Tyneside,14.2,37.47,5.46,6.56,2.97,15.92,4.23,4.31,6.64,2.24,1.94,1.28,1.14,2.63,57.13,33.34
E08000024,205552,29186,75899,11477,12016,6889,32215,10778,8666,14084,4342,3856,2028,2349,4678,116562,70085,Sunderland,14.2,36.92,5.58,5.85,3.35,15.67,5.24,4.22,6.85,2.11,1.88,0.99,1.14,2.28,56.71,34.1
E08000025,760252,96186,251668,52825,54114,33428,81213,74102,48771,39917,28028,14994,8237,13444,22140,400679,272031,Birmingham,12.65,33.1,6.95,7.12,4.4,10.68,9.75,6.42,5.25,3.69,1.97,1.08,1.77,2.91,52.7,35.78
E08000026,231871,29800,84624,14340,12532,12449,27790,24219,10049,10487,5581,3521,1916,2394,4872,128764,78126,Coventry,12.85,36.5,6.18,5.4,5.37,11.99,10.45,4.33,4.52,2.41,1.52,0.83,1.03,2.1,55.53,33.69
E08000027,226726,33987,86654,17079,12064,5746,36619,9636,10355,10060,4526,3479,2237,2035,5401,137720,71196,Dudley,14.99,38.22,7.53,5.32,2.53,16.15,4.25,4.57,4.44,2.0,1.53,0.99,0.9,2.38,60.74,31.4
E08000028,219508,29779,81339,13220,16049,6266,28582,11728,12859,12679,7007,4653,2550,3406,6937,124338,72855,Sandwell,13.57,37.06,6.02,7.31,2.85,13.02,5.34,5.86,5.78,3.19,2.12,1.16,1.55,3.16,56.64,33.19
E08000029,148360,21701,59212,13673,6304,4218,24019,6496,5506,4949,2282,2064,1201,983,2497,94586,43252,Solihull,14.63,39.91,9.22,4.25,2.84,16.19,4.38,3.71,3.34,1.54,1.39,0.81,0.66,1.68,63.75,29.15
E08000030,191974,26934,67743,13991,13006,5131,28865,9544,11220,9974,5566,3936,2086,2690,5844,108668,65169,Walsall,14.03,35.29,7.29,6.77,2.67,15.04,4.97,5.84,5.2,2.9,2.05,1.09,1.4,3.04,56.61,33.95
E08000031,179983,24364,63981,11384,14127,6546,23763,11036,9479,9765,5538,3989,2241,2823,6236,99729,59581,Wolverhampton,13.54,35.55,6.33,7.85,3.64,13.2,6.13,5.27,5.43,3.08,2.22,1.25,1.57,3.46,55.41,33.1
E08000032,366217,52795,125745,31473,21224,12490,43961,23311,24487,18176,12555,6193,3188,5053,8391,210013,122490,Bradford,14.42,34.34,8.59,5.8,3.41,12.0,6.37,6.69,4.96,3.43,1.69,0.87,1.38,2.29,57.35,33.45
E08000033,148766,21923,57617,14071,7394,3888,22405,6156,5844,6510,2958,2149,1418,1106,3009,93611,43873,Calderdale,14.74,38.73,9.46,4.97,2.61,15.06,4.14,3.93,4.38,1.99,1.44,0.95,0.74,2.02,62.92,29.49
E08000034,307194,44638,112199,27494,14465,10718,44027,17593,15227,13504,7329,4398,2392,2672,5850,184331,97680,Kirklees,14.53,36.52,8.95,4.71,3.49,14.33,5.73,4.96,4.4,2.39,1.43,0.78,0.87,1.9,60.0,31.8
E08000035,560849,73507,217528,42298,26786,29810,69446,46047,20435,22498,12494,7613,4454,4798,10856,333333,170920,Leeds,13.11,38.79,7.54,4.78,5.32,12.38,8.21,3.64,4.01,2.23,1.36,0.79,0.86,1.94,59.43,30.48
E08000036,240997,35763,95559,16704,11702,5040,38721,8474,9554,14092,5388,3875,1937,1900,4496,148026,76229,Wakefield,14.84,39.65,6.93,4.86,2.09,16.07,3.52,3.96,5.85,2.24,1.61,0.8,0.79,1.87,61.42,31.63
E09000001,6307,360,3245,1036,187,144,580,363,153,116,123,29,44,25,65,4641,1335,City of London,5.71,51.45,16.43,2.96,2.28,9.2,5.76,2.43,1.84,1.95,0.46,0.7,0.4,1.03,73.58,21.17
E09000002,127568,15608,44490,11421,9367,5518,10995,9485,9476,6459,4749,2328,1305,2050,3989,71519,41164,Barking and Dagenham,12.24,34.88,8.95,7.34,4.33,8.62,7.44,7.43,5.06,3.72,1.82,1.02,1.61,3.13,56.06,32.27
E09000003,258443,30478,93174,40290,11476,9065,22967,21112,14277,7885,7719,2460,2024,2177,4427,163942,73960,Barnet,11.79,36.05,15.59,4.44,3.51,8.89,8.17,5.52,3.05,2.99,0.95,0.78,0.84,1.71,63.43,28.62
E09000004,165914,23072,66838,16376,7245,5333,21839,9177,7696,4943,3395,2055,1346,1171,2846,106286,47050,Bexley,13.91,40.28,9.87,4.37,3.21,13.16,5.53,4.64,2.98,2.05,1.24,0.81,0.71,1.72,64.06,28.36
E09000005,233726,25702,83772,30004,13535,10978,18619,19919,13035,9119,9043,2691,2357,3161,5021,139478,69735,Brent,11.0,35.84,12.84,5.79,4.7,7.97,8.52,5.58,3.9,3.87,1.15,1.01,1.35,2.15,59.68,29.84
E09000006,222539,29012,91506,26590,8668,5506,29656,10635,10614,6057,4295,2164,1811,1179,3521,147108,61257,Bromley,13.04,41.12,11.95,3.9,2.47,13.33,4.78,4.77,2.72,1.93,0.97,0.81,0.53,1.58,66.1,27.53
E09000007,173833,13727,66955,23304,7755,6656,11908,22734,7874,7663,5257,1461,1404,1580,3068,103986,55436,Camden,7.9,38.52,13.41,4.46,3.83,6.85,13.08,4.53,4.41,3.02,0.84,0.81,0.91,1.76,59.82,31.89
E09000008,263048,33112,105621,27020,14512,10043,26079,16641,13265,9272,7483,3563,2527,2643,5805,165753,72740,Croydon,12.59,40.15,10.27,5.52,3.82,9.91,6.33,5.04,3.52,2.84,1.35,0.96,1.0,2.21,63.01,27.65
E09000009,252764,25882,100465,31153,13158,9957,20905,18771,14552,9134,8787,2732,2257,3013,5100,157500,72149,Ealing,10.24,39.75,12.32,5.21,3.94,8.27,7.43,5.76,3.61,3.48,1.08,0.89,1.19,2.02,62.31,28.54
E09000010,224024,29134,77326,25141,13192,8541,22062,17187,13464,9242,8735,3168,2082,3031,5262,131601,70690,Enfield,13.0,34.52,11.22,5.89,3.81,9.85,7.67,6.01,4.13,3.9,1.41,0.93,1.35,2.35,58.74,31.55
E09000011,186722,20697,71844,18305,11518,9709,15695,13957,9577,8621,6799,2714,1676,2518,4507,110846,54649,Greenwich,11.08,38.48,9.8,6.17,5.2,8.41,7.47,5.13,4.62,3.64,1.45,0.9,1.35,2.41,59.36,29.27
E09000012,187423,21394,68680,23293,13207,7309,10441,16455,9262,9788,7594,2679,2023,2899,5385,113367,53540,Hackney,11.41,36.64,12.43,7.05,3.9,5.57,8.78,4.94,5.22,4.05,1.43,1.08,1.55,2.87,60.49,28.57
E09000013,145552,11073,66703,17864,7060,5054,9135,11919,6645,5670,4429,1364,1102,1288,2708,95640,37798,Hammersmith and Fulham,7.61,45.83,12.27,4.85,3.47,6.28,8.19,4.57,3.9,3.04,0.94,0.76,0.88,1.86,65.71,25.97
E09000014,193062,21601,70472,26813,11730,7573,13391,15945,9604,8448,7485,2212,1901,2619,4360,118886,54873,Haringey,11.19,36.5,13.89,6.08,3.92,6.94,8.26,4.97,4.38,3.88,1.15,0.98,1.36,2.26,61.58,28.42
E09000015,174751,21423,65492,22119,7854,6419,18189,13417,9580,5105,5153,1688,1527,1620,2938,109034,51444,Harrow,12.26,37.48,12.66,4.49,3.67,10.41,7.68,5.48,2.92,2.95,0.97,0.87,0.93,1.68,62.39,29.44
E09000016,171128,23479,67989,17978,7627,4569,24404,7944,8374,5407,3357,2291,1446,1149,3093,109446,49486,Havering,13.72,39.73,10.51,4.46,2.67,14.26,4.64,4.89,3.16,1.96,1.34,0.84,0.67,1.81,63.96,28.92
E09000017,199926,23706,80835,18647,8693,9661,20310,16788,10311,5886,5089,2036,1574,1653,3499,123188,58384,Hillingdon,11.86,40.43,9.33,4.35,4.83,10.16,8.4,5.16,2.94,2.55,1.02,0.79,0.83,1.75,61.62,29.2
E09000018,190157,20588,79763,20391,8815,8310,15843,12769,11167,6502,6009,2064,1522,1761,3316,120742,52290,Hounslow,10.83,41.95,10.72,4.64,4.37,8.33,6.71,5.87,3.42,3.16,1.09,0.8,0.93,1.74,63.5,27.5
E09000019,165149,13596,69852,18877,8960,6203,10204,16458,6611,8707,5681,1966,1412,1824,3590,102325,47661,Islington,8.23,42.3,11.43,5.43,3.76,6.18,9.97,4.0,5.27,3.44,1.19,0.85,1.1,2.17,61.96,28.86
E09000020,126080,8583,51211,19404,5433,2886,10119,11031,7740,4503,5170,915,1020,909,2298,79198,38563,Kensington and Chelsea,6.81,40.62,15.39,4.31,2.29,8.03,8.75,6.14,3.57,4.1,0.73,0.81,0.72,1.82,62.82,30.59
E09000021,119673,13588,49530,14008,3850,6372,11281,10305,5616,2664,2459,879,804,526,1459,77126,32325,Kingston upon Thames,11.35,41.39,11.71,3.22,5.32,9.43,8.61,4.69,2.23,2.05,0.73,0.67,0.44,1.22,64.45,27.01
E09000022,237730,22530,110465,26828,14255,9112,13265,16062,8411,9068,7734,2810,2304,2725,5824,159823,54540,Lambeth,9.48,46.47,11.29,6.0,3.83,5.58,6.76,3.54,3.81,3.25,1.18,0.97,1.15,2.45,67.23,22.94
E09000023,206255,24079,82776,22050,12776,10112,15088,15018,9179,8779,6398,2765,2074,2474,5064,128905,54462,Lewisham,11.67,40.13,10.69,6.19,4.9,7.32,7.28,4.45,4.26,3.1,1.34,1.01,1.2,2.46,62.5,26.41
E09000024,149598,16484,65877,18543,6072,5062,12903,9150,7912,3741,3854,1257,1143,1043,2313,100904,37560,Merton,11.02,44.04,12.4,4.06,3.38,8.63,6.12,5.29,2.5,2.58,0.84,0.76,0.7,1.55,67.45,25.11
E09000025,228958,26408,70712,21742,15734,19165,13211,24959,16510,9728,10789,3695,2064,4623,5652,118862,75197,Newham,11.53,30.88,9.5,6.87,8.37,5.77,10.9,7.21,4.25,4.71,1.61,0.9,2.02,2.47,51.91,32.84
E09000026,199544,23948,71627,23437,10590,8174,19026,16199,13137,6548,6858,2475,1734,2467,4119,119012,61768,Redbridge,12.0,35.9,11.75,5.31,4.1,9.53,8.12,6.58,3.28,3.44,1.24,0.87,1.24,2.06,59.64,30.95
E09000027,137779,14207,61511,20467,4153,3752,13794,7383,6979,2802,2731,810,998,450,1560,96185,33689,Richmond upon Thames,10.31,44.64,14.85,3.01,2.72,10.01,5.36,5.07,2.03,1.98,0.59,0.72,0.33,1.13,69.81,24.45
E09000028,224551,22225,94675,22386,13484,11089,12940,22256,8438,9653,7405,2703,2336,2742,5447,139286,60692,Southwark,9.9,42.16,9.97,6.0,4.94,5.76,9.91,3.76,4.3,3.3,1.2,1.04,1.22,2.43,62.03,27.03
E09000029,138710,18502,60111,15819,5429,4134,15461,6454,6238,3904,2658,1378,1035,759,2155,94432,34715,Sutton,13.34,43.34,11.4,3.91,2.98,11.15,4.65,4.5,2.81,1.92,0.99,0.75,0.55,1.55,68.08,25.03
E09000030,196552,18852,78031,16336,13259,10755,9262,19407,13809,8893,7948,3446,1683,3442,4986,113219,59319,Tower Hamlets,9.59,39.7,8.31,6.75,5.47,4.71,9.87,7.03,4.52,4.04,1.75,0.86,1.75,2.54,57.6,30.18
E09000031,190978,21889,69385,23690,11654,8397,15335,15209,11429,7166,6824,2892,1775,2687,4458,114964,55963,Waltham Forest,11.46,36.33,12.4,6.1,4.4,8.03,7.96,5.98,3.75,3.57,1.51,0.93,1.41,2.33,60.2,29.3
E09000032,243533,18968,123965,29535,9311,8010,15140,14599,10424,7027,6554,1825,1585,1534,3589,172468,53744,Wandsworth,7.79,50.9,12.13,3.82,3.29,6.22,5.99,4.28,2.89,2.69,0.75,0.65,0.63,1.47,70.82,22.07
E09000033,175505,12606,72899,22026,7941,4946,12010,17835,9521,8492,7229,1356,1348,1621,3118,107531,55087,Westminster,7.18,41.54,12.55,4.52,2.82,6.84,10.16,5.42,4.84,4.12,0.77,0.77,0.92,1.78,61.27,31.39
W06000001,50818,6949,17274,5200,2381,1219,10150,2266,1891,2592,896,654,478,303,1058,29423,17795,Isle of Anglesey,13.67,33.99,10.23,4.69,2.4,19.97,4.46,3.72,5.1,1.76,1.29,0.94,0.6,2.08,57.9,35.02
W06000002,88913,12300,27834,10929,3176,3756,14561,7814,3062,3867,1614,944,637,396,1234,51063,30918,Gwynedd,13.83,31.3,12.29,3.57,4.22,16.38,8.79,3.44,4.35,1.82,1.06,0.72,0.45,1.39,57.43,34.77
W06000003,81906,12398,26697,9144,3362,2191,16178,3453,2684,4363,1436,919,707,387,1439,48239,28114,Conwy,15.14,32.59,11.16,4.1,2.68,19.75,4.22,3.28,5.33,1.75,1.12,0.86,0.47,1.76,58.9,34.32
W06000004,67676,9696,23121,6971,2857,1764,12487,3239,2314,4088,1139,960,537,417,1111,39788,23267,Denbighshire,14.33,34.16,10.3,4.22,2.61,18.45,4.79,3.42,6.04,1.68,1.42,0.79,0.62,1.64,58.79,34.38
W06000005,112325,16875,45785,8879,4332,3086,18839,4240,3858,4829,1602,1384,872,532,1621,71539,33368,Flintshire,15.02,40.76,7.9,3.86,2.75,16.77,3.77,3.43,4.3,1.43,1.23,0.78,0.47,1.44,63.69,29.71
W06000006,98691,14567,39011,7545,4128,3162,14983,4409,3799,5269,1818,1251,750,573,1690,61123,30278,Wrexham,14.76,39.53,7.65,4.18,3.2,15.18,4.47,3.85,5.34,1.84,1.27,0.76,0.58,1.71,61.93,30.68
W06000008,57405,6612,15161,8258,1469,3564,9550,7835,1610,2521,825,429,346,177,586,30031,22341,Ceredigion,11.52,26.41,14.39,2.56,6.21,16.64,13.65,2.8,4.39,1.44,0.75,0.6,0.31,1.02,52.31,38.92
W06000009,88049,13507,27231,11863,3555,1964,16505,3311,3766,4693,1654,1121,730,438,1273,52601,29929,Pembrokeshire,15.34,30.93,13.47,4.04,2.23,18.75,3.76,4.28,5.33,1.88,1.27,0.83,0.5,1.45,59.74,33.99
W06000010,132930,18475,44839,14642,4962,3299,24097,5992,5007,9055,2562,1612,920,726,2018,77956,46713,Carmarthenshire,13.9,33.73,11.01,3.73,2.48,18.13,4.51,3.77,6.81,1.93,1.21,0.69,0.55,1.52,58.64,35.14
W06000011,176971,25141,59606,11666,6831,8216,27684,15342,6565,12146,3774,2036,1106,986,2509,96413,65511,Swansea,14.21,33.68,6.59,3.86,4.64,15.64,8.67,3.71,6.86,2.13,1.15,0.62,0.56,1.42,54.48,37.02
W06000012,102986,14335,36977,5908,4630,2260,17837,4397,4446,9839,2357,1548,747,673,1706,57220,38876,Neath Port Talbot,13.92,35.9,5.74,4.5,2.19,17.32,4.27,4.32,9.55,2.29,1.5,0.73,0.65,1.66,55.56,37.75
W06000013,102805,14633,38066,6734,4687,2329,17204,4228,3986,7899,3039,1514,766,664,1858,59433,36356,Bridgend,14.23,37.03,6.55,4.56,2.27,16.73,4.11,3.88,7.68,2.96,1.47,0.75,0.65,1.81,57.81,35.36
W06000014,91816,13657,34955,8531,3956,2285,14912,4235,3362,4414,1509,1157,789,513,1623,57143,28432,Vale of Glamorgan,14.87,38.07,9.29,4.31,2.49,16.24,4.61,3.66,4.81,1.64,1.26,0.86,0.56,1.77,62.24,30.97
W06000015,260268,32468,97170,18317,11566,15232,27061,28383,10403,13477,6191,3465,1859,2097,4356,147955,85515,Cardiff,12.47,37.33,7.04,4.44,5.85,10.4,10.91,4.0,5.18,2.38,1.33,0.71,0.81,1.67,56.85,32.86
W06000016,172047,23068,61225,11033,8104,5300,27595,9914,7007,14854,3947,2824,1177,1464,3332,95326,63317,Rhondda Cynon Taf,13.41,35.59,6.41,4.71,3.08,16.04,5.76,4.07,8.63,2.29,1.64,0.68,0.85,1.94,55.41,36.8
W06000018,130950,17292,50160,7902,6731,2847,21032,5869,5645,10731,2741,2335,992,1240,2915,75354,46018,Caerphilly,13.21,38.3,6.03,5.14,2.17,16.06,4.48,4.31,8.19,2.09,1.78,0.76,0.95,2.23,57.54,35.14
W06000019,51809,6763,18147,2606,3557,1072,8709,2245,2312,4995,1403,1164,534,703,1583,27516,19664,Blaenau Gwent,13.05,35.03,5.03,6.87,2.07,16.81,4.33,4.46,9.64,2.71,2.25,1.03,1.36,3.06,53.11,37.95
W06000020,66107,9535,25574,3856,3163,1692,11115,2662,2897,4410,1203,1088,502,472,1269,38965,22287,Torfaen,14.42,38.69,5.83,4.78,2.56,16.81,4.03,4.38,6.67,1.82,1.65,0.76,0.71,1.92,58.94,33.71
W06000021,66107,9352,24246,7956,2217,1501,11640,2838,2426,2646,1285,735,454,309,821,41554,20835,Monmouthshire,14.15,36.68,12.04,3.35,2.27,17.61,4.29,3.67,4.0,1.94,1.11,0.69,0.47,1.24,62.86,31.52
W06000022,105141,15531,39177,6894,5616,3793,15389,5591,4642,6039,2469,1853,879,1033,2249,61602,34130,Newport,14.77,37.26,6.56,5.34,3.61,14.64,5.32,4.42,5.74,2.35,1.76,0.84,0.98,2.14,58.59,32.46
W06000023,96069,13955,31210,16705,2928,2048,17283,3539,3036,3926,1439,937,659,372,1095,61870,29223,Powys,14.53,32.49,17.39,3.05,2.13,17.99,3.68,3.16,4.09,1.5,0.98,0.69,0.39,1.14,64.4,30.42
W06000024,43377,5913,15882,2490,2481,1067,6690,2078,1678,4107,991,842,379,476,1082,24285,15544,Merthyr Tydfil,13.63,36.61,5.74,5.72,2.46,15.42,4.79,3.87,9.47,2.28,1.94,0.87,1.1,2.49,55.99,35.83
