geo_code,total_households,occ_plus2_more,occ_plus1,occ_zero,occ_minus1,occ_minus2_less,overcrowded_total,area_name,pct_occ_plus2_more,pct_occ_plus1,pct_occ_zero,pct_occ_minus1,pct_occ_minus2_less,pct_overcrowded_total
E06000001,40434,14261,15525,9576,947,125,1072,Hartlepool,35.27,38.4,23.68,2.34,0.31,2.65
E06000002,57203,18686,20890,15031,2246,350,2596,Middlesbrough,32.67,36.52,26.28,3.93,0.61,4.54
E06000003,59605,22262,22543,13404,1280,116,1396,Redcar and Cleveland,37.35,37.82,22.49,2.15,0.19,2.34
E06000004,79159,31297,28543,16962,2118,239,2357,Stockton-on-Tees,39.54,36.06,21.43,2.68,0.3,2.98
E06000005,46670,15682,18270,11450,1149,119,1268,Darlington,33.6,39.15,24.53,2.46,0.25,2.72
E06000006,53312,19128,19560,13103,1379,142,1521,Halton,35.88,36.69,24.58,2.59,0.27,2.85
E06000007,85140,33989,29986,19115,1825,225,2050,Warrington,39.92,35.22,22.45,2.14,0.26,2.41
E06000008,57353,15243,22427,16138,2914,631,3545,Blackburn with Darwen,26.58,39.1,28.14,5.08,1.1,6.18
E06000009,64367,19889,23113,19474,1712,179,1891,Blackpool,30.9,35.91,30.25,2.66,0.28,2.94
E06000010,112596,29218,44393,34194,4298,493,4791,"Kingston upon Hull, City of",25.95,39.43,30.37,3.82,0.44,4.26
E06000011,143032,61378,53874,25055,2484,241,2725,East Riding of Yorkshire,42.91,37.67,17.52,1.74,0.17,1.91
E06000012,69707,27152,25188,15627,1575,165,1740,North East Lincolnshire,38.95,36.13,22.42,2.26,0.24,2.5
E06000013,70684,29587,25328,13814,1715,240,1955,North Lincolnshire,41.86,35.83,19.54,2.43,0.34,2.77
E06000014,83552,29882,30944,19792,2668,266,2934,York,35.76,37.04,23.69,3.19,0.32,3.51
E06000015,102271,33257,36315,27581,4280,838,5118,Derby,32.52,35.51,26.97,4.18,0.82,5.0
E06000016,123125,30396,37782,42895,9758,2294,12052,Leicester,24.69,30.69,34.84,7.93,1.86,9.79
E06000017,15002,7964,4644,2209,164,21,185,Rutland,53.09,30.96,14.72,1.09,0.14,1.23
E06000018,126131,34176,43792,40587,6525,1051,7576,Nottingham,27.1,34.72,32.18,5.17,0.83,6.01
E06000019,78319,34194,24992,16836,2027,270,2297,"Herefordshire, County of",43.66,31.91,21.5,2.59,0.34,2.93
E06000020,66608,25368,24158,14801,1969,312,2281,Telford and Wrekin,38.09,36.27,22.22,2.96,0.47,3.42
E06000021,107575,27436,44489,30921,4119,610,4729,Stoke-on-Trent,25.5,41.36,28.74,3.83,0.57,4.4
E06000022,73515,28856,23735,18809,1938,177,2115,Bath and North East Somerset,39.25,32.29,25.59,2.64,0.24,2.88
E06000023,182747,53974,59623,59709,8273,1168,9441,"Bristol, City of",29.53,32.63,32.67,4.53,0.64,5.17
E06000024,88227,37393,30773,18527,1393,141,1534,North Somerset,42.38,34.88,21.0,1.58,0.16,1.74
E06000025,107538,46741,36224,22003,2355,215,2570,South Gloucestershire,43.46,33.68,20.46,2.19,0.2,2.39
E06000026,109307,32773,38199,34124,3806,405,4211,Plymouth,29.98,34.95,31.22,3.48,0.37,3.85
E06000027,59010,18738,22137,16616,1390,129,1519,Torbay,31.75,37.51,28.16,2.36,0.22,2.57
E06000030,88360,31357,31265,22795,2468,475,2943,Swindon,35.49,35.38,25.8,2.79,0.54,3.33
E06000031,74023,25725,24420,20071,3135,672,3807,Peterborough,34.75,32.99,27.11,4.24,0.91,5.14
E06000032,74293,19282,22550,24358,6242,1861,8103,Luton,25.95,30.35,32.79,8.4,2.5,10.91
E06000033,74678,21418,25701,24014,3156,389,3545,Southend-on-Sea,28.68,34.42,32.16,4.23,0.52,4.75
E06000034,62353,18367,21690,18918,2954,424,3378,Thurrock,29.46,34.79,30.34,4.74,0.68,5.42
E06000035,106209,34840,38009,29184,3613,563,4176,Medway,32.8,35.79,27.48,3.4,0.53,3.93
E06000036,45878,17630,15337,11579,1191,141,1332,Bracknell Forest,38.43,33.43,25.24,2.6,0.31,2.9
E06000037,62340,27020,20528,13383,1267,142,1409,West Berkshire,43.34,32.93,21.47,2.03,0.23,2.26
E06000038,62869,17844,20165,21079,3209,572,3781,Reading,28.38,32.07,33.53,5.1,0.91,6.01
E06000039,50766,9783,14176,20383,5208,1216,6424,Slough,19.27,27.92,40.15,10.26,2.4,12.65
E06000040,58349,24035,18798,13407,1830,279,2109,Windsor and Maidenhead,41.19,32.22,22.98,3.14,0.48,3.61
E06000041,60332,29625,19049,10493,1007,158,1165,Wokingham,49.1,31.57,17.39,1.67,0.26,1.93
E06000042,98584,34896,32227,26557,4188,716,4904,Milton Keynes,35.4,32.69,26.94,4.25,0.73,4.97
E06000043,121540,26223,37656,50100,6906,655,7561,Brighton and Hove,21.58,30.98,41.22,5.68,0.54,6.22
E06000044,85473,23322,29161,28713,3842,435,4277,Portsmouth,27.29,34.12,33.59,4.49,0.51,5.0
E06000045,98254,24068,31017,37428,5110,631,5741,Southampton,24.5,31.57,38.09,5.2,0.64,5.84
E06000046,61085,21286,23016,15229,1426,128,1554,Isle of Wight,34.85,37.68,24.93,2.33,0.21,2.54
E06000047,223803,77389,92840,48450,4599,525,5124,County Durham,34.58,41.48,21.65,2.05,0.23,2.29
E06000049,159441,69362,56720,30116,2897,346,3243,Cheshire East,43.5,35.57,18.89,1.82,0.22,2.03
E06000050,141442,60781,49773,27662,2893,333,3226,Cheshire West and Chester,42.97,35.19,19.56,2.05,0.24,2.28
E06000051,129674,56076,45461,25205,2592,340,2932,Shropshire,43.24,35.06,19.44,2.0,0.26,2.26
E06000052,230389,89107,83625,51880,5163,614,5777,Cornwall,38.68,36.3,22.52,2.24,0.27,2.51
E06000053,989,354,341,275,17,2,19,Isles of Scilly,35.79,34.48,27.81,1.72,0.2,1.92
E06000054,194194,85435,65674,38584,4116,385,4501,Wiltshire,43.99,33.82,19.87,2.12,0.2,2.32
E06000055,63812,25013,19788,16381,2200,430,2630,Bedford,39.2,31.01,25.67,3.45,0.67,4.12
E06000056,104399,42282,36477,22972,2389,279,2668,Central Bedfordshire,40.5,34.94,22.0,2.29,0.27,2.56
E07000008,46714,14175,14236,15736,2202,365,2567,Cambridge,30.34,30.47,33.69,4.71,0.78,5.5
E07000009,34614,14795,12334,6704,695,86,781,East Cambridgeshire,42.74,35.63,19.37,2.01,0.25,2.26
E07000010,40620,14627,15454,9211,1119,209,1328,Fenland,36.01,38.05,22.68,2.75,0.51,3.27
E07000011,69333,31657,22689,13393,1408,186,1594,Huntingdonshire,45.66,32.72,19.32,2.03,0.27,2.3
E07000012,59960,28387,19817,10495,1107,154,1261,South Cambridgeshire,47.34,33.05,17.5,1.85,0.26,2.1
E07000026,42345,17667,16602,7359,651,66,717,Allerdale,41.72,39.21,17.38,1.54,0.16,1.69
E07000027,31224,10174,12937,7449,615,49,664,Barrow-in-Furness,32.58,41.43,23.86,1.97,0.16,2.13
E07000028,48342,17739,19251,10305,943,104,1047,Carlisle,36.69,39.82,21.32,1.95,0.22,2.17
E07000029,30536,12934,11962,5017,558,65,623,Copeland,42.36,39.17,16.43,1.83,0.21,2.04
E07000030,23043,10808,8215,3676,310,34,344,Eden,46.9,35.65,15.95,1.35,0.15,1.49
E07000031,46552,20801,16892,8201,599,59,658,South Lakeland,44.68,36.29,17.62,1.29,0.13,1.41
E07000032,52596,19805,20816,10791,1080,104,1184,Amber Valley,37.65,39.58,20.52,2.05,0.2,2.25
E07000033,32801,11568,13999,6461,692,81,773,Bolsover,35.27,42.68,19.7,2.11,0.25,2.36
E07000034,46796,15751,17924,12003,1033,85,1118,Chesterfield,33.66,38.3,25.65,2.21,0.18,2.39
E07000035,30744,14045,10552,5651,437,59,496,Derbyshire Dales,45.68,34.32,18.38,1.42,0.19,1.61
E07000036,48692,18189,18898,10538,969,98,1067,Erewash,37.36,38.81,21.64,1.99,0.2,2.19
E07000037,38946,14660,14467,8832,897,90,987,High Peak,37.64,37.15,22.68,2.3,0.23,2.53
E07000038,43070,17326,16916,7996,758,74,832,North East Derbyshire,40.23,39.28,18.57,1.76,0.17,1.93
E07000039,38992,16671,14518,7119,620,64,684,South Derbyshire,42.75,37.23,18.26,1.59,0.16,1.75
E07000040,59071,25326,21803,10928,899,115,1014,East Devon,42.87,36.91,18.5,1.52,0.19,1.72
E07000041,49242,15865,16664,15083,1459,171,1630,Exeter,32.22,33.84,30.63,2.96,0.35,3.31
E07000042,32758,14296,11040,6784,569,69,638,Mid Devon,43.64,33.7,20.71,1.74,0.21,1.95
E07000043,40001,16362,13982,8900,689,68,757,North Devon,40.9,34.95,22.25,1.72,0.17,1.89
E07000044,36858,16818,12456,6979,543,62,605,South Hams,45.63,33.79,18.93,1.47,0.17,1.64
E07000045,54003,21355,20104,11544,902,98,1000,Teignbridge,39.54,37.23,21.38,1.67,0.18,1.85
E07000046,27986,12177,10186,5163,416,44,460,Torridge,43.51,36.4,18.45,1.49,0.16,1.64
E07000047,22725,10550,7497,4312,337,29,366,West Devon,46.42,32.99,18.97,1.48,0.13,1.61
E07000061,45012,12727,16476,14083,1570,156,1726,Eastbourne,28.27,36.6,31.29,3.49,0.35,3.83
E07000062,41159,11359,14359,13990,1304,147,1451,Hastings,27.6,34.89,33.99,3.17,0.36,3.53
E07000063,42181,15400,15326,10312,1041,102,1143,Lewes,36.51,36.33,24.45,2.47,0.24,2.71
E07000064,40877,15924,15178,8828,832,115,947,Rother,38.96,37.13,21.6,2.04,0.28,2.32
E07000065,62676,26916,22293,12116,1210,141,1351,Wealden,42.94,35.57,19.33,1.93,0.22,2.16
E07000066,72746,25590,24750,19687,2408,311,2719,Basildon,35.18,34.02,27.06,3.31,0.43,3.74
E07000067,61043,23698,21836,13970,1378,161,1539,Braintree,38.82,35.77,22.89,2.26,0.26,2.52
E07000068,30646,12200,10452,7024,880,90,970,Brentwood,39.81,34.11,22.92,2.87,0.29,3.17
E07000069,36440,12851,14205,8379,909,96,1005,Castle Point,35.27,38.98,22.99,2.49,0.26,2.76
E07000070,69667,29018,22674,16110,1670,195,1865,Chelmsford,41.65,32.55,23.12,2.4,0.28,2.68
E07000071,71634,26469,24521,18589,1856,199,2055,Colchester,36.95,34.23,25.95,2.59,0.28,2.87
E07000072,51991,19751,17077,13469,1533,161,1694,Epping Forest,37.99,32.85,25.91,2.95,0.31,3.26
E07000073,34620,9136,11677,11877,1765,165,1930,Harlow,26.39,33.73,34.31,5.1,0.48,5.57
E07000074,25817,11978,8445,4951,389,54,443,Maldon,46.4,32.71,19.18,1.51,0.21,1.72
E07000075,33564,12961,12540,7200,747,116,863,Rochford,38.62,37.36,21.45,2.23,0.35,2.57
E07000076,62105,19751,26156,14629,1411,158,1569,Tendring,31.8,42.12,23.56,2.27,0.25,2.53
E07000077,31316,14961,9969,5695,624,67,691,Uttlesford,47.77,31.83,18.19,1.99,0.21,2.21
E07000078,50929,17875,17726,13633,1512,183,1695,Cheltenham,35.1,34.81,26.77,2.97,0.36,3.33
E07000079,36236,17393,11671,6551,558,63,621,Cotswold,48.0,32.21,18.08,1.54,0.17,1.71
E07000080,34167,14599,11834,7018,654,62,716,Forest of Dean,42.73,34.64,20.54,1.91,0.18,2.1
E07000081,50363,17238,17760,13441,1692,232,1924,Gloucester,34.23,35.26,26.69,3.36,0.46,3.82
E07000082,47794,20938,15823,10035,888,110,998,Stroud,43.81,33.11,21.0,1.86,0.23,2.09
E07000083,35126,15753,12036,6717,564,56,620,Tewkesbury,44.85,34.27,19.12,1.61,0.16,1.77
E07000084,69315,29082,23166,15475,1423,169,1592,Basingstoke and Deane,41.96,33.42,22.33,2.05,0.24,2.3
E07000085,47258,21517,15031,9633,962,115,1077,East Hampshire,45.53,31.81,20.38,2.04,0.24,2.28
E07000086,52177,20514,18507,11875,1151,130,1281,Eastleigh,39.32,35.47,22.76,2.21,0.25,2.46
E07000087,46579,20755,15978,8964,791,91,882,Fareham,44.56,34.3,19.24,1.7,0.2,1.89
E07000088,35430,11071,13065,10109,1069,116,1185,Gosport,31.25,36.88,28.53,3.02,0.33,3.34
E07000089,35510,17803,10978,6008,641,80,721,Hart,50.14,30.92,16.92,1.81,0.23,2.03
E07000090,51311,18930,17500,13076,1627,178,1805,Havant,36.89,34.11,25.48,3.17,0.35,3.52
E07000091,76839,32526,27024,15591,1535,163,1698,New Forest,42.33,35.17,20.29,2.0,0.21,2.21
E07000092,36344,10902,12256,10997,1831,358,2189,Rushmoor,30.0,33.72,30.26,5.04,0.99,6.02
E07000093,47626,21677,15200,9640,1001,108,1109,Test Valley,45.52,31.92,20.24,2.1,0.23,2.33
E07000094,46865,21112,14458,10004,1151,140,1291,Winchester,45.05,30.85,21.35,2.46,0.3,2.75
E07000095,37658,12484,12215,11023,1745,191,1936,Broxbourne,33.15,32.44,29.27,4.63,0.51,5.14
E07000096,59938,22553,19374,16094,1733,184,1917,Dacorum,37.63,32.32,26.85,2.89,0.31,3.2
E07000098,39778,13247,13610,11031,1655,235,1890,Hertsmere,33.3,34.21,27.73,4.16,0.59,4.75
E07000099,53426,20603,18341,12985,1343,154,1497,North Hertfordshire,38.56,34.33,24.3,2.51,0.29,2.8
E07000102,35108,13181,11836,8827,1144,120,1264,Three Rivers,37.54,33.71,25.14,3.26,0.34,3.6
E07000103,36681,9408,11772,13035,2110,356,2466,Watford,25.65,32.09,35.54,5.75,0.97,6.72
E07000105,47787,19309,16510,10576,1220,172,1392,Ashford,40.41,34.55,22.13,2.55,0.36,2.91
E07000106,60771,20742,22457,15462,1884,226,2110,Canterbury,34.13,36.95,25.44,3.1,0.37,3.47
E07000107,40081,11831,13999,12349,1722,180,1902,Dartford,29.52,34.93,30.81,4.3,0.45,4.75
E07000108,48310,16873,17937,12029,1265,206,1471,Dover,34.93,37.13,24.9,2.62,0.43,3.04
E07000109,40431,13168,13549,11569,1830,315,2145,Gravesham,32.57,33.51,28.61,4.53,0.78,5.31
E07000110,63447,24073,22091,15104,1912,267,2179,Maidstone,37.94,34.82,23.81,3.01,0.42,3.43
E07000111,47020,20759,15084,10018,1043,116,1159,Sevenoaks,44.15,32.08,21.31,2.22,0.25,2.46
E07000112,47379,15972,16801,12982,1413,211,1624,Folkestone and Hythe,33.71,35.46,27.4,2.98,0.45,3.43
E07000113,55585,19636,20250,13838,1674,187,1861,Swale,35.33,36.43,24.9,3.01,0.34,3.35
E07000114,59513,17677,22360,17355,1888,233,2121,Thanet,29.7,37.57,29.16,3.17,0.39,3.56
E07000115,48140,19749,16344,10759,1148,140,1288,Tonbridge and Malling,41.02,33.95,22.35,2.38,0.29,2.68
E07000116,47174,17574,14776,13047,1582,195,1777,Tunbridge Wells,37.25,31.32,27.66,3.35,0.41,3.77
E07000117,37550,9920,15950,10135,1313,232,1545,Burnley,26.42,42.48,26.99,3.5,0.62,4.11
E07000118,44919,18260,16642,9071,842,104,946,Chorley,40.65,37.05,20.19,1.87,0.23,2.11
E07000119,34885,13962,13355,7083,443,42,485,Fylde,40.02,38.28,20.3,1.27,0.12,1.39
E07000120,34341,8286,14875,9591,1315,274,1589,Hyndburn,24.13,43.32,27.93,3.83,0.8,4.63
E07000121,57822,20507,22201,13659,1324,131,1455,Lancaster,35.47,38.4,23.62,2.29,0.23,2.52
E07000122,37348,10627,15308,9483,1542,388,1930,Pendle,28.45,40.99,25.39,4.13,1.04,5.17
E07000123,57567,18612,20501,15910,2185,359,2544,Preston,32.33,35.61,27.64,3.8,0.62,4.42
E07000124,24045,10084,9206,4376,348,31,379,Ribble Valley,41.94,38.29,18.2,1.45,0.13,1.58
E07000125,29058,9468,11055,7545,869,121,990,Rossendale,32.58,38.04,25.97,2.99,0.42,3.41
E07000126,46102,18814,17558,8809,852,69,921,South Ribble,40.81,38.09,19.11,1.85,0.15,2.0
E07000127,45381,19161,16500,8732,871,117,988,West Lancashire,42.22,36.36,19.24,1.92,0.26,2.18
E07000128,47281,17505,19541,9344,808,83,891,Wyre,37.02,41.33,19.76,1.71,0.18,1.88
E07000129,38686,17665,13720,6617,607,77,684,Blaby,45.66,35.47,17.1,1.57,0.2,1.77
E07000130,66516,26722,23405,14718,1440,231,1671,Charnwood,40.17,35.19,22.13,2.16,0.35,2.51
E07000131,34898,16996,11813,5563,463,63,526,Harborough,48.7,33.85,15.94,1.33,0.18,1.51
E07000132,45377,19436,17089,8065,696,91,787,Hinckley and Bosworth,42.83,37.66,17.77,1.53,0.2,1.73
E07000133,21490,10296,7164,3695,301,34,335,Melton,47.91,33.34,17.19,1.4,0.16,1.56
E07000134,39128,17229,13964,7189,672,74,746,North West Leicestershire,44.03,35.69,18.37,1.72,0.19,1.91
E07000135,21339,8340,8108,4223,575,93,668,Oadby and Wigston,39.08,38.0,19.79,2.69,0.44,3.13
E07000136,27291,9770,10020,6404,912,185,1097,Boston,35.8,36.72,23.47,3.34,0.68,4.02
E07000137,60890,23444,24976,11298,1044,128,1172,East Lindsey,38.5,41.02,18.55,1.71,0.21,1.92
E07000138,39825,12624,14329,11443,1282,147,1429,Lincoln,31.7,35.98,28.73,3.22,0.37,3.59
E07000139,45972,21998,17216,6237,464,57,521,North Kesteven,47.85,37.45,13.57,1.01,0.12,1.13
E07000140,37264,15263,13951,6912,959,179,1138,South Holland,40.96,37.44,18.55,2.57,0.48,3.05
E07000141,57344,26846,20180,9468,779,71,850,South Kesteven,46.82,35.19,16.51,1.36,0.12,1.48
E07000142,38385,18280,13948,5680,422,55,477,West Lindsey,47.62,36.34,14.8,1.1,0.14,1.24
E07000143,54519,22622,19974,10516,1208,199,1407,Breckland,41.49,36.64,19.29,2.22,0.37,2.58
E07000144,53336,24870,19303,8532,568,63,631,Broadland,46.63,36.19,16.0,1.06,0.12,1.18
E07000145,42079,13757,15880,10941,1316,185,1501,Great Yarmouth,32.69,37.74,26.0,3.13,0.44,3.57
E07000146,62977,24936,23584,12755,1464,238,1702,King's Lynn and West Norfolk,39.6,37.45,20.25,2.32,0.38,2.7
E07000147,46046,19230,17580,8385,770,81,851,North Norfolk,41.76,38.18,18.21,1.67,0.18,1.85
E07000148,60319,17981,21235,19429,1523,151,1674,Norwich,29.81,35.2,32.21,2.52,0.25,2.78
E07000149,52809,24609,18663,8783,675,79,754,South Norfolk,46.6,35.34,16.63,1.28,0.15,1.43
E07000163,24583,10373,9263,4525,368,54,422,Craven,42.2,37.68,18.41,1.5,0.22,1.72
E07000164,38117,18022,13137,6426,488,44,532,Hambleton,47.28,34.46,16.86,1.28,0.12,1.4
E07000165,67169,29231,23122,13284,1391,141,1532,Harrogate,43.52,34.42,19.78,2.07,0.21,2.28
E07000166,20207,8745,7275,3781,366,40,406,Richmondshire,43.28,36.0,18.71,1.81,0.2,2.01
E07000167,22524,10060,8255,3825,350,34,384,Ryedale,44.66,36.65,16.98,1.55,0.15,1.7
E07000168,49435,17514,18953,11718,1119,131,1250,Scarborough,35.43,38.34,23.7,2.26,0.26,2.53
E07000169,34559,15700,12098,6072,591,98,689,Selby,45.43,35.01,17.57,1.71,0.28,1.99
E07000170,50931,18327,20090,11227,1174,113,1287,Ashfield,35.98,39.45,22.04,2.31,0.22,2.53
E07000171,47667,20742,17102,8825,873,125,998,Bassetlaw,43.51,35.88,18.51,1.83,0.26,2.09
E07000172,46820,19153,17096,9375,1084,112,1196,Broxtowe,40.91,36.51,20.02,2.32,0.24,2.55
E07000173,49349,20512,18409,9501,814,113,927,Gedling,41.57,37.3,19.25,1.65,0.23,1.88
E07000174,44928,16220,16880,10490,1177,161,1338,Mansfield,36.1,37.57,23.35,2.62,0.36,2.98
E07000175,48773,22284,17223,8403,747,116,863,Newark and Sherwood,45.69,35.31,17.23,1.53,0.24,1.77
E07000176,45835,22731,15561,6788,677,78,755,Rushcliffe,49.59,33.95,14.81,1.48,0.17,1.65
E07000177,56728,22867,19180,12979,1483,219,1702,Cherwell,40.31,33.81,22.88,2.61,0.39,3.0
E07000178,55375,16093,17397,18567,2812,506,3318,Oxford,29.06,31.42,33.53,5.08,0.91,5.99
E07000179,54104,23696,18212,10893,1155,148,1303,South Oxfordshire,43.8,33.66,20.13,2.13,0.27,2.41
E07000180,49407,23353,15459,9621,879,95,974,Vale of White Horse,47.27,31.29,19.47,1.78,0.19,1.97
E07000181,43241,18876,15089,8405,775,96,871,West Oxfordshire,43.65,34.9,19.44,1.79,0.22,2.01
E07000187,46157,19839,15255,10017,943,103,1046,Mendip,42.98,33.05,21.7,2.04,0.22,2.27
E07000188,48801,20659,16834,10239,965,104,1069,Sedgemoor,42.33,34.5,20.98,1.98,0.21,2.19
E07000189,69501,29840,23726,14465,1328,142,1470,South Somerset,42.93,34.14,20.81,1.91,0.2,2.12
E07000192,40664,14155,14675,10616,1113,105,1218,Cannock Chase,34.81,36.09,26.11,2.74,0.26,3.0
E07000193,47251,18768,16572,10435,1281,195,1476,East Staffordshire,39.72,35.07,22.08,2.71,0.41,3.12
E07000194,41224,19018,13690,7540,873,103,976,Lichfield,46.13,33.21,18.29,2.12,0.25,2.37
E07000195,52574,18994,19533,12653,1275,119,1394,Newcastle-under-Lyme,36.13,37.15,24.07,2.43,0.23,2.65
E07000196,44458,19360,15989,8149,892,68,960,South Staffordshire,43.55,35.96,18.33,2.01,0.15,2.16
E07000197,55703,24865,18832,10925,945,136,1081,Stafford,44.64,33.81,19.61,1.7,0.24,1.94
E07000198,41772,17328,15716,7930,713,85,798,Staffordshire Moorlands,41.48,37.62,18.98,1.71,0.2,1.91
E07000199,31617,12016,11198,7552,768,83,851,Tamworth,38.0,35.42,23.89,2.43,0.26,2.69
E07000200,37522,17033,13195,6717,518,59,577,Babergh,45.39,35.17,17.9,1.38,0.16,1.54
E07000202,57298,18895,19943,16445,1741,274,2015,Ipswich,32.98,34.81,28.7,3.04,0.48,3.52
E07000203,40306,18483,14089,7084,581,69,650,Mid Suffolk,45.86,34.96,17.58,1.44,0.17,1.61
E07000207,52922,23842,16409,11263,1286,122,1408,Elmbridge,45.05,31.01,21.28,2.43,0.23,2.66
E07000208,29784,11447,10292,7046,888,111,999,Epsom and Ewell,38.43,34.56,23.66,2.98,0.37,3.35
E07000209,53973,21515,17083,13511,1681,183,1864,Guildford,39.86,31.65,25.03,3.11,0.34,3.45
E07000210,35828,15256,11178,8447,850,97,947,Mole Valley,42.58,31.2,23.58,2.37,0.27,2.64
E07000211,55423,21810,18530,13138,1742,203,1945,Reigate and Banstead,39.35,33.43,23.7,3.14,0.37,3.51
E07000212,32714,11323,11374,8924,977,116,1093,Runnymede,34.61,34.77,27.28,2.99,0.35,3.34
E07000213,39512,12814,13819,11174,1514,191,1705,Spelthorne,32.43,34.97,28.28,3.83,0.48,4.32
E07000214,33546,16170,10057,6381,833,105,938,Surrey Heath,48.2,29.98,19.02,2.48,0.31,2.8
E07000215,33342,14019,10723,7589,904,107,1011,Tandridge,42.05,32.16,22.76,2.71,0.32,3.03
E07000216,49280,22114,15632,10369,1031,134,1165,Waverley,44.87,31.72,21.04,2.09,0.27,2.36
E07000217,39467,14981,12159,10536,1507,284,1791,Woking,37.96,30.81,26.7,3.82,0.72,4.54
E07000218,25812,10522,9255,5385,592,58,650,North Warwickshire,40.76,35.86,20.86,2.29,0.22,2.52
E07000219,52711,19405,19591,12312,1251,152,1403,Nuneaton and Bedworth,36.81,37.17,23.36,2.37,0.29,2.66
E07000220,41875,17330,14540,9019,864,122,986,Rugby,41.39,34.72,21.54,2.06,0.29,2.35
E07000221,51928,24469,17420,9192,774,73,847,Stratford-on-Avon,47.12,33.55,17.7,1.49,0.14,1.63
E07000222,58679,22858,20879,13238,1524,180,1704,Warwick,38.95,35.58,22.56,2.6,0.31,2.9
E07000223,26957,8004,11045,7235,597,76,673,Adur,29.69,40.97,26.84,2.21,0.28,2.5
E07000224,66706,22871,25576,16304,1758,197,1955,Arun,34.29,38.34,24.44,2.64,0.3,2.93
E07000225,49848,21220,16822,10673,1018,115,1133,Chichester,42.57,33.75,21.41,2.04,0.23,2.27
E07000226,42727,13515,13668,13216,2019,309,2328,Crawley,31.63,31.99,30.93,4.73,0.72,5.45
E07000227,54923,23761,17963,11983,1075,141,1216,Horsham,43.26,32.71,21.82,1.96,0.26,2.21
E07000228,57409,23824,19166,13037,1226,156,1382,Mid Sussex,41.5,33.39,22.71,2.14,0.27,2.41
E07000229,47044,13066,17637,14793,1421,127,1548,Worthing,27.77,37.49,31.45,3.02,0.27,3.29
E07000234,38290,18480,12363,6790,607,50,657,Bromsgrove,48.26,32.29,17.73,1.59,0.13,1.72
E07000235,32212,14810,10693,6151,500,58,558,Malvern Hills,45.98,33.2,19.1,1.55,0.18,1.73
E07000236,34722,13219,10845,9190,1299,169,1468,Redditch,38.07,31.23,26.47,3.74,0.49,4.23
E07000237,42042,15242,14483,11072,1116,129,1245,Worcester,36.25,34.45,26.34,2.65,0.31,2.96
E07000238,49466,22719,16001,9646,990,110,1100,Wychavon,45.93,32.35,19.5,2.0,0.22,2.22
E07000239,42985,17014,15481,9468,926,96,1022,Wyre Forest,39.58,36.01,22.03,2.15,0.22,2.38
E08000001,116371,34061,44327,32614,4597,772,5369,Bolton,29.27,38.09,28.03,3.95,0.66,4.61
E08000002,78113,26474,29380,19533,2392,334,2726,Bury,33.89,37.61,25.01,3.06,0.43,3.49
E08000003,204969,45509,70320,73241,13471,2428,15899,Manchester,22.2,34.31,35.73,6.57,1.18,7.76
E08000004,89703,23051,34588,26110,4843,1111,5954,Oldham,25.7,38.56,29.11,5.4,1.24,6.64
E08000005,87552,24996,32074,25789,3963,730,4693,Rochdale,28.55,36.63,29.46,4.53,0.83,5.36
E08000006,103556,27942,39231,32075,3829,479,4308,Salford,26.98,37.88,30.97,3.7,0.46,4.16
E08000007,121979,45609,44149,28651,3200,370,3570,Stockport,37.39,36.19,23.49,2.62,0.3,2.93
E08000008,94953,26387,37604,27225,3286,451,3737,Tameside,27.79,39.6,28.67,3.46,0.47,3.94
E08000009,94484,36928,32905,21589,2667,395,3062,Trafford,39.08,34.83,22.85,2.82,0.42,3.24
E08000010,136386,46583,53937,32205,3331,330,3661,Wigan,34.16,39.55,23.61,2.44,0.24,2.68
E08000011,61323,22071,21944,14780,2241,287,2528,Knowsley,35.99,35.78,24.1,3.65,0.47,4.12
E08000012,206515,63556,74964,59105,7726,1164,8890,Liverpool,30.78,36.3,28.62,3.74,0.56,4.3
E08000013,75736,27539,29101,16952,1941,203,2144,St. Helens,36.36,38.42,22.38,2.56,0.27,2.83
E08000014,117930,46973,40827,26760,2997,373,3370,Sefton,39.83,34.62,22.69,2.54,0.32,2.86
E08000015,140583,57252,50517,29661,2804,349,3153,Wirral,40.72,35.93,21.1,1.99,0.25,2.24
E08000016,100734,35458,40924,21972,2171,209,2380,Barnsley,35.2,40.63,21.81,2.16,0.21,2.36
E08000017,126487,47959,47127,27337,3520,544,4064,Doncaster,37.92,37.26,21.61,2.78,0.43,3.21
E08000018,108293,39889,41052,24040,2801,511,3312,Rotherham,36.83,37.91,22.2,2.59,0.47,3.06
E08000019,229928,78341,78912,61797,9209,1669,10878,Sheffield,34.07,34.32,26.88,4.01,0.73,4.73
E08000021,117153,33721,44512,33757,4495,668,5163,Newcastle upon Tyne,28.78,37.99,28.81,3.84,0.57,4.41
E08000022,91295,30014,37089,22177,1832,183,2015,North Tyneside,32.88,40.63,24.29,2.01,0.2,2.21
E08000023,67167,19679,27034,18195,2045,214,2259,South Tyneside,29.3,40.25,27.09,3.04,0.32,3.36
E08000024,119758,35052,47965,32638,3657,446,4103,Sunderland,29.27,40.05,27.25,3.05,0.37,3.43
E08000025,410736,114917,129362,130011,29252,7194,36446,Birmingham,27.98,31.5,31.65,7.12,1.75,8.87
E08000026,128592,40626,45231,35848,5779,1108,6887,Coventry,31.59,35.17,27.88,4.49,0.86,5.36
E08000027,129867,46208,46714,32258,4110,577,4687,Dudley,35.58,35.97,24.84,3.16,0.44,3.61
E08000028,121498,34389,42517,36436,6789,1367,8156,Sandwell,28.3,34.99,29.99,5.59,1.13,6.71
E08000029,86056,38506,27259,18030,2024,237,2261,Solihull,44.75,31.68,20.95,2.35,0.28,2.63
E08000030,107822,36375,38324,27640,4570,913,5483,Walsall,33.74,35.54,25.63,4.24,0.85,5.09
E08000031,102177,30849,35032,30301,5082,913,5995,Wolverhampton,30.19,34.29,29.66,4.97,0.89,5.87
E08000032,199296,60547,70947,55430,9930,2442,12372,Bradford,30.38,35.6,27.81,4.98,1.23,6.21
E08000033,88621,27273,34244,24194,2510,400,2910,Calderdale,30.77,38.64,27.3,2.83,0.45,3.28
E08000034,173525,55072,61907,48249,6941,1356,8297,Kirklees,31.74,35.68,27.81,4.0,0.78,4.78
E08000035,320596,104816,116044,87902,10449,1385,11834,Leeds,32.69,36.2,27.42,3.26,0.43,3.69
E08000036,140414,48155,56580,31902,3320,457,3777,Wakefield,34.3,40.3,22.72,2.36,0.33,2.69
E09000001,4385,359,1042,2726,221,37,258,City of London,8.19,23.76,62.17,5.04,0.84,5.88
E09000002,69681,11661,20601,28024,7794,1601,9395,Barking and Dagenham,16.73,29.56,40.22,11.19,2.3,13.48
E09000003,135916,37823,39766,44691,11291,2345,13636,Barnet,27.83,29.26,32.88,8.31,1.73,10.03
E09000004,92604,28928,33027,26282,3763,604,4367,Bexley,31.24,35.66,28.38,4.06,0.65,4.72
E09000005,110286,19245,26061,45462,14867,4651,19518,Brent,17.45,23.63,41.22,13.48,4.22,17.7
E09000006,130862,46728,43322,35591,4646,575,5221,Bromley,35.71,33.11,27.2,3.55,0.44,3.99
E09000007,97534,12965,24078,49096,9474,1921,11395,Camden,13.29,24.69,50.34,9.71,1.97,11.68
E09000008,145010,38082,42195,50758,11962,2013,13975,Croydon,26.26,29.1,35.0,8.25,1.39,9.64
E09000009,124082,26910,32978,46889,13470,3835,17305,Ealing,21.69,26.58,37.79,10.86,3.09,13.95
E09000010,119916,28994,34588,42875,11327,2132,13459,Enfield,24.18,28.84,35.75,9.45,1.78,11.22
E09000011,101045,20799,30542,38693,8892,2119,11011,Greenwich,20.58,30.23,38.29,8.8,2.1,10.9
E09000012,101690,11344,23270,51569,12882,2625,15507,Hackney,11.16,22.88,50.71,12.67,2.58,15.25
E09000013,80590,12893,19862,37971,8271,1593,9864,Hammersmith and Fulham,16.0,24.65,47.12,10.26,1.98,12.24
E09000014,101955,17717,24122,43882,13169,3065,16234,Haringey,17.38,23.66,43.04,12.92,3.01,15.92
E09000015,84268,24266,25470,25800,6927,1805,8732,Harrow,28.8,30.22,30.62,8.22,2.14,10.36
E09000016,97199,33455,33805,26038,3431,470,3901,Havering,34.42,34.78,26.79,3.53,0.48,4.01
E09000017,100214,25044,31461,33958,7972,1779,9751,Hillingdon,24.99,31.39,33.89,7.95,1.78,9.73
E09000018,94902,19236,27077,36616,9626,2347,11973,Hounslow,20.27,28.53,38.58,10.14,2.47,12.62
E09000019,93556,11002,23138,49439,8584,1393,9977,Islington,11.76,24.73,52.84,9.18,1.49,10.66
E09000020,78536,11825,22555,37612,5649,895,6544,Kensington and Chelsea,15.06,28.72,47.89,7.19,1.14,8.33
E09000021,63639,18805,20981,20172,3216,465,3681,Kingston upon Thames,29.55,32.97,31.7,5.05,0.73,5.78
E09000022,130017,20050,33355,59405,14446,2761,17207,Lambeth,15.42,25.65,45.69,11.11,2.12,13.23
E09000023,116091,20981,32468,48624,11704,2314,14018,Lewisham,18.07,27.97,41.88,10.08,1.99,12.08
E09000024,78757,21531,24276,25735,6036,1179,7215,Merton,27.34,30.82,32.68,7.66,1.5,9.16
E09000025,101519,12165,22258,41515,17882,7699,25581,Newham,11.98,21.92,40.89,17.61,7.58,25.2
E09000026,99105,26462,29590,32329,8581,2143,10724,Redbridge,26.7,29.86,32.62,8.66,2.16,10.82
E09000027,79835,26568,26674,23577,2699,317,3016,Richmond upon Thames,33.28,33.41,29.53,3.38,0.4,3.78
E09000028,120422,16077,31119,54751,14949,3526,18475,Southwark,13.35,25.84,45.47,12.41,2.93,15.34
E09000029,78174,21797,26295,25952,3631,499,4130,Sutton,27.88,33.64,33.2,4.64,0.64,5.28
E09000030,101257,8094,25500,51058,12875,3730,16605,Tower Hamlets,7.99,25.18,50.42,12.72,3.68,16.4
E09000031,96861,18674,26808,36476,11617,3286,14903,Waltham Forest,19.28,27.68,37.66,11.99,3.39,15.39
E09000032,130493,27006,37131,54916,9762,1678,11440,Wandsworth,20.7,28.45,42.08,7.48,1.29,8.77
E09000033,105772,12052,27806,54401,9709,1804,11513,Westminster,11.39,26.29,51.43,9.18,1.71,10.88
W06000001,30594,13537,10865,5517,602,73,675,Isle of Anglesey,44.25,35.51,18.03,1.97,0.24,2.21
W06000002,52473,22360,18747,10008,1193,165,1358,Gwynedd,42.61,35.73,19.07,2.27,0.31,2.59
W06000003,51177,18759,19576,11514,1207,121,1328,Conwy,36.66,38.25,22.5,2.36,0.24,2.59
W06000004,40546,14362,15845,9154,1052,133,1185,Denbighshire,35.42,39.08,22.58,2.59,0.33,2.92
W06000005,63781,25858,23257,12857,1636,173,1809,Flintshire,40.54,36.46,20.16,2.57,0.27,2.84
W06000006,57029,20594,21081,13406,1689,259,1948,Wrexham,36.11,36.97,23.51,2.96,0.45,3.42
W06000008,31562,14182,10361,6174,737,108,845,Ceredigion,44.93,32.83,19.56,2.34,0.34,2.68
W06000009,53122,23460,17896,10483,1159,124,1283,Pembrokeshire,44.16,33.69,19.73,2.18,0.23,2.42
W06000010,78829,35235,27582,14132,1673,207,1880,Carmarthenshire,44.7,34.99,17.93,2.12,0.26,2.38
W06000011,103497,38522,36602,25111,2897,365,3262,Swansea,37.22,35.37,24.26,2.8,0.35,3.15
W06000012,60393,24503,21751,12588,1405,146,1551,Neath Port Talbot,40.57,36.02,20.84,2.33,0.24,2.57
W06000013,58515,24430,21061,11623,1257,144,1401,Bridgend,41.75,35.99,19.86,2.15,0.25,2.39
W06000014,53505,23441,18330,10598,1008,128,1136,Vale of Glamorgan,43.81,34.26,19.81,1.88,0.24,2.12
W06000015,142557,47911,47479,40844,5503,820,6323,Cardiff,33.61,33.31,28.65,3.86,0.58,4.44
W06000016,99663,39825,37004,20269,2274,291,2565,Rhondda Cynon Taf,39.96,37.13,20.34,2.28,0.29,2.57
W06000018,74479,28557,27812,15861,2033,216,2249,Caerphilly,38.34,37.34,21.3,2.73,0.29,3.02
W06000019,30416,9915,12251,7233,926,91,1017,Blaenau Gwent,32.6,40.28,23.78,3.04,0.3,3.34
W06000020,38524,14332,14058,8933,1080,121,1201,Torfaen,37.2,36.49,23.19,2.8,0.31,3.12
W06000021,38233,18834,11653,6975,674,97,771,Monmouthshire,49.26,30.48,18.24,1.76,0.25,2.02
W06000022,61172,23889,20999,14127,1914,243,2157,Newport,39.05,34.33,23.09,3.13,0.4,3.53
W06000023,58345,27199,19954,10011,1056,125,1181,Powys,46.62,34.2,17.16,1.81,0.21,2.02
W06000024,24264,8565,8867,5786,930,116,1046,Merthyr Tydfil,35.3,36.54,23.85,3.83,0.48,4.31
