geo_code,area_name,pct_owned_total,pct_owned_outright,pct_owned_mortgage,pct_social_rented_total,pct_private_rented_total,pct_rent_free,pct_overcrowded_total,pct_occ_minus1,pct_occ_minus2_less,pct_occ_zero,pct_occ_plus1,pct_occ_plus2_more,pct_deprived_0,pct_deprived_1,pct_deprived_2,pct_deprived_3,pct_deprived_4,pct_multi_deprived,pct_any_deprived,pct_unemployed,pct_employed_total,pct_inactive_total,pct_inactive_sick,pct_self_employed,year
E06000001,Hartlepool,59.84,27.43,32.41,23.53,14.77,1.37,2.65,2.34,0.31,23.68,38.4,35.27,35.49,31.71,24.66,7.68,0.46,32.8,64.51,7.77,54.69,34.86,7.08,5.7,2011
E06000002,Middlesbrough,57.21,26.57,30.63,23.87,16.62,1.71,4.54,3.93,0.61,26.28,36.52,32.67,34.49,32.54,23.98,8.37,0.62,32.97,65.51,7.59,51.25,36.77,6.8,5.14,2011
E06000003,Redcar and Cleveland,66.61,33.23,33.38,19.41,12.47,1.08,2.34,2.15,0.19,22.49,37.82,37.35,37.78,32.47,23.11,6.18,0.47,29.76,62.22,6.59,55.01,35.94,5.92,5.91,2011
E06000004,Stockton-on-Tees,68.5,29.42,39.09,17.21,13.12,0.84,2.98,2.68,0.3,21.43,36.06,39.54,43.34,31.19,19.9,5.2,0.37,25.47,56.66,5.74,59.68,31.56,4.88,6.36,2011
E06000005,Darlington,64.9,29.59,35.31,15.49,18.24,0.99,2.72,2.46,0.25,24.53,39.15,33.6,43.25,31.97,19.19,5.16,0.43,24.78,56.75,5.22,61.97,30.26,4.88,7.3,2011
E06000006,Halton,63.39,27.08,36.31,25.21,9.78,1.01,2.85,2.59,0.27,24.58,36.69,35.88,37.63,31.22,22.96,7.7,0.5,31.16,62.37,5.56,60.13,31.6,6.96,5.85,2011
E06000007,Warrington,71.55,31.95,39.59,15.64,11.22,0.85,2.41,2.14,0.26,22.45,35.22,39.92,47.22,30.46,17.57,4.41,0.34,22.32,52.78,3.99,65.08,27.9,4.06,7.77,2011
E06000008,Blackburn with Darwen,64.15,31.45,32.7,18.12,15.68,1.54,6.18,5.08,1.1,28.14,39.1,26.58,35.92,32.12,22.85,8.33,0.78,31.97,64.08,5.34,55.67,35.8,7.07,7.66,2011
E06000009,Blackpool,61.6,30.01,31.59,10.87,26.05,1.1,2.94,2.66,0.28,30.25,35.91,30.9,31.55,32.16,25.58,9.3,1.41,36.29,68.45,6.1,56.86,33.98,7.93,9.59,2011
E06000010,"Kingston upon Hull, City of",49.54,19.85,29.69,28.1,20.41,1.5,4.26,3.82,0.44,30.37,39.43,25.95,33.5,33.04,24.78,8.01,0.66,33.46,66.5,8.02,55.55,32.78,6.05,5.15,2011
E06000011,East Riding of Yorkshire,75.3,39.25,36.05,9.11,13.74,1.55,1.91,1.74,0.17,17.52,37.67,42.91,46.18,32.67,17.61,3.26,0.28,21.15,53.82,3.58,62.48,31.24,3.14,10.11,2011
E06000012,North East Lincolnshire,66.09,30.84,35.25,14.48,18.11,1.01,2.5,2.26,0.24,22.42,36.13,38.95,38.12,33.28,22.24,5.93,0.43,28.6,61.88,6.46,59.24,31.6,4.85,6.46,2011
E06000013,North Lincolnshire,69.52,33.04,36.48,15.41,13.41,1.41,2.77,2.43,0.34,19.54,35.83,41.86,41.64,33.11,20.53,4.41,0.31,25.24,58.36,4.8,62.06,30.79,4.21,7.25,2011
E06000014,York,66.1,33.93,32.17,13.98,17.93,1.24,3.51,3.19,0.32,23.69,37.04,35.76,49.56,32.17,14.99,3.02,0.25,18.27,50.44,3.06,61.32,29.94,2.46,8.23,2011
E06000015,Derby,61.37,29.57,31.8,19.8,16.81,1.17,5.0,4.18,0.82,26.97,35.51,32.52,40.69,32.3,20.53,5.92,0.56,27.01,59.31,5.19,59.65,31.01,4.78,6.5,2011
E06000016,Leicester,49.68,22.76,26.93,25.4,22.74,1.55,9.79,7.93,1.86,34.84,30.69,24.69,32.66,34.1,24.17,8.05,1.01,33.24,67.34,6.18,52.9,35.42,5.12,5.79,2011
E06000017,Rutland,70.36,39.25,31.11,11.23,15.55,1.79,1.23,1.09,0.14,14.72,30.96,53.09,53.61,31.19,12.9,2.21,0.09,15.2,46.39,2.38,64.72,30.66,1.71,12.38,2011
E06000018,Nottingham,45.09,19.94,25.14,29.72,23.07,1.5,6.01,5.17,0.83,32.18,34.72,27.1,34.35,33.86,23.11,7.88,0.8,31.79,65.65,6.37,48.63,38.67,5.67,5.6,2011
E06000019,"Herefordshire, County of",67.69,39.41,28.28,13.92,15.51,1.9,2.93,2.59,0.34,21.5,31.91,43.66,44.01,33.82,17.84,4.0,0.34,22.17,55.99,3.26,65.64,28.72,3.45,14.35,2011
E06000020,Telford and Wrekin,63.68,27.18,36.5,19.68,14.98,1.22,3.42,2.96,0.47,22.22,36.27,38.09,41.73,32.05,20.34,5.51,0.37,26.22,58.27,4.75,61.9,30.53,4.91,7.02,2011
E06000021,Stoke-on-Trent,59.43,28.47,30.96,24.17,14.35,1.66,4.4,3.83,0.57,28.74,41.36,25.5,33.85,31.58,25.71,8.28,0.59,34.58,66.15,5.31,56.49,34.5,7.23,6.26,2011
E06000022,Bath and North East Somerset,66.75,35.13,31.61,14.44,16.93,1.38,2.88,2.64,0.24,25.59,32.29,39.25,49.58,31.43,15.44,3.2,0.36,18.99,50.42,2.72,60.89,31.25,2.77,10.96,2011
E06000023,"Bristol, City of",54.01,24.58,29.43,20.29,23.55,1.39,5.17,4.53,0.64,32.67,32.63,29.53,42.38,32.19,19.05,5.71,0.68,25.43,57.62,4.3,61.56,29.36,4.35,8.43,2011
E06000024,North Somerset,72.95,36.81,36.15,9.18,16.17,1.07,1.74,1.58,0.16,21.0,34.88,42.38,47.33,32.19,16.43,3.64,0.41,20.48,52.67,2.99,64.77,29.41,3.86,10.61,2011
E06000025,South Gloucestershire,74.94,34.45,40.48,9.89,13.58,1.14,2.39,2.19,0.2,20.46,33.68,43.46,50.31,31.52,15.08,2.83,0.26,18.17,49.69,2.78,68.11,25.6,2.53,8.91,2011
E06000026,Plymouth,58.69,27.23,31.47,19.3,20.15,1.09,3.85,3.48,0.37,31.22,34.95,29.98,39.48,33.31,20.28,6.18,0.74,27.2,60.52,4.24,57.72,33.39,5.24,6.84,2011
E06000027,Torbay,66.81,36.44,30.37,8.07,23.21,0.97,2.57,2.36,0.22,28.16,37.51,31.75,36.12,34.51,22.28,6.15,0.94,29.36,63.88,4.55,58.58,34.26,5.8,11.43,2011
E06000030,Swindon,65.53,25.75,39.78,16.28,16.04,0.89,3.33,2.79,0.54,25.8,35.38,35.49,45.48,32.25,17.46,4.39,0.41,22.26,54.52,4.23,68.87,24.04,3.42,7.83,2011
E06000031,Peterborough,59.27,25.85,33.43,19.5,19.14,1.16,5.14,4.24,0.91,27.11,32.99,34.75,40.08,33.22,20.55,5.56,0.59,26.7,59.92,5.06,64.52,27.72,4.14,7.57,2011
E06000032,Luton,60.16,25.06,35.1,15.77,22.63,1.05,10.91,8.4,2.5,32.79,30.35,25.95,35.86,35.56,21.79,6.11,0.69,28.59,64.14,5.74,57.76,30.95,3.78,8.4,2011
E06000033,Southend-on-Sea,65.17,30.75,34.42,11.51,22.01,0.9,4.75,4.23,0.52,32.16,34.42,28.68,40.0,33.41,19.99,5.87,0.74,26.59,60.0,4.97,62.97,29.34,4.25,10.24,2011
E06000034,Thurrock,66.2,25.5,40.7,18.45,14.07,0.8,5.42,4.74,0.68,30.34,34.79,29.46,38.61,34.22,21.41,5.27,0.5,27.17,61.39,5.42,65.85,25.99,3.54,8.9,2011
E06000035,Medway,67.65,28.9,38.75,13.18,17.09,1.03,3.93,3.4,0.53,27.48,35.79,32.8,41.54,33.57,19.13,5.23,0.54,24.89,58.46,4.88,62.8,28.95,3.78,8.69,2011
E06000036,Bracknell Forest,68.48,24.89,43.59,16.74,12.5,1.13,2.9,2.6,0.31,25.24,33.43,38.43,53.02,30.32,13.63,2.71,0.31,16.66,46.98,3.38,72.18,21.63,2.13,9.83,2011
E06000037,West Berkshire,69.67,31.21,38.47,13.84,13.72,1.65,2.26,2.03,0.23,21.47,32.93,43.34,53.66,30.22,13.18,2.67,0.26,16.11,46.34,2.93,70.81,23.79,2.16,11.33,2011
E06000038,Reading,54.84,22.62,32.22,16.29,26.08,0.99,6.01,5.1,0.91,33.53,32.07,28.38,45.93,32.52,16.42,4.59,0.54,21.55,54.07,4.56,64.36,26.09,2.76,7.91,2011
E06000039,Slough,52.7,18.72,33.99,20.64,24.32,0.99,12.65,10.26,2.4,40.15,27.92,19.27,34.93,36.32,21.82,6.22,0.72,28.75,65.07,5.42,64.13,26.52,3.37,8.89,2011
E06000040,Windsor and Maidenhead,68.0,32.58,35.41,13.28,16.16,1.95,3.61,3.14,0.48,22.98,32.22,41.19,54.43,30.24,12.76,2.34,0.23,15.33,45.57,3.16,69.04,25.51,1.76,12.38,2011
E06000041,Wokingham,79.73,35.57,44.16,7.02,11.2,0.93,1.93,1.67,0.26,17.39,31.57,49.1,59.42,28.39,10.39,1.65,0.15,12.19,40.58,2.63,70.03,24.37,1.55,10.76,2011
E06000042,Milton Keynes,57.73,21.46,36.27,18.02,17.31,0.87,4.97,4.25,0.73,26.94,32.69,35.4,46.75,32.13,16.45,4.23,0.44,21.12,53.25,4.76,68.02,24.07,3.2,8.67,2011
E06000043,Brighton and Hove,53.31,23.36,29.94,14.96,29.59,1.28,6.22,5.68,0.54,41.22,30.98,21.58,42.97,32.85,17.79,5.52,0.86,24.18,57.03,3.71,62.02,28.44,4.18,12.92,2011
E06000044,Portsmouth,54.87,24.12,30.75,18.26,24.68,1.22,5.0,4.49,0.51,33.59,34.12,27.29,41.86,32.89,18.84,5.73,0.68,25.25,58.14,4.25,58.5,31.14,3.78,7.52,2011
E06000045,Southampton,49.74,21.66,28.08,23.27,24.88,1.07,5.84,5.2,0.64,38.09,31.57,24.5,39.81,33.38,20.04,5.98,0.79,26.81,60.19,4.23,57.66,31.64,4.07,7.19,2011
E06000046,Isle of Wight,70.09,41.08,29.02,10.68,17.42,1.22,2.54,2.33,0.21,24.93,37.68,34.85,39.18,34.96,20.4,4.9,0.56,25.85,60.82,4.4,57.78,35.62,4.52,11.58,2011
E06000047,County Durham,65.84,31.03,34.81,20.11,12.57,1.26,2.29,2.05,0.23,21.65,41.48,34.58,39.31,30.78,23.17,6.41,0.33,29.91,60.69,4.43,57.28,35.62,6.48,6.59,2011
E06000049,Cheshire East,74.49,37.53,36.95,11.38,12.5,1.14,2.03,1.82,0.22,18.89,35.57,43.5,49.94,30.63,15.86,3.32,0.25,19.43,50.06,3.23,64.53,29.41,3.07,10.72,2011
E06000050,Cheshire West and Chester,70.77,34.73,36.04,14.71,12.54,1.21,2.28,2.05,0.24,19.56,35.19,42.97,47.0,30.85,17.56,4.27,0.32,22.16,53.0,3.68,63.21,29.77,3.94,8.99,2011
E06000051,Shropshire,69.16,38.56,30.61,13.46,14.98,1.76,2.26,2.0,0.26,19.44,35.06,43.24,45.93,32.63,17.52,3.63,0.29,21.44,54.07,3.28,65.39,28.99,3.23,12.74,2011
E06000052,Cornwall,68.81,39.98,28.83,12.0,16.76,1.67,2.51,2.24,0.27,22.52,36.3,38.68,40.18,34.6,19.9,4.83,0.49,25.22,59.82,3.26,60.69,33.27,4.37,13.63,2011
E06000053,Isles of Scilly,41.66,31.65,10.01,18.1,29.73,9.71,1.92,1.72,0.2,27.81,34.48,35.79,38.42,41.86,15.98,3.64,0.1,19.72,61.58,1.11,80.52,17.94,0.86,26.7,2011
E06000054,Wiltshire,67.5,33.85,33.65,14.72,15.43,1.59,2.32,2.12,0.2,19.87,33.82,43.99,49.77,32.18,14.85,2.95,0.25,18.05,50.23,2.94,68.35,26.15,2.68,11.22,2011
E06000055,Bedford,65.72,31.37,34.35,16.07,15.84,1.33,4.12,3.45,0.67,25.67,31.01,39.2,45.51,32.27,17.57,4.19,0.46,22.22,54.49,4.45,63.83,28.11,3.3,9.52,2011
E06000056,Central Bedfordshire,72.55,31.65,40.9,13.39,12.08,1.14,2.56,2.29,0.27,22.0,34.94,40.5,50.49,31.37,15.05,2.83,0.26,18.14,49.51,3.45,68.49,25.25,2.36,10.97,2011
E07000008,Cambridge,47.46,24.92,22.55,23.6,26.24,1.58,5.5,4.71,0.78,33.69,30.47,30.34,49.08,32.26,14.42,3.83,0.4,18.66,50.92,2.69,55.6,36.02,2.48,7.42,2011
E07000009,East Cambridgeshire,68.52,32.2,36.33,14.28,13.22,2.51,2.26,2.01,0.25,19.37,35.63,42.74,49.6,31.97,15.44,2.81,0.18,18.43,50.4,2.88,70.44,24.37,2.37,11.9,2011
E07000010,Fenland,70.0,35.67,34.33,12.44,15.61,1.44,3.27,2.75,0.51,22.68,38.05,36.01,36.24,34.53,23.48,5.32,0.42,29.22,63.76,4.23,62.68,30.94,4.48,9.25,2011
E07000011,Huntingdonshire,71.25,31.98,39.27,12.89,14.09,1.04,2.3,2.03,0.27,19.32,32.72,45.66,50.37,31.68,14.89,2.81,0.25,17.95,49.63,3.16,68.78,25.42,2.48,9.5,2011
E07000012,South Cambridgeshire,70.26,34.62,35.64,14.25,11.96,1.42,2.1,1.85,0.26,17.5,33.05,47.34,55.95,29.5,12.41,1.99,0.14,14.55,44.05,2.32,71.08,23.85,1.98,11.61,2011
E07000026,Allerdale,69.0,39.4,29.59,19.1,9.78,1.65,1.69,1.54,0.16,17.38,39.21,41.72,42.37,32.14,20.01,5.21,0.27,25.49,57.63,3.6,63.16,31.1,4.53,10.29,2011
E07000027,Barrow-in-Furness,73.46,36.58,36.88,11.06,14.23,1.13,2.13,1.97,0.16,23.86,41.43,32.58,37.78,30.84,22.72,7.75,0.91,31.38,62.22,4.63,59.39,33.67,7.28,6.17,2011
E07000028,Carlisle,68.26,34.66,33.6,15.3,14.3,1.45,2.17,1.95,0.22,21.32,39.82,36.69,42.4,32.96,19.05,5.13,0.45,24.64,57.6,3.58,65.09,28.07,4.67,9.19,2011
E07000029,Copeland,70.97,37.05,33.91,18.56,8.73,1.43,2.04,1.83,0.21,16.43,39.17,42.36,41.33,31.16,21.05,6.06,0.41,27.52,58.67,4.24,61.07,32.95,5.45,6.97,2011
E07000030,Eden,70.56,43.61,26.95,10.07,15.99,2.46,1.49,1.35,0.15,15.95,35.65,46.9,46.08,33.82,16.62,3.17,0.31,20.1,53.92,2.12,68.48,26.65,2.75,17.26,2011
E07000031,South Lakeland,72.97,44.67,28.3,10.42,14.25,1.86,1.41,1.29,0.13,17.62,36.29,44.68,48.43,33.64,14.93,2.81,0.2,17.93,51.57,2.01,65.91,29.59,2.59,14.64,2011
E07000032,Amber Valley,74.1,38.23,35.87,12.33,11.79,1.37,2.25,2.05,0.2,20.52,39.58,37.65,43.43,31.22,20.5,4.56,0.3,25.35,56.57,3.87,63.81,30.12,4.06,9.04,2011
E07000033,Bolsover,66.96,32.59,34.36,18.19,13.04,1.54,2.36,2.11,0.25,19.7,42.68,35.27,35.64,31.11,26.04,6.87,0.34,33.24,64.36,4.67,60.02,33.07,6.48,7.24,2011
E07000034,Chesterfield,63.14,32.19,30.95,23.15,12.42,0.96,2.39,2.21,0.18,25.65,38.3,33.66,39.59,31.64,22.37,5.99,0.41,28.78,60.41,4.66,60.91,32.06,5.96,7.43,2011
E07000035,Derbyshire Dales,72.43,43.95,28.48,12.15,12.56,2.11,1.61,1.42,0.19,18.38,34.32,45.68,48.6,31.73,16.5,2.94,0.23,19.67,51.4,2.68,65.41,29.7,2.54,14.58,2011
E07000036,Erewash,72.48,33.9,38.58,13.01,12.87,1.15,2.19,1.99,0.2,21.64,38.81,37.36,42.99,31.39,20.39,4.84,0.39,25.61,57.01,4.53,64.53,28.53,4.0,7.98,2011
E07000037,High Peak,72.05,35.16,36.89,12.7,13.43,1.24,2.53,2.3,0.23,22.68,37.15,37.64,47.33,30.96,17.21,4.2,0.3,21.71,52.67,3.82,65.55,27.94,3.67,11.1,2011
E07000038,North East Derbyshire,70.89,38.24,32.64,20.39,7.39,0.94,1.93,1.76,0.17,18.57,39.28,40.23,42.1,32.13,21.05,4.45,0.27,25.77,57.9,3.67,62.03,32.05,4.47,9.28,2011
E07000039,South Derbyshire,75.44,33.95,41.49,9.94,13.05,1.23,1.75,1.59,0.16,18.26,37.23,42.75,48.87,30.21,17.15,3.54,0.22,20.91,51.13,3.06,66.82,27.49,3.52,9.2,2011
E07000040,East Devon,74.97,47.12,27.84,9.34,13.61,1.55,1.72,1.52,0.19,18.5,36.91,42.87,44.44,35.32,17.11,2.89,0.23,20.24,55.56,2.45,62.6,32.69,2.82,14.06,2011
E07000041,Exeter,59.79,30.07,29.72,17.03,20.99,1.23,3.31,2.96,0.35,30.63,33.84,32.22,44.42,32.74,17.48,4.74,0.62,22.84,55.58,3.06,59.34,32.02,3.49,7.56,2011
E07000042,Mid Devon,69.07,37.26,31.81,12.62,15.54,1.83,1.95,1.74,0.21,20.71,33.7,43.64,45.12,33.65,17.22,3.68,0.33,21.23,54.88,2.71,67.17,27.99,3.11,15.33,2011
E07000043,North Devon,68.46,39.09,29.36,10.79,18.35,1.72,1.89,1.72,0.17,22.25,34.95,40.9,41.86,34.55,18.96,4.21,0.42,23.59,58.14,3.04,64.26,30.2,3.67,14.56,2011
E07000044,South Hams,71.73,42.8,28.94,11.38,14.27,1.53,1.64,1.47,0.17,18.93,33.79,45.63,47.78,33.49,15.48,3.0,0.25,18.73,52.22,2.35,63.9,31.31,3.08,17.45,2011
E07000045,Teignbridge,73.47,40.77,32.71,8.91,15.48,1.22,1.85,1.67,0.18,21.38,37.23,39.54,44.2,33.54,18.14,3.73,0.39,22.27,55.8,2.77,63.83,30.88,3.56,13.22,2011
E07000046,Torridge,71.46,42.87,28.59,9.02,16.96,1.86,1.64,1.49,0.16,18.45,36.4,43.51,40.32,35.29,19.46,4.36,0.58,24.39,59.68,3.41,61.69,33.01,4.04,16.11,2011
E07000047,West Devon,73.18,44.02,29.16,9.5,15.0,1.67,1.61,1.48,0.13,18.97,32.99,46.42,45.25,33.71,17.08,3.66,0.31,21.05,54.75,3.07,62.85,31.84,3.42,16.55,2011
E07000061,Eastbourne,61.73,33.48,28.25,13.23,23.31,1.07,3.83,3.49,0.35,31.29,36.6,28.27,39.21,34.59,20.27,5.21,0.72,26.2,60.79,4.08,60.08,31.99,4.53,10.28,2011
E07000062,Hastings,55.17,26.9,28.27,14.55,28.82,0.99,3.53,3.17,0.36,33.99,34.89,27.6,36.34,33.58,21.85,7.29,0.94,30.08,63.66,5.48,59.45,32.22,6.62,11.19,2011
E07000063,Lewes,72.66,39.82,32.84,10.93,14.48,1.26,2.71,2.47,0.24,24.45,36.33,36.51,44.36,33.65,17.95,3.69,0.36,21.99,55.64,3.35,63.56,30.42,3.53,13.87,2011
E07000064,Rother,73.54,45.39,28.15,10.38,14.05,1.5,2.32,2.04,0.28,21.6,37.13,38.96,40.25,35.75,19.93,3.76,0.31,23.99,59.75,3.21,58.07,36.59,4.06,14.83,2011
E07000065,Wealden,78.75,42.25,36.49,7.67,11.13,1.65,2.16,1.93,0.22,19.33,35.57,42.94,48.48,33.14,15.62,2.58,0.18,18.39,51.52,2.52,64.98,29.91,2.67,15.75,2011
E07000066,Basildon,65.94,28.92,37.03,21.96,10.24,0.87,3.74,3.31,0.43,27.06,34.02,35.18,40.06,33.66,20.69,5.12,0.48,26.28,59.94,4.65,64.12,28.8,3.94,9.63,2011
E07000067,Braintree,68.59,30.49,38.11,16.47,13.24,1.1,2.52,2.26,0.26,22.89,35.77,38.82,46.11,32.36,17.55,3.69,0.29,21.53,53.89,3.76,67.48,26.24,3.14,11.63,2011
E07000068,Brentwood,75.14,37.96,37.18,11.7,11.26,1.26,3.17,2.87,0.29,22.92,34.11,39.81,49.2,32.45,15.05,3.04,0.26,18.34,50.8,3.15,66.62,27.97,2.29,12.21,2011
E07000069,Castle Point,82.6,43.06,39.54,5.35,10.89,0.88,2.76,2.49,0.26,22.99,38.98,35.27,38.56,35.18,21.81,4.11,0.34,26.26,61.44,3.54,62.24,31.79,3.15,11.11,2011
E07000070,Chelmsford,73.17,34.01,39.16,13.09,11.98,1.11,2.68,2.4,0.28,23.12,32.55,41.65,50.23,31.52,14.96,2.99,0.31,18.25,49.77,3.41,67.39,26.16,2.27,10.33,2011
E07000071,Colchester,66.32,31.88,34.43,13.5,18.69,1.04,2.87,2.59,0.28,25.95,34.23,36.95,47.23,32.2,16.27,3.92,0.39,20.57,52.77,3.47,63.17,28.92,3.22,9.45,2011
E07000072,Epping Forest,72.25,34.76,37.5,15.01,11.04,1.3,3.26,2.95,0.31,25.91,32.85,37.99,44.78,33.62,17.55,3.7,0.35,21.6,55.22,3.6,66.14,27.94,2.62,14.56,2011
E07000073,Harlow,56.12,21.23,34.89,31.22,10.85,0.87,5.57,5.1,0.48,34.31,33.73,26.39,37.74,35.49,21.02,5.16,0.59,26.77,62.26,5.19,66.49,25.26,3.73,8.7,2011
E07000074,Maldon,78.44,39.95,38.49,10.4,9.66,1.13,1.72,1.51,0.21,19.18,32.71,46.4,45.75,33.35,17.07,3.46,0.36,20.9,54.25,3.04,65.0,29.84,2.85,13.45,2011
E07000075,Rochford,82.89,41.49,41.4,7.59,8.47,0.81,2.57,2.23,0.35,21.45,37.36,38.62,44.38,34.07,18.37,2.95,0.23,21.55,55.62,3.04,65.38,29.16,2.31,11.2,2011
E07000076,Tendring,73.67,44.6,29.07,8.44,16.2,1.3,2.53,2.27,0.25,23.56,42.12,31.8,32.42,35.34,25.8,5.87,0.56,32.24,67.58,4.67,54.9,38.27,5.29,10.09,2011
E07000077,Uttlesford,71.61,34.07,37.54,12.65,13.12,1.6,2.21,1.99,0.21,18.19,31.83,47.77,53.56,30.51,13.45,2.32,0.15,15.93,46.44,2.67,69.37,25.6,1.76,14.74,2011
E07000078,Cheltenham,64.56,32.13,32.43,12.23,21.45,1.06,3.33,2.97,0.36,26.77,34.81,35.1,50.18,31.48,14.51,3.47,0.36,18.34,49.82,3.34,64.86,27.1,3.0,9.57,2011
E07000079,Cotswold,65.69,37.78,27.91,14.87,15.23,3.0,1.71,1.54,0.17,18.08,32.21,48.0,51.07,32.41,14.11,2.25,0.16,16.53,48.93,2.48,67.09,28.08,2.15,16.09,2011
E07000080,Forest of Dean,74.26,40.88,33.38,12.4,11.22,1.57,2.1,1.91,0.18,20.54,34.64,42.73,43.35,33.2,19.32,3.85,0.28,23.45,56.65,3.45,62.7,31.24,3.72,12.38,2011
E07000081,Gloucester,67.23,29.25,37.98,13.33,17.38,0.95,3.82,3.36,0.46,26.69,35.26,34.23,43.48,32.84,18.47,4.67,0.55,23.68,56.52,4.26,66.32,26.09,3.95,7.02,2011
E07000082,Stroud,73.21,38.05,35.15,12.76,12.12,1.32,2.09,1.86,0.23,21.0,33.11,43.81,50.97,31.11,14.88,2.85,0.19,17.92,49.03,2.81,67.83,26.81,2.78,13.15,2011
E07000083,Tewkesbury,73.58,38.12,35.45,11.93,12.39,1.17,1.77,1.61,0.16,19.12,34.27,44.85,50.12,32.04,14.95,2.62,0.26,17.83,49.88,2.82,67.6,27.19,2.37,10.82,2011
E07000084,Basingstoke and Deane,67.71,28.16,39.56,17.81,11.79,1.3,2.3,2.05,0.24,22.33,33.42,41.96,51.97,31.08,14.05,2.67,0.23,16.95,48.03,3.24,70.87,23.08,2.43,9.57,2011
E07000085,East Hampshire,73.89,37.07,36.82,12.02,11.67,1.5,2.28,2.04,0.24,20.38,31.81,45.53,53.62,31.07,12.68,2.4,0.23,15.31,46.38,2.55,67.78,27.02,2.29,13.26,2011
E07000086,Eastleigh,73.52,33.02,40.5,12.29,12.34,0.79,2.46,2.21,0.25,22.76,35.47,39.32,51.37,31.06,14.59,2.78,0.2,17.57,48.63,3.02,69.38,24.62,2.57,9.7,2011
E07000087,Fareham,80.42,39.24,41.18,8.13,9.97,0.88,1.89,1.7,0.2,19.24,34.3,44.56,51.94,31.5,14.01,2.34,0.21,16.56,48.06,2.61,66.92,27.26,2.18,9.31,2011
E07000088,Gosport,65.24,29.39,35.85,16.41,16.31,0.97,3.34,3.02,0.33,28.53,36.88,31.25,43.7,33.74,17.82,4.36,0.38,22.56,56.3,4.24,65.31,27.76,3.6,7.49,2011
E07000089,Hart,78.14,35.51,42.63,7.65,12.07,0.99,2.03,1.81,0.23,16.92,30.92,50.14,58.65,29.01,10.72,1.52,0.1,12.34,41.35,2.38,70.49,24.53,1.35,11.34,2011
E07000090,Havant,68.97,35.41,33.56,19.56,9.91,1.01,3.52,3.17,0.35,25.48,34.11,36.89,41.55,33.82,18.89,5.15,0.59,24.63,58.45,3.99,62.23,30.89,4.16,9.58,2011
E07000091,New Forest,74.97,43.51,31.46,10.98,12.09,1.33,2.21,2.0,0.21,20.29,35.17,42.33,46.77,33.74,16.41,2.85,0.23,19.49,53.23,2.63,64.31,30.47,2.83,12.02,2011
E07000092,Rushmoor,63.53,23.21,40.32,16.31,17.55,0.83,6.02,5.04,0.99,30.26,33.72,30.0,47.5,32.74,15.47,3.85,0.44,19.77,52.5,3.72,70.8,22.26,2.68,7.97,2011
E07000093,Test Valley,70.34,34.46,35.88,14.39,12.87,1.75,2.33,2.1,0.23,20.24,31.92,45.52,52.31,31.1,13.82,2.56,0.21,16.59,47.69,2.52,68.26,26.59,2.42,10.72,2011
E07000094,Winchester,67.53,34.96,32.56,15.46,14.09,2.02,2.75,2.46,0.3,21.35,30.85,45.05,55.57,29.81,12.11,2.29,0.23,14.62,44.43,2.3,64.0,28.96,2.23,12.19,2011
E07000095,Broxbourne,72.92,32.56,40.36,14.07,11.15,0.75,5.14,4.63,0.51,29.27,32.44,33.15,40.66,34.59,19.8,4.41,0.54,24.74,59.34,4.18,66.21,26.88,2.75,11.66,2011
E07000096,Dacorum,64.86,29.13,35.74,21.76,11.86,0.89,3.2,2.89,0.31,26.85,32.32,37.63,49.59,31.3,15.45,3.29,0.36,19.1,50.41,3.67,68.05,25.49,2.67,11.69,2011
E07000098,Hertsmere,67.62,31.4,36.22,17.43,12.52,1.25,4.75,4.16,0.59,27.73,34.21,33.3,46.69,32.88,16.64,3.5,0.29,20.43,53.31,3.71,66.83,26.68,2.77,13.98,2011
E07000099,North Hertfordshire,65.65,30.32,35.32,19.29,13.09,1.09,2.8,2.51,0.29,24.3,34.33,38.56,51.32,30.81,14.7,2.91,0.26,17.88,48.68,3.44,68.81,25.07,2.38,10.97,2011
E07000102,Three Rivers,72.72,34.15,38.58,15.15,10.56,1.01,3.6,3.26,0.34,25.14,33.71,37.54,50.83,31.15,14.64,3.08,0.3,18.02,49.17,3.18,68.32,25.88,2.27,13.68,2011
E07000103,Watford,61.63,24.41,37.22,16.32,20.09,0.79,6.72,5.75,0.97,35.54,32.09,25.65,45.68,33.24,16.41,4.12,0.56,21.08,54.32,4.06,69.11,23.41,2.68,10.4,2011
E07000105,Ashford,68.4,31.81,36.59,14.47,14.33,1.46,2.91,2.55,0.36,22.13,34.55,40.41,46.77,32.5,16.96,3.44,0.33,20.74,53.23,3.63,65.94,27.37,3.12,11.87,2011
E07000106,Canterbury,66.0,35.51,30.49,12.19,19.54,1.45,3.47,3.1,0.37,25.44,36.95,34.13,44.1,33.4,18.08,3.95,0.46,22.49,55.9,3.05,53.63,36.24,3.32,9.64,2011
E07000107,Dartford,66.91,27.47,39.44,14.84,15.93,0.98,4.75,4.3,0.45,30.81,34.93,29.52,43.85,33.91,17.8,4.03,0.41,22.24,56.15,4.4,68.27,24.55,2.98,9.81,2011
E07000108,Dover,66.53,35.26,31.27,14.21,17.09,1.67,3.04,2.62,0.43,24.9,37.13,34.93,40.37,33.54,20.67,4.92,0.49,26.09,59.63,4.46,60.55,32.57,4.45,9.82,2011
E07000109,Gravesham,64.55,30.69,33.86,17.33,16.14,1.22,5.31,4.53,0.78,28.61,33.51,32.57,39.45,34.32,20.38,5.32,0.53,26.23,60.55,5.07,63.03,29.09,3.81,9.5,2011
E07000110,Maidstone,70.45,32.92,37.54,12.71,14.59,1.19,3.43,3.01,0.42,23.81,34.82,37.94,47.19,32.31,16.58,3.57,0.35,20.5,52.81,3.4,66.92,27.12,2.74,11.27,2011
E07000111,Sevenoaks,72.74,37.52,35.21,13.22,10.75,1.59,2.46,2.22,0.25,21.31,32.08,44.15,50.83,31.47,14.63,2.91,0.17,17.7,49.17,2.84,66.42,28.49,2.18,13.62,2011
E07000112,Folkestone and Hythe,64.83,35.34,29.49,11.21,22.2,1.31,3.43,2.98,0.45,27.4,35.46,33.71,38.77,34.58,20.44,5.36,0.84,26.65,61.23,4.59,59.71,32.78,4.86,10.26,2011
E07000113,Swale,68.28,31.38,36.89,14.29,15.19,1.22,3.35,3.01,0.34,24.9,36.43,35.33,40.14,33.11,20.56,5.6,0.6,26.76,59.86,4.6,62.02,31.13,4.44,9.84,2011
E07000114,Thanet,62.02,33.44,28.57,12.66,23.78,1.2,3.56,3.17,0.39,29.16,37.57,29.7,34.3,34.31,24.08,6.53,0.78,31.39,65.7,5.67,56.24,35.13,5.58,10.12,2011
E07000115,Tonbridge and Malling,71.14,32.57,38.57,16.12,10.11,1.13,2.68,2.38,0.29,22.35,33.95,41.02,49.56,31.95,15.05,3.19,0.25,18.49,50.44,2.98,67.24,27.07,2.46,11.3,2011
E07000116,Tunbridge Wells,65.71,32.03,33.68,15.15,16.95,1.39,3.77,3.35,0.41,27.66,31.32,37.25,50.9,31.13,14.23,3.35,0.39,17.97,49.1,2.95,67.67,26.89,2.68,13.57,2011
E07000117,Burnley,65.0,31.46,33.54,14.06,19.35,1.37,4.11,3.5,0.62,26.99,42.48,26.42,36.24,31.31,23.49,8.15,0.81,32.45,63.76,5.27,58.23,33.92,6.99,7.24,2011
E07000118,Chorley,75.21,35.41,39.8,13.01,10.21,0.94,2.11,1.87,0.23,20.19,37.05,40.65,48.05,30.23,17.14,4.24,0.34,21.71,51.95,3.24,65.05,29.15,4.08,9.13,2011
E07000119,Fylde,73.45,40.75,32.7,7.47,17.39,1.3,1.39,1.27,0.12,20.3,38.28,40.02,45.64,32.72,17.51,3.76,0.38,21.64,54.36,3.09,61.02,33.18,3.96,10.43,2011
E07000120,Hyndburn,67.67,33.38,34.29,12.78,18.16,1.15,4.63,3.83,0.8,27.93,43.32,24.13,37.93,31.59,22.66,7.17,0.66,30.49,62.07,4.61,59.4,32.97,6.7,8.11,2011
E07000121,Lancaster,69.18,36.13,33.05,9.97,18.9,1.32,2.52,2.29,0.23,23.62,38.4,35.47,43.95,31.8,18.63,5.08,0.53,24.24,56.05,3.25,56.63,34.88,4.29,8.55,2011
E07000122,Pendle,68.49,35.97,32.52,11.6,18.1,1.61,5.17,4.13,1.04,25.39,40.99,28.45,37.29,32.19,22.54,7.37,0.61,30.52,62.71,4.67,58.92,33.64,6.08,8.92,2011
E07000123,Preston,60.64,28.41,32.23,19.21,18.01,1.45,4.42,3.8,0.62,27.64,35.61,32.33,40.88,31.82,19.83,6.72,0.75,27.3,59.12,4.4,57.02,32.26,5.37,6.66,2011
E07000124,Ribble Valley,76.62,41.95,34.67,7.64,13.63,1.51,1.58,1.45,0.13,18.2,38.29,41.94,53.29,30.05,13.88,2.56,0.22,16.66,46.71,2.06,66.88,28.13,2.73,13.28,2011
E07000125,Rossendale,69.69,31.52,38.17,14.61,14.13,1.28,3.41,2.99,0.42,25.97,38.04,32.58,43.5,30.53,19.71,5.77,0.49,25.97,56.5,4.17,63.63,29.73,5.42,9.99,2011
E07000126,South Ribble,78.82,37.28,41.53,10.51,9.34,0.86,2.0,1.85,0.15,19.11,38.09,40.81,48.58,31.15,16.57,3.42,0.28,20.27,51.42,3.01,66.89,27.2,3.48,8.3,2011
E07000127,West Lancashire,72.99,35.86,37.13,14.67,10.45,1.3,2.18,1.92,0.26,19.24,36.36,42.22,43.13,32.56,19.61,4.4,0.3,24.31,56.87,3.9,60.01,31.77,4.31,9.57,2011
E07000128,Wyre,77.57,43.19,34.38,7.19,13.53,1.19,1.88,1.71,0.18,19.76,41.33,37.02,40.2,33.35,21.58,4.49,0.38,26.45,59.8,3.17,59.97,33.75,4.43,10.76,2011
E07000129,Blaby,80.93,38.11,42.82,7.62,10.02,0.79,1.77,1.57,0.2,17.1,35.47,45.66,49.85,32.17,15.55,2.29,0.14,17.98,50.15,2.86,68.12,26.1,2.28,9.86,2011
E07000130,Charnwood,72.1,35.67,36.43,11.8,14.13,1.16,2.51,2.16,0.35,22.13,35.19,40.17,48.94,31.26,16.23,3.3,0.26,19.8,51.06,3.09,60.2,32.29,2.75,8.35,2011
E07000131,Harborough,78.05,38.37,39.68,8.38,11.24,1.15,1.51,1.33,0.18,15.94,33.85,48.7,54.07,30.49,13.35,1.95,0.13,15.43,45.93,2.45,69.04,26.04,1.99,12.89,2011
E07000132,Hinckley and Bosworth,76.75,37.15,39.59,10.32,11.36,0.98,1.73,1.53,0.2,17.77,37.66,42.83,47.42,31.98,17.2,3.22,0.18,20.6,52.58,3.15,67.24,27.25,2.84,9.99,2011
E07000133,Melton,72.12,35.96,36.16,11.18,14.21,1.57,1.56,1.4,0.16,17.19,33.34,47.91,49.95,31.91,15.32,2.6,0.21,18.14,50.05,2.89,68.62,25.8,2.11,11.48,2011
E07000134,North West Leicestershire,72.48,34.71,37.77,14.31,11.27,1.17,1.91,1.72,0.19,18.37,35.69,44.03,46.22,30.94,18.96,3.66,0.22,22.84,53.78,3.44,65.63,28.53,3.43,9.29,2011
E07000135,Oadby and Wigston,80.79,42.5,38.29,7.54,9.92,0.99,3.13,2.69,0.44,19.79,38.0,39.08,44.69,33.94,17.96,3.15,0.25,21.36,55.31,3.22,61.83,31.08,2.69,8.6,2011
E07000136,Boston,63.87,33.87,30.0,18.19,15.72,1.37,4.02,3.34,0.68,23.47,36.72,35.8,33.69,36.36,23.67,5.73,0.56,29.96,66.31,4.16,63.56,30.18,4.4,8.26,2011
E07000137,East Lindsey,69.2,42.41,26.79,11.01,17.33,1.66,1.92,1.71,0.21,18.55,41.02,38.5,34.75,34.65,24.25,5.82,0.54,30.6,65.25,3.97,54.91,39.24,5.8,10.87,2011
E07000138,Lincoln,55.07,24.4,30.67,21.92,20.95,1.5,3.59,3.22,0.37,28.73,35.98,31.7,42.03,32.07,19.64,5.74,0.53,25.91,57.97,4.94,57.25,30.81,4.58,6.36,2011
E07000139,North Kesteven,74.36,37.23,37.14,10.21,13.45,1.49,1.13,1.01,0.12,13.57,37.45,47.85,47.47,32.57,17.16,2.64,0.16,19.96,52.53,2.91,64.77,29.96,2.9,9.44,2011
E07000140,South Holland,72.55,39.24,33.31,12.69,12.65,1.41,3.05,2.57,0.48,18.55,37.44,40.96,36.25,36.25,23.18,4.05,0.27,27.5,63.75,3.96,63.41,30.73,3.61,9.97,2011
E07000141,South Kesteven,69.42,33.58,35.84,13.43,14.63,1.64,1.48,1.36,0.12,16.51,35.19,46.82,48.16,32.06,16.51,3.07,0.21,19.79,51.84,3.34,66.28,27.79,2.92,10.14,2011
E07000142,West Lindsey,72.58,38.22,34.35,11.06,13.69,1.72,1.24,1.1,0.14,14.8,36.34,47.62,45.42,33.0,17.88,3.55,0.15,21.58,54.58,3.81,62.16,31.68,3.8,10.22,2011
E07000143,Breckland,68.65,36.99,31.66,13.78,15.21,1.79,2.58,2.22,0.37,19.29,36.64,41.49,40.18,35.48,19.96,4.05,0.32,24.34,59.82,3.51,63.31,30.95,3.49,10.09,2011
E07000144,Broadland,79.39,43.27,36.12,8.56,10.35,1.13,1.18,1.06,0.12,16.0,36.19,46.63,47.57,33.41,16.51,2.38,0.14,19.02,52.43,2.56,66.0,28.87,2.78,11.41,2011
E07000145,Great Yarmouth,64.34,35.7,28.63,17.24,16.46,1.61,3.57,3.13,0.44,26.0,37.74,32.69,32.88,34.57,24.92,6.86,0.77,32.55,67.12,6.06,57.03,34.48,5.33,8.32,2011
E07000146,King's Lynn and West Norfolk,69.4,39.55,29.85,13.33,14.73,2.1,2.7,2.32,0.38,20.25,37.45,39.6,38.46,34.7,21.74,4.69,0.4,26.83,61.54,3.66,61.41,32.73,4.07,10.3,2011
E07000147,North Norfolk,70.13,45.79,24.35,12.82,14.47,2.14,1.85,1.67,0.18,18.21,38.18,41.76,39.16,36.22,20.56,3.76,0.3,24.63,60.84,3.32,58.17,36.76,3.93,13.35,2011
E07000148,Norwich,43.84,20.66,23.18,32.66,21.7,1.08,2.78,2.52,0.25,32.21,35.2,29.81,42.12,31.48,19.88,6.05,0.47,26.41,57.88,5.02,57.84,31.71,4.92,7.18,2011
E07000149,South Norfolk,74.9,40.83,34.07,11.3,11.2,1.58,1.43,1.28,0.15,16.63,35.34,46.6,47.66,32.77,16.68,2.69,0.2,19.58,52.34,2.73,65.5,29.3,2.81,12.23,2011
E07000163,Craven,73.11,42.29,30.82,9.0,15.38,2.03,1.72,1.5,0.22,18.41,37.68,42.2,49.12,32.1,15.42,3.15,0.22,18.78,50.88,2.5,66.67,28.24,2.41,15.04,2011
E07000164,Hambleton,69.54,39.71,29.84,12.92,15.14,1.99,1.4,1.28,0.12,16.86,34.46,47.28,50.5,32.08,14.94,2.35,0.13,17.41,49.5,2.56,67.36,27.87,2.27,13.39,2011
E07000165,Harrogate,71.07,37.4,33.68,9.14,17.52,1.68,2.28,2.07,0.21,19.78,34.42,43.52,52.11,31.4,13.75,2.55,0.19,16.49,47.89,2.57,69.02,25.76,2.27,13.33,2011
E07000166,Richmondshire,63.89,36.1,27.79,10.8,22.36,2.43,2.01,1.81,0.2,18.71,36.0,43.28,49.28,33.25,14.52,2.81,0.14,17.47,50.72,2.89,70.28,24.93,2.17,12.49,2011
E07000167,Ryedale,67.15,41.42,25.73,12.86,16.75,2.88,1.7,1.55,0.15,16.98,36.65,44.66,46.25,33.6,16.99,2.99,0.17,20.14,53.75,2.74,65.95,29.1,2.51,16.64,2011
E07000168,Scarborough,65.78,39.09,26.7,12.41,19.5,1.7,2.53,2.26,0.26,23.7,38.34,35.43,38.84,34.38,21.19,5.03,0.56,26.78,61.16,4.25,58.55,34.19,4.67,11.72,2011
E07000169,Selby,74.98,34.52,40.46,12.04,10.98,1.42,1.99,1.71,0.28,17.57,35.01,45.43,48.99,31.11,16.65,3.03,0.22,19.9,51.01,3.48,67.91,26.06,2.57,10.35,2011
E07000170,Ashfield,69.23,33.28,35.95,16.21,12.77,1.32,2.53,2.31,0.22,22.04,39.45,35.98,37.32,32.23,23.88,6.13,0.45,30.46,62.68,4.7,61.26,31.88,5.58,7.0,2011
E07000171,Bassetlaw,69.47,34.19,35.29,15.9,12.53,1.73,2.09,1.83,0.26,18.51,35.88,43.51,40.15,32.87,21.36,5.28,0.34,26.98,59.85,3.95,61.56,32.11,5.06,8.34,2011
E07000172,Broxtowe,73.2,37.06,36.14,11.14,14.08,1.22,2.55,2.32,0.24,20.02,36.51,40.91,45.62,31.44,18.88,3.76,0.31,22.95,54.38,3.87,62.92,30.32,3.47,7.7,2011
E07000173,Gedling,75.26,37.7,37.56,9.98,13.15,1.07,1.88,1.65,0.23,19.25,37.3,41.57,44.9,32.17,18.66,3.97,0.3,22.92,55.1,4.07,64.68,28.57,3.64,9.31,2011
E07000174,Mansfield,66.57,32.63,33.94,18.25,13.61,1.2,2.98,2.62,0.36,23.35,37.57,36.1,36.2,32.04,24.55,6.74,0.47,31.76,63.8,4.6,60.87,32.1,6.48,7.13,2011
E07000175,Newark and Sherwood,70.64,35.67,34.97,14.45,12.87,1.51,1.77,1.53,0.24,17.23,35.31,45.69,43.44,32.5,19.37,4.44,0.25,24.06,56.56,3.56,62.83,31.11,4.27,9.79,2011
E07000176,Rushcliffe,76.67,39.21,37.46,8.41,13.27,0.93,1.65,1.48,0.17,14.81,33.95,49.59,54.82,29.33,13.56,2.15,0.15,15.85,45.18,2.75,65.8,28.12,2.18,10.78,2011
E07000177,Cherwell,69.28,30.87,38.41,12.11,16.23,1.59,3.0,2.61,0.39,22.88,33.81,40.31,49.79,31.7,15.07,3.12,0.32,18.51,50.21,2.84,70.26,24.31,2.46,10.32,2011
E07000178,Oxford,46.72,23.98,22.75,21.36,28.23,1.95,5.99,5.08,0.91,33.53,31.42,29.06,48.29,31.65,15.11,4.42,0.53,20.06,51.71,3.21,53.58,36.74,2.64,6.95,2011
E07000179,South Oxfordshire,72.94,37.17,35.76,11.39,13.33,1.5,2.41,2.13,0.27,20.13,33.66,43.8,54.9,29.88,12.91,2.13,0.18,15.23,45.1,2.52,70.39,24.84,1.87,13.04,2011
E07000180,Vale of White Horse,70.33,35.83,34.5,13.32,13.63,1.67,1.97,1.78,0.19,19.47,31.29,47.27,54.12,30.6,12.7,2.35,0.22,15.28,45.88,2.5,69.94,24.88,1.92,10.79,2011
E07000181,West Oxfordshire,69.7,34.49,35.21,12.46,14.85,1.72,2.01,1.79,0.22,19.44,34.9,43.65,53.8,30.75,13.1,2.19,0.16,15.45,46.2,2.27,72.13,23.18,1.83,12.41,2011
E07000187,Mendip,70.28,37.67,32.61,11.86,15.46,1.65,2.27,2.04,0.22,21.7,33.05,42.98,46.37,32.92,16.98,3.39,0.35,20.71,53.63,2.92,66.33,28.21,3.3,14.23,2011
E07000188,Sedgemoor,71.31,37.54,33.77,12.19,14.58,1.36,2.19,1.98,0.21,20.98,34.5,42.33,41.81,33.82,19.54,4.42,0.4,24.37,58.19,3.58,63.63,30.08,3.98,11.51,2011
E07000189,South Somerset,70.29,38.44,31.85,13.95,13.34,1.63,2.12,1.91,0.2,20.81,34.14,42.93,45.67,33.5,17.27,3.27,0.29,20.84,54.33,2.74,66.07,28.85,3.06,11.7,2011
E07000192,Cannock Chase,69.12,30.46,38.65,16.92,12.14,1.21,3.0,2.74,0.26,26.11,36.09,34.81,39.8,31.34,22.83,5.58,0.45,28.86,60.2,4.58,63.81,29.01,4.73,8.67,2011
E07000193,East Staffordshire,69.58,35.08,34.51,13.47,15.14,1.25,3.12,2.71,0.41,22.08,35.07,39.72,43.55,32.28,19.05,4.67,0.45,24.17,56.45,3.82,63.98,29.47,3.74,8.64,2011
E07000194,Lichfield,75.57,38.69,36.89,13.21,9.54,1.09,2.37,2.12,0.25,18.29,33.21,46.13,47.44,31.51,17.4,3.38,0.27,21.05,52.56,3.39,63.59,30.63,3.04,10.45,2011
E07000195,Newcastle-under-Lyme,69.11,35.18,33.93,18.72,10.48,1.26,2.65,2.43,0.23,24.07,37.15,36.13,41.24,31.78,21.52,5.15,0.31,26.98,58.76,3.66,59.13,33.32,4.7,7.57,2011
E07000196,South Staffordshire,75.73,40.06,35.67,13.93,8.48,1.29,2.16,2.01,0.15,18.33,35.96,43.55,46.19,32.26,18.08,3.28,0.19,21.56,53.81,3.31,64.01,30.1,2.76,10.47,2011
E07000197,Stafford,71.59,36.37,35.22,13.68,12.94,1.29,1.94,1.7,0.24,19.61,33.81,44.64,48.02,32.18,16.44,3.13,0.23,19.81,51.98,3.11,63.64,29.83,3.11,9.12,2011
E07000198,Staffordshire Moorlands,79.69,44.08,35.61,8.86,9.82,1.33,1.91,1.71,0.2,18.98,37.62,41.48,43.67,31.99,20.15,3.87,0.32,24.34,56.33,2.82,63.99,30.65,4.06,11.34,2011
E07000199,Tamworth,68.24,27.8,40.44,19.32,10.99,0.95,2.69,2.43,0.26,23.89,35.42,38.0,41.69,32.2,20.68,5.0,0.43,26.11,58.31,4.47,65.31,27.53,4.12,7.11,2011
E07000200,Babergh,71.91,39.61,32.3,13.09,12.56,1.96,1.54,1.38,0.16,17.9,35.17,45.39,47.5,33.15,16.46,2.72,0.17,19.35,52.5,2.98,65.06,29.69,2.53,12.72,2011
E07000202,Ipswich,56.66,25.7,30.97,21.59,19.93,1.17,3.52,3.04,0.48,28.7,34.81,32.98,39.5,33.27,20.75,5.93,0.55,27.23,60.5,5.36,65.03,26.49,4.17,7.31,2011
E07000203,Mid Suffolk,75.08,39.39,35.69,11.27,11.2,1.59,1.61,1.44,0.17,17.58,34.96,45.86,48.75,32.28,16.25,2.59,0.14,18.97,51.25,2.55,67.21,27.78,2.24,13.0,2011
E07000207,Elmbridge,73.05,34.24,38.81,9.86,15.13,1.22,2.66,2.43,0.23,21.28,31.01,45.05,57.63,28.73,11.24,2.17,0.24,13.64,42.37,2.67,68.4,26.63,1.78,14.74,2011
E07000208,Epsom and Ewell,76.99,36.83,40.16,8.02,13.3,0.82,3.35,2.98,0.37,23.66,34.56,38.43,52.77,31.48,13.15,2.32,0.28,15.75,47.23,2.73,67.29,26.45,2.08,11.73,2011
E07000209,Guildford,68.83,33.73,35.1,12.8,15.79,1.28,3.45,3.11,0.34,25.03,31.65,39.86,54.93,29.99,12.36,2.48,0.24,15.08,45.07,2.69,64.57,27.83,1.89,11.29,2011
E07000210,Mole Valley,73.58,39.11,34.47,12.21,11.92,1.37,2.64,2.37,0.27,23.58,31.2,42.58,53.6,30.88,12.41,2.74,0.37,15.53,46.4,2.52,67.74,27.33,2.1,14.71,2011
E07000211,Reigate and Banstead,73.05,33.19,39.86,11.92,12.94,0.88,3.51,3.14,0.37,23.7,33.43,39.35,53.34,30.95,13.01,2.46,0.25,15.71,46.66,2.92,69.81,24.76,2.32,12.28,2011
E07000212,Runnymede,69.48,33.1,36.39,12.87,15.2,1.45,3.34,2.99,0.35,27.28,34.77,34.61,49.23,32.33,15.33,2.77,0.34,18.44,50.77,2.73,64.09,28.39,1.9,10.68,2011
E07000213,Spelthorne,72.56,33.92,38.64,12.43,12.66,0.98,4.32,3.83,0.48,28.28,34.97,32.43,45.21,34.3,16.91,3.26,0.32,20.49,54.79,3.26,69.75,24.53,2.27,10.03,2011
E07000214,Surrey Heath,76.82,34.78,42.03,9.21,12.14,1.03,2.8,2.48,0.31,19.02,29.98,48.2,56.18,29.81,11.84,2.0,0.16,14.0,43.82,2.77,69.53,24.85,1.69,11.76,2011
E07000215,Tandridge,75.89,36.21,39.67,10.83,11.0,1.35,3.03,2.71,0.32,22.76,32.16,42.05,52.48,32.11,12.65,2.54,0.21,15.4,47.52,2.77,68.49,26.51,2.2,14.25,2011
E07000216,Waverley,73.65,37.69,35.96,12.31,11.32,1.72,2.36,2.09,0.27,21.04,31.72,44.87,56.61,29.24,11.83,2.14,0.18,14.15,43.39,2.42,66.71,27.99,2.06,14.52,2011
E07000217,Woking,70.51,31.62,38.89,11.92,15.67,0.96,4.54,3.82,0.72,26.7,30.81,37.96,52.47,30.94,13.25,3.08,0.26,16.59,47.53,3.22,69.12,24.64,2.27,11.52,2011
E07000218,North Warwickshire,72.39,34.89,37.5,14.41,11.29,1.23,2.52,2.29,0.22,20.86,35.86,40.76,42.21,32.81,20.56,4.17,0.24,24.97,57.79,3.6,65.87,28.2,3.53,10.17,2011
E07000219,Nuneaton and Bedworth,71.36,33.29,38.08,14.48,12.68,0.96,2.66,2.37,0.29,23.36,37.17,36.81,39.93,32.6,21.67,5.39,0.41,27.47,60.07,4.74,63.3,29.23,4.41,6.82,2011
E07000220,Rugby,69.46,32.89,36.57,14.31,14.1,1.17,2.35,2.06,0.29,21.54,34.72,41.39,48.11,32.48,16.02,3.15,0.24,19.41,51.89,3.59,67.37,26.53,2.84,8.94,2011
E07000221,Stratford-on-Avon,71.84,39.12,32.72,12.93,12.7,1.45,1.63,1.49,0.14,17.7,33.55,47.12,50.99,31.55,14.82,2.46,0.18,17.46,49.01,2.46,67.08,27.9,2.31,14.11,2011
E07000222,Warwick,66.65,32.65,34.01,13.41,17.92,1.16,2.9,2.6,0.31,22.56,35.58,38.95,52.5,30.18,14.18,2.86,0.27,17.32,47.5,3.03,64.7,28.75,2.55,9.76,2011
E07000223,Adur,73.76,37.8,35.95,13.07,11.42,1.18,2.5,2.21,0.28,26.84,40.97,29.69,40.41,34.44,20.33,4.36,0.47,25.15,59.59,3.34,64.94,29.2,3.63,11.41,2011
E07000224,Arun,73.84,42.85,30.99,8.82,15.31,1.18,2.93,2.64,0.3,24.44,38.34,34.29,40.42,35.64,19.63,3.81,0.5,23.94,59.58,3.34,61.45,32.52,3.52,11.17,2011
E07000225,Chichester,67.17,40.54,26.62,14.86,14.89,2.17,2.27,2.04,0.23,21.41,33.75,42.57,48.57,33.51,14.91,2.76,0.25,17.92,51.43,2.8,62.94,30.77,2.4,14.53,2011
E07000226,Crawley,59.04,22.19,36.86,23.86,14.54,1.18,5.45,4.73,0.72,30.93,31.99,31.63,42.06,34.6,18.47,4.49,0.39,23.35,57.94,4.51,69.35,23.08,3.21,7.78,2011
E07000227,Horsham,74.52,37.3,37.22,11.56,11.8,1.47,2.21,1.96,0.26,21.82,32.71,43.26,52.9,31.45,12.92,2.55,0.18,15.66,47.1,2.71,68.03,26.59,2.15,12.95,2011
E07000228,Mid Sussex,74.31,35.55,38.76,10.61,12.75,1.35,2.41,2.14,0.27,22.71,33.39,41.5,54.0,31.2,12.43,2.19,0.18,14.8,46.0,2.43,69.77,25.16,2.04,12.43,2011
E07000229,Worthing,69.34,34.8,34.54,9.98,19.35,0.87,3.29,3.02,0.27,31.45,37.49,27.77,42.84,33.65,18.52,4.49,0.5,23.51,57.16,3.47,65.52,27.86,4.15,10.74,2011
E07000234,Bromsgrove,79.49,40.62,38.87,9.97,8.8,1.09,1.72,1.59,0.13,17.73,32.29,48.26,50.27,30.91,15.89,2.75,0.19,18.83,49.73,3.05,66.17,28.23,2.53,11.46,2011
E07000235,Malvern Hills,71.86,42.47,29.39,14.12,11.55,1.66,1.73,1.55,0.18,19.1,33.2,45.98,47.46,32.93,16.18,3.19,0.24,19.6,52.54,3.16,62.32,32.24,3.16,14.22,2011
E07000236,Redditch,65.65,26.51,39.15,21.17,11.69,1.1,4.23,3.74,0.49,26.47,31.23,38.07,42.13,32.59,19.75,5.05,0.48,25.28,57.87,4.6,66.32,26.08,3.8,8.14,2011
E07000237,Worcester,64.4,28.97,35.43,15.31,18.18,1.06,2.96,2.65,0.31,26.34,34.45,36.25,46.26,31.5,17.66,4.18,0.4,22.24,53.74,4.18,64.77,26.46,3.4,7.84,2011
E07000238,Wychavon,72.72,38.73,33.99,14.49,10.95,1.38,2.22,2.0,0.22,19.5,32.35,45.93,47.28,32.5,16.79,3.19,0.24,20.22,52.72,3.13,66.05,28.33,2.66,12.61,2011
E07000239,Wyre Forest,70.63,37.68,32.95,14.44,13.17,1.17,2.38,2.15,0.22,22.03,36.01,39.58,41.16,33.0,20.46,5.03,0.36,25.84,58.84,4.2,62.3,31.27,4.11,9.71,2011
E08000001,Bolton,63.74,30.4,33.33,20.47,13.69,1.58,4.61,3.95,0.66,28.03,38.09,29.27,39.06,32.03,21.55,6.68,0.68,28.91,60.94,4.94,59.17,32.78,5.77,8.14,2011
E08000002,Bury,69.64,31.8,37.84,14.98,13.79,1.27,3.49,3.06,0.43,25.01,37.61,33.89,43.72,31.59,18.91,5.3,0.49,24.69,56.28,4.28,63.33,29.7,4.9,9.07,2011
E08000003,Manchester,37.76,15.19,22.56,31.56,28.38,1.58,7.76,6.57,1.18,35.73,34.31,22.2,34.41,33.55,22.32,8.83,0.89,32.04,65.59,5.71,50.69,36.48,6.57,6.17,2011
E08000004,Oldham,64.95,30.31,34.63,21.09,12.2,1.37,6.64,5.4,1.24,29.11,38.56,25.7,36.6,32.59,22.96,7.26,0.6,30.81,63.4,5.42,58.22,33.4,5.76,7.78,2011
E08000005,Rochdale,61.85,27.79,34.05,23.13,13.2,1.44,5.36,4.53,0.83,29.46,36.63,28.55,35.93,31.84,23.37,8.09,0.77,32.23,64.07,5.92,57.5,33.87,6.84,7.93,2011
E08000006,Salford,50.34,21.83,28.51,28.8,18.75,1.63,4.16,3.7,0.46,30.97,37.88,26.98,36.38,32.16,22.85,7.97,0.65,31.46,63.62,5.22,58.35,31.76,6.88,6.57,2011
E08000007,Stockport,73.22,35.06,38.17,13.63,11.36,0.99,2.93,2.62,0.3,23.49,36.19,37.39,46.27,31.19,17.48,4.59,0.46,22.54,53.73,3.9,64.61,28.74,4.15,9.58,2011
E08000008,Tameside,63.78,28.11,35.67,21.52,13.24,1.13,3.94,3.46,0.47,28.67,39.6,27.79,37.51,31.99,22.76,7.12,0.62,30.5,62.49,4.99,61.28,31.24,6.17,7.45,2011
E08000009,Trafford,69.26,32.09,37.17,16.39,12.7,1.05,3.24,2.82,0.42,22.85,34.83,39.08,47.93,30.49,16.82,4.42,0.35,21.59,52.07,3.77,65.63,27.48,3.99,9.74,2011
E08000010,Wigan,67.87,31.12,36.74,18.92,11.64,1.33,2.68,2.44,0.24,23.61,39.55,34.16,39.67,30.82,22.46,6.56,0.49,29.51,60.33,4.86,61.32,31.17,6.2,7.38,2011
E08000011,Knowsley,61.8,26.14,35.65,26.63,9.75,1.3,4.12,3.65,0.47,24.1,35.78,35.99,31.25,30.25,27.07,10.6,0.82,38.49,68.75,6.52,56.01,34.42,8.79,5.86,2011
E08000012,Liverpool,46.94,21.21,25.73,27.84,23.38,1.31,4.3,3.74,0.56,28.62,36.3,30.78,32.91,31.26,24.84,9.97,1.01,35.83,67.09,6.72,51.07,36.6,7.97,5.79,2011
E08000013,St. Helens,67.28,33.29,33.98,20.59,10.21,1.35,2.83,2.56,0.27,22.38,38.42,36.36,38.27,30.98,23.42,6.86,0.47,30.75,61.73,5.12,58.77,33.54,6.67,6.19,2011
E08000014,Sefton,70.5,35.9,34.6,14.47,13.4,1.07,2.86,2.54,0.32,22.69,34.62,39.83,38.86,32.63,21.95,6.04,0.53,28.52,61.14,4.9,59.08,32.89,5.86,8.21,2011
E08000015,Wirral,67.46,33.29,34.17,15.17,15.84,1.01,2.24,1.99,0.25,21.1,35.93,40.72,40.23,31.74,21.12,6.37,0.54,28.03,59.77,5.17,58.71,33.62,6.38,7.51,2011
E08000016,Barnsley,64.33,30.55,33.78,20.88,12.76,1.58,2.36,2.16,0.21,21.81,40.63,35.2,36.39,30.69,25.14,7.34,0.43,32.92,63.61,5.13,59.12,33.51,7.0,7.69,2011
E08000017,Doncaster,65.43,31.03,34.4,17.71,14.84,1.69,3.21,2.78,0.43,21.61,37.26,37.92,36.8,32.51,23.66,6.53,0.49,30.68,63.2,5.75,58.99,33.1,5.87,7.33,2011
E08000018,Rotherham,65.2,30.5,34.7,21.51,11.32,1.68,3.06,2.59,0.47,22.2,37.91,36.83,37.37,32.08,23.91,6.25,0.4,30.56,62.63,5.23,59.42,33.02,5.65,7.45,2011
E08000019,Sheffield,58.33,27.11,31.23,24.75,15.55,0.98,4.73,4.01,0.73,26.88,34.32,34.07,39.95,32.4,21.03,6.05,0.57,27.65,60.05,4.78,55.43,34.25,4.48,7.3,2011
E08000021,Newcastle upon Tyne,49.47,22.41,27.06,29.75,19.05,1.32,4.41,3.84,0.57,28.81,37.99,28.78,40.55,31.16,20.75,6.89,0.65,28.29,59.45,5.0,51.1,37.12,5.41,6.17,2011
E08000022,North Tyneside,64.77,28.05,36.72,21.55,12.38,0.89,2.21,2.01,0.2,24.29,40.63,32.88,43.38,31.09,19.96,5.2,0.37,25.53,56.62,4.94,62.75,29.51,4.97,6.52,2011
E08000023,South Tyneside,57.07,25.31,31.76,31.57,10.06,0.86,3.36,3.04,0.32,27.09,40.25,29.3,36.52,32.31,23.74,6.97,0.45,31.16,63.48,6.56,57.13,33.34,6.64,5.46,2011
E08000024,Sunderland,59.76,27.07,32.69,27.05,12.15,0.74,3.43,3.05,0.37,27.25,40.05,29.27,35.73,31.92,24.43,7.45,0.47,32.35,64.27,5.85,56.71,34.1,6.85,5.58,2011
E08000025,Birmingham,55.17,25.91,29.26,24.25,17.87,1.75,8.87,7.12,1.75,31.65,31.5,27.98,33.61,33.16,24.29,8.03,0.91,33.23,66.39,7.12,52.7,35.78,5.25,6.95,2011
E08000026,Coventry,60.56,29.27,31.29,17.04,20.61,1.2,5.36,4.49,0.86,27.88,35.17,31.59,38.4,32.98,21.29,6.57,0.77,28.62,61.6,5.4,55.53,33.69,4.52,6.18,2011
E08000027,Dudley,68.77,34.95,33.82,19.8,9.24,1.64,3.61,3.16,0.44,24.84,35.97,35.58,38.24,32.3,22.94,5.96,0.55,29.45,61.76,5.32,60.74,31.4,4.44,7.53,2011
E08000028,Sandwell,56.9,26.55,30.36,27.52,12.9,2.1,6.71,5.59,1.13,29.99,34.99,28.3,30.49,32.51,27.91,8.35,0.75,37.01,69.51,7.31,56.64,33.19,5.78,6.02,2011
E08000029,Solihull,73.86,37.45,36.41,14.91,9.88,0.74,2.63,2.35,0.28,20.95,31.68,44.75,45.57,31.57,18.43,4.09,0.34,22.86,54.43,4.25,63.75,29.15,3.34,9.22,2011
E08000030,Walsall,62.39,31.08,31.3,24.08,11.66,1.32,5.09,4.24,0.85,25.63,35.54,33.74,33.12,33.15,25.74,7.35,0.63,33.72,66.88,6.77,56.61,33.95,5.2,7.29,2011
E08000031,Wolverhampton,56.58,28.79,27.79,28.04,13.17,1.8,5.87,4.97,0.89,29.66,34.29,30.19,32.64,33.18,26.02,7.52,0.65,34.18,67.36,7.85,55.41,33.1,5.43,6.33,2011
E08000032,Bradford,65.0,29.35,35.66,14.81,18.1,1.5,6.21,4.98,1.23,27.81,35.6,30.38,37.46,33.04,21.49,7.15,0.85,29.49,62.54,5.8,57.35,33.45,4.96,8.59,2011
E08000033,Calderdale,66.55,31.22,35.33,15.23,16.41,1.36,3.28,2.83,0.45,27.3,38.64,30.77,42.51,31.79,19.51,5.62,0.57,25.7,57.49,4.97,62.92,29.49,4.38,9.46,2011
E08000034,Kirklees,67.06,32.02,35.03,15.29,15.53,1.78,4.78,4.0,0.78,27.81,35.68,31.74,40.9,32.23,20.06,6.14,0.67,26.86,59.1,4.71,60.0,31.8,4.4,8.95,2011
E08000035,Leeds,58.16,26.01,32.15,21.95,17.92,1.51,3.69,3.26,0.43,27.42,36.2,32.69,41.74,32.19,19.51,5.88,0.68,26.07,58.26,4.78,59.43,30.48,4.01,7.54,2011
E08000036,Wakefield,63.59,29.03,34.56,23.59,11.41,0.95,2.69,2.36,0.33,22.72,40.3,34.3,37.32,32.1,23.55,6.6,0.43,30.58,62.68,4.86,61.42,31.63,5.85,6.93,2011
E09000001,City of London,42.3,24.93,17.38,16.53,35.87,4.99,5.88,5.04,0.84,62.17,23.76,8.19,44.99,40.41,11.38,2.78,0.43,14.6,55.01,2.96,73.58,21.17,1.84,16.43,2011
E09000002,Barking and Dagenham,46.39,17.09,29.3,33.67,17.69,0.95,13.48,11.19,2.3,40.22,29.56,16.73,28.15,35.81,26.38,8.65,1.01,36.04,71.85,7.34,56.06,32.27,5.06,8.95,2011
E09000003,Barnet,57.65,28.04,29.61,14.22,25.64,1.61,10.03,8.31,1.73,32.88,29.26,27.83,43.24,33.41,17.75,4.91,0.7,23.35,56.76,4.44,63.43,28.62,3.05,15.59,2011
E09000004,Bexley,72.52,32.53,39.98,14.45,11.4,0.82,4.72,4.06,0.65,28.38,35.66,31.24,41.53,34.49,19.26,4.37,0.35,23.98,58.47,4.37,64.06,28.36,2.98,9.87,2011
E09000005,Brent,42.91,20.33,22.58,24.11,30.09,1.41,17.7,13.48,4.22,41.22,23.63,17.45,30.91,36.76,23.16,7.93,1.25,32.34,69.09,5.79,59.68,29.84,3.9,12.84,2011
E09000006,Bromley,70.9,33.35,37.55,14.08,13.29,0.93,3.99,3.55,0.44,27.2,33.11,35.71,48.49,31.96,15.39,3.77,0.4,19.56,51.51,3.9,66.1,27.53,2.72,11.95,2011
E09000007,Camden,32.16,17.06,15.1,33.11,32.23,1.81,11.68,9.71,1.97,50.34,24.69,13.29,37.91,35.44,17.91,7.26,1.47,26.65,62.09,4.46,59.82,31.89,4.41,13.41,2011
E09000008,Croydon,58.78,24.05,34.72,17.85,21.01,1.08,9.64,8.25,1.39,35.0,29.1,26.26,40.96,34.73,18.43,5.14,0.73,24.3,59.04,5.52,63.01,27.65,3.52,10.27,2011
E09000009,Ealing,51.11,22.9,28.21,18.11,27.55,1.48,13.95,10.86,3.09,37.79,26.58,21.69,37.38,34.46,20.57,6.62,0.98,28.17,62.62,5.21,62.31,28.54,3.61,12.32,2011
E09000010,Enfield,57.93,26.23,31.7,17.57,22.17,1.42,11.22,9.45,1.78,35.75,28.84,24.18,36.12,34.26,21.82,6.81,0.99,29.63,63.88,5.89,58.74,31.55,4.13,11.22,2011
E09000011,Greenwich,43.27,16.41,26.85,34.3,19.8,1.07,10.9,8.8,2.1,38.29,30.23,20.58,37.21,34.12,20.59,7.16,0.91,28.67,62.79,6.17,59.36,29.27,4.62,9.8,2011
E09000012,Hackney,23.78,8.45,15.32,43.69,28.96,1.24,15.25,12.67,2.58,50.71,22.88,11.16,31.46,35.71,22.14,9.15,1.53,32.83,68.54,7.05,60.49,28.57,5.22,12.43,2011
E09000013,Hammersmith and Fulham,34.0,15.85,18.14,31.19,31.71,1.55,12.24,10.26,1.98,47.12,24.65,16.0,41.48,33.92,17.06,6.5,1.04,24.6,58.52,4.85,65.71,25.97,3.9,12.27,2011
E09000014,Haringey,38.84,16.01,22.83,26.72,31.48,1.45,15.92,12.92,3.01,43.04,23.66,17.38,35.66,33.62,21.53,7.82,1.38,30.72,64.34,6.08,61.58,28.42,4.38,13.89,2011
E09000015,Harrow,65.27,31.15,34.12,10.59,21.74,1.42,10.36,8.22,2.14,30.62,30.22,28.8,41.77,34.32,18.77,4.62,0.53,23.92,58.23,4.49,62.39,29.44,2.92,12.66,2011
E09000016,Havering,73.76,35.62,38.14,14.2,10.63,0.8,4.01,3.53,0.48,26.79,34.78,34.42,39.68,34.68,20.83,4.4,0.41,25.64,60.32,4.46,63.96,28.92,3.16,10.51,2011
E09000017,Hillingdon,62.88,27.86,35.02,16.72,18.1,1.03,9.73,7.95,1.78,33.89,31.39,24.99,40.06,34.75,19.58,5.02,0.59,25.19,59.94,4.35,61.62,29.2,2.94,9.33,2011
E09000018,Hounslow,50.12,21.12,28.99,22.85,23.4,1.27,12.62,10.14,2.47,38.58,28.53,20.27,37.32,35.58,20.23,6.08,0.79,27.11,62.68,4.64,63.5,27.5,3.42,10.72,2011
E09000019,Islington,28.39,11.32,17.08,42.05,26.95,1.31,10.66,9.18,1.49,52.84,24.73,11.76,36.65,34.08,19.61,8.3,1.36,29.27,63.35,5.43,61.96,28.86,5.27,11.43,2011
E09000020,Kensington and Chelsea,35.66,22.83,12.83,24.54,35.79,3.12,8.33,7.19,1.14,47.89,28.72,15.06,43.65,34.58,15.16,5.56,1.05,21.77,56.35,4.31,62.82,30.59,3.57,15.39,2011
E09000021,Kingston upon Thames,64.05,27.86,36.2,11.79,22.49,0.99,5.78,5.05,0.73,31.7,32.97,29.55,50.56,31.72,13.97,3.36,0.39,17.72,49.44,3.22,64.45,27.01,2.23,11.71,2011
E09000022,Lambeth,32.98,11.37,21.62,35.09,29.33,1.07,13.23,11.11,2.12,45.69,25.65,15.42,39.85,33.92,18.58,6.66,0.99,26.23,60.15,6.0,67.23,22.94,3.81,11.29,2011
E09000023,Lewisham,42.4,14.88,27.53,31.05,24.31,1.0,12.08,10.08,1.99,41.88,27.97,18.07,38.35,34.15,19.78,6.78,0.94,27.5,61.65,6.19,62.5,26.41,4.26,10.69,2011
E09000024,Merton,59.28,25.6,33.68,14.1,24.76,1.01,9.16,7.66,1.5,32.68,30.82,27.34,46.52,32.5,16.11,4.39,0.48,20.98,53.48,4.06,67.45,25.11,2.5,12.4,2011
E09000025,Newham,33.32,12.8,20.52,29.64,34.05,1.21,25.2,17.61,7.58,40.89,21.92,11.98,24.98,38.11,26.02,9.6,1.29,36.91,75.02,6.87,51.91,32.84,4.25,9.5,2011
E09000026,Redbridge,63.55,28.16,35.39,11.39,22.86,1.18,10.82,8.66,2.16,32.62,29.86,26.7,38.77,34.93,20.18,5.5,0.62,26.3,61.23,5.31,59.64,30.95,3.28,11.75,2011
E09000027,Richmond upon Thames,63.57,29.76,33.81,12.59,21.85,1.24,3.78,3.38,0.4,29.53,33.41,33.28,57.63,27.96,11.27,2.8,0.35,14.41,42.37,3.01,69.81,24.45,2.03,14.85,2011
E09000028,Southwark,29.34,9.8,19.54,43.72,23.66,1.25,15.34,12.41,2.93,45.47,25.84,13.35,36.2,35.23,20.03,7.44,1.1,28.57,63.8,6.0,62.03,27.03,4.3,9.97,2011
E09000029,Sutton,67.99,28.6,39.39,14.61,15.9,0.72,5.28,4.64,0.64,33.2,33.64,27.88,45.59,33.53,16.34,4.09,0.46,20.89,54.41,3.91,68.08,25.03,2.81,11.4,2011
E09000030,Tower Hamlets,24.25,8.54,15.71,39.61,32.55,1.24,16.4,12.72,3.68,50.42,25.18,7.99,32.73,35.75,20.73,9.31,1.48,31.52,67.27,6.75,57.6,30.18,4.52,8.31,2011
E09000031,Waltham Forest,49.93,20.02,29.9,22.07,25.92,1.04,15.39,11.99,3.39,37.66,27.68,19.28,34.29,35.02,22.47,7.25,0.96,30.69,65.71,6.1,60.2,29.3,3.75,12.4,2011
E09000032,Wandsworth,45.51,18.44,27.07,20.32,31.66,1.04,8.77,7.48,1.29,42.08,28.45,20.7,50.39,30.41,13.93,4.65,0.63,19.2,49.61,3.82,70.82,22.07,2.89,12.13,2011
E09000033,Westminster,30.53,17.67,12.85,25.86,39.66,3.12,10.88,9.18,1.71,51.43,26.29,11.39,39.24,34.51,17.34,7.36,1.54,26.24,60.76,4.52,61.27,31.39,4.84,12.55,2011
W06000001,Isle of Anglesey,68.55,40.67,27.87,14.67,14.13,2.45,2.21,1.97,0.24,18.03,35.51,44.25,39.68,33.24,21.13,5.45,0.5,27.09,60.32,4.69,57.9,35.02,5.1,10.23,2011
W06000002,Gwynedd,65.41,40.34,25.07,16.32,15.36,2.59,2.59,2.27,0.31,19.07,35.73,42.61,40.06,34.0,20.26,5.18,0.5,25.94,59.94,3.57,57.43,34.77,4.35,12.29,2011
W06000003,Conwy,69.37,39.88,29.49,11.62,16.68,1.6,2.59,2.36,0.24,22.5,38.25,36.66,39.14,33.82,21.28,5.27,0.49,27.04,60.86,4.1,58.9,34.32,5.33,11.16,2011
W06000004,Denbighshire,68.54,36.84,31.7,13.13,15.9,1.77,2.92,2.59,0.33,22.58,39.08,35.42,39.17,32.83,21.88,5.59,0.53,28.0,60.83,4.22,58.79,34.38,6.04,10.3,2011
W06000005,Flintshire,72.83,35.12,37.71,15.13,10.55,0.96,2.84,2.57,0.27,20.16,36.46,40.54,43.07,32.39,19.75,4.5,0.29,24.54,56.93,3.86,63.69,29.71,4.3,7.9,2011
W06000006,Wrexham,63.6,30.45,33.16,22.45,11.88,1.7,3.42,2.96,0.45,23.51,36.97,36.11,40.92,31.6,21.18,5.87,0.42,27.48,59.08,4.18,61.93,30.68,5.34,7.65,2011
W06000008,Ceredigion,67.56,43.79,23.77,10.13,19.88,2.08,2.68,2.34,0.34,19.56,32.83,44.93,40.86,34.79,19.2,4.69,0.46,24.35,59.14,2.56,52.31,38.92,4.39,14.39,2011
W06000009,Pembrokeshire,68.82,41.99,26.83,15.65,13.53,1.74,2.42,2.18,0.23,19.73,33.69,44.16,39.55,34.01,20.9,5.13,0.41,26.44,60.45,4.04,59.74,33.99,5.33,13.47,2011
W06000010,Carmarthenshire,71.45,41.42,30.04,14.81,11.8,1.72,2.38,2.12,0.26,17.93,34.99,44.7,37.6,32.46,23.58,6.0,0.36,29.94,62.4,3.73,58.64,35.14,6.81,11.01,2011
W06000011,Swansea,64.02,33.41,30.61,19.21,14.74,1.73,3.15,2.8,0.35,24.26,35.37,37.22,39.13,31.9,21.78,6.72,0.47,28.97,60.87,3.86,54.48,37.02,6.86,6.59,2011
W06000012,Neath Port Talbot,68.68,36.39,32.29,19.12,10.24,1.78,2.57,2.33,0.24,20.84,36.02,40.57,33.63,30.3,26.67,8.93,0.46,36.06,66.37,4.5,55.56,37.75,9.55,5.74,2011
W06000013,Bridgend,72.37,34.96,37.41,13.84,12.28,1.26,2.39,2.15,0.25,19.86,35.99,41.75,37.98,30.72,23.48,7.35,0.46,31.3,62.02,4.56,57.81,35.36,7.68,6.55,2011
W06000014,Vale of Glamorgan,72.23,35.42,36.81,11.88,14.6,1.06,2.12,1.88,0.24,19.81,34.26,43.81,44.98,31.64,18.35,4.65,0.39,23.39,55.02,4.31,62.24,30.97,4.81,9.29,2011
W06000015,Cardiff,59.11,26.51,32.6,17.1,21.9,1.45,4.44,3.86,0.58,28.65,33.31,33.61,42.47,31.37,19.16,6.32,0.69,26.16,57.53,4.44,56.85,32.86,5.18,7.04,2011
W06000016,Rhondda Cynon Taf,71.0,36.46,34.54,13.72,13.65,1.48,2.57,2.28,0.29,20.34,37.13,39.96,34.71,30.0,25.84,8.91,0.54,35.29,65.29,4.71,55.41,36.8,8.63,6.41,2011
W06000018,Caerphilly,69.32,32.48,36.85,18.75,10.73,0.9,3.02,2.73,0.29,21.3,37.34,38.34,35.2,30.04,26.02,8.22,0.52,34.76,64.8,5.14,57.54,35.14,8.19,6.03,2011
W06000019,Blaenau Gwent,62.09,32.94,29.15,23.95,12.8,1.04,3.34,3.04,0.3,23.78,40.28,32.6,29.76,30.39,29.02,10.19,0.65,39.86,70.24,6.87,53.11,37.95,9.64,5.03,2011
W06000020,Torfaen,66.24,31.61,34.63,23.62,8.61,1.02,3.12,2.8,0.31,23.19,36.49,37.2,36.66,32.01,24.14,6.74,0.45,31.33,63.34,4.78,58.94,33.71,6.67,5.83,2011
W06000021,Monmouthshire,73.61,39.94,33.67,13.83,10.8,1.39,2.02,1.76,0.25,18.24,30.48,49.26,46.19,32.28,17.65,3.62,0.26,21.53,53.81,3.35,62.86,31.52,4.0,12.04,2011
W06000022,Newport,64.2,29.8,34.4,19.82,14.01,1.44,3.53,3.13,0.4,23.09,34.33,39.05,38.78,31.72,22.45,6.46,0.58,29.5,61.22,5.34,58.59,32.46,5.74,6.56,2011
W06000023,Powys,68.71,43.92,24.79,13.99,14.81,2.19,2.02,1.81,0.21,17.16,34.2,46.62,41.57,34.45,19.77,3.97,0.25,23.98,58.43,3.05,64.4,30.42,4.09,17.39,2011
W06000024,Merthyr Tydfil,65.29,34.11,31.18,21.09,11.58,1.86,4.31,3.83,0.48,23.85,36.54,35.3,30.66,30.53,27.96,10.11,0.74,38.8,69.34,5.72,55.99,35.83,9.47,5.74,2011
