geo_code,total_households,deprived_0,deprived_1,deprived_2,deprived_3,deprived_4,multi_deprived,any_deprived,area_name,pct_deprived_0,pct_deprived_1,pct_deprived_2,pct_deprived_3,pct_deprived_4,pct_multi_deprived,pct_any_deprived
E06000001,40434,14351,12821,9970,3104,188,13262,26083,Hartlepool,35.49,31.71,24.66,7.68,0.46,32.8,64.51
E06000002,57203,19729,18615,13717,4789,353,18859,37474,Middlesbrough,34.49,32.54,23.98,8.37,0.62,32.97,65.51
E06000003,59605,22517,19351,13773,3681,283,17737,37088,Redcar and Cleveland,37.78,32.47,23.11,6.18,0.47,29.76,62.22
E06000004,79159,34306,24692,15755,4114,292,20161,44853,Stockton-on-Tees,43.34,31.19,19.9,5.2,0.37,25.47,56.66
E06000005,46670,20184,14922,8954,2407,203,11564,26486,Darlington,43.25,31.97,19.19,5.16,0.43,24.78,56.75
E06000006,53312,20060,16642,12238,4105,267,16610,33252,Halton,37.63,31.22,22.96,7.7,0.5,31.16,62.37
E06000007,85140,40205,25930,14960,3755,290,19005,44935,Warrington,47.22,30.46,17.57,4.41,0.34,22.32,52.78
E06000008,57353,20599,18421,13105,4779,449,18333,36754,Blackburn with Darwen,35.92,32.12,22.85,8.33,0.78,31.97,64.08
E06000009,64367,20308,20700,16465,5985,909,23359,44059,Blackpool,31.55,32.16,25.58,9.3,1.41,36.29,68.45
E06000010,112596,37719,37207,27899,9024,747,37670,74877,"Kingston upon Hull, City of",33.5,33.04,24.78,8.01,0.66,33.46,66.5
E06000011,143032,66055,46722,25187,4665,403,30255,76977,East Riding of Yorkshire,46.18,32.67,17.61,3.26,0.28,21.15,53.82
E06000012,69707,26569,23201,15505,4132,300,19937,43138,North East Lincolnshire,38.12,33.28,22.24,5.93,0.43,28.6,61.88
E06000013,70684,29434,23407,14508,3116,219,17843,41250,North Lincolnshire,41.64,33.11,20.53,4.41,0.31,25.24,58.36
E06000014,83552,41409,26882,12526,2524,211,15261,42143,York,49.56,32.17,14.99,3.02,0.25,18.27,50.44
E06000015,102271,41618,33029,20996,6054,574,27624,60653,Derby,40.69,32.3,20.53,5.92,0.56,27.01,59.31
E06000016,123125,40214,41982,29765,9915,1249,40929,82911,Leicester,32.66,34.1,24.17,8.05,1.01,33.24,67.34
E06000017,15002,8042,4679,1936,332,13,2281,6960,Rutland,53.61,31.19,12.9,2.21,0.09,15.2,46.39
E06000018,126131,43326,42708,29144,9942,1011,40097,82805,Nottingham,34.35,33.86,23.11,7.88,0.8,31.79,65.65
E06000019,78319,34469,26487,13969,3131,263,17363,43850,"Herefordshire, County of",44.01,33.82,17.84,4.0,0.34,22.17,55.99
E06000020,66608,27793,21348,13548,3673,246,17467,38815,Telford and Wrekin,41.73,32.05,20.34,5.51,0.37,26.22,58.27
E06000021,107575,36409,33967,27659,8902,638,37199,71166,Stoke-on-Trent,33.85,31.58,25.71,8.28,0.59,34.58,66.15
E06000022,73515,36446,23106,11348,2351,264,13963,37069,Bath and North East Somerset,49.58,31.43,15.44,3.2,0.36,18.99,50.42
E06000023,182747,77443,58827,34808,10430,1239,46477,105304,"Bristol, City of",42.38,32.19,19.05,5.71,0.68,25.43,57.62
E06000024,88227,41762,28397,14492,3212,364,18068,46465,North Somerset,47.33,32.19,16.43,3.64,0.41,20.48,52.67
E06000025,107538,54100,33900,16216,3042,280,19538,53438,South Gloucestershire,50.31,31.52,15.08,2.83,0.26,18.17,49.69
E06000026,109307,43157,36415,22169,6754,812,29735,66150,Plymouth,39.48,33.31,20.28,6.18,0.74,27.2,60.52
E06000027,59010,21315,20367,13148,3627,553,17328,37695,Torbay,36.12,34.51,22.28,6.15,0.94,29.36,63.88
E06000030,88360,40187,28500,15432,3880,361,19673,48173,Swindon,45.48,32.25,17.46,4.39,0.41,22.26,54.52
E06000031,74023,29667,24589,15215,4115,437,19767,44356,Peterborough,40.08,33.22,20.55,5.56,0.59,26.7,59.92
E06000032,74293,26640,26416,16185,4538,514,21237,47653,Luton,35.86,35.56,21.79,6.11,0.69,28.59,64.14
E06000033,74678,29872,24948,14927,4381,550,19858,44806,Southend-on-Sea,40.0,33.41,19.99,5.87,0.74,26.59,60.0
E06000034,62353,24074,21335,13349,3283,312,16944,38279,Thurrock,38.61,34.22,21.41,5.27,0.5,27.17,61.39
E06000035,106209,44119,35652,20314,5550,574,26438,62090,Medway,41.54,33.57,19.13,5.23,0.54,24.89,58.46
E06000036,45878,24325,13911,6254,1244,144,7642,21553,Bracknell Forest,53.02,30.32,13.63,2.71,0.31,16.66,46.98
E06000037,62340,33452,18842,8218,1667,161,10046,28888,West Berkshire,53.66,30.22,13.18,2.67,0.26,16.11,46.34
E06000038,62869,28876,20443,10326,2883,341,13550,33993,Reading,45.93,32.52,16.42,4.59,0.54,21.55,54.07
E06000039,50766,17733,18437,11077,3156,363,14596,33033,Slough,34.93,36.32,21.82,6.22,0.72,28.75,65.07
E06000040,58349,31762,17645,7446,1364,132,8942,26587,Windsor and Maidenhead,54.43,30.24,12.76,2.34,0.23,15.33,45.57
E06000041,60332,35852,17126,6267,998,89,7354,24480,Wokingham,59.42,28.39,10.39,1.65,0.15,12.19,40.58
E06000042,98584,46086,31678,16220,4169,431,20820,52498,Milton Keynes,46.75,32.13,16.45,4.23,0.44,21.12,53.25
E06000043,121540,52226,39931,21628,6704,1051,29383,69314,Brighton and Hove,42.97,32.85,17.79,5.52,0.86,24.18,57.03
E06000044,85473,35779,28114,16105,4894,581,21580,49694,Portsmouth,41.86,32.89,18.84,5.73,0.68,25.25,58.14
E06000045,98254,39116,32798,19691,5871,778,26340,59138,Southampton,39.81,33.38,20.04,5.98,0.79,26.81,60.19
E06000046,61085,23935,21358,12460,2992,340,15792,37150,Isle of Wight,39.18,34.96,20.4,4.9,0.56,25.85,60.82
E06000047,223803,87986,68885,51846,14353,733,66932,135817,County Durham,39.31,30.78,23.17,6.41,0.33,29.91,60.69
E06000049,159441,79623,48842,25289,5287,400,30976,79818,Cheshire East,49.94,30.63,15.86,3.32,0.25,19.43,50.06
E06000050,141442,66475,43630,24840,6044,453,31337,74967,Cheshire West and Chester,47.0,30.85,17.56,4.27,0.32,22.16,53.0
E06000051,129674,59558,42311,22718,4713,374,27805,70116,Shropshire,45.93,32.63,17.52,3.63,0.29,21.44,54.07
E06000052,230389,92572,79717,45836,11126,1138,58100,137817,Cornwall,40.18,34.6,19.9,4.83,0.49,25.22,59.82
E06000053,989,380,414,158,36,1,195,609,Isles of Scilly,38.42,41.86,15.98,3.64,0.1,19.72,61.58
E06000054,194194,96645,62496,28845,5720,488,35053,97549,Wiltshire,49.77,32.18,14.85,2.95,0.25,18.05,50.23
E06000055,63812,29041,20595,11212,2671,293,14176,34771,Bedford,45.51,32.27,17.57,4.19,0.46,22.22,54.49
E06000056,104399,52706,32753,15716,2955,269,18940,51693,Central Bedfordshire,50.49,31.37,15.05,2.83,0.26,18.14,49.51
E07000008,46714,22925,15072,6738,1791,188,8717,23789,Cambridge,49.08,32.26,14.42,3.83,0.4,18.66,50.92
E07000009,34614,17169,11066,5345,972,62,6379,17445,East Cambridgeshire,49.6,31.97,15.44,2.81,0.18,18.43,50.4
E07000010,40620,14722,14027,9539,2163,169,11871,25898,Fenland,36.24,34.53,23.48,5.32,0.42,29.22,63.76
E07000011,69333,34924,21965,10324,1945,175,12444,34409,Huntingdonshire,50.37,31.68,14.89,2.81,0.25,17.95,49.63
E07000012,59960,33545,17691,7443,1196,85,8724,26415,South Cambridgeshire,55.95,29.5,12.41,1.99,0.14,14.55,44.05
E07000026,42345,17943,13608,8475,2205,114,10794,24402,Allerdale,42.37,32.14,20.01,5.21,0.27,25.49,57.63
E07000027,31224,11795,9630,7095,2420,284,9799,19429,Barrow-in-Furness,37.78,30.84,22.72,7.75,0.91,31.38,62.22
E07000028,48342,20497,15935,9209,2482,219,11910,27845,Carlisle,42.4,32.96,19.05,5.13,0.45,24.64,57.6
E07000029,30536,12620,9514,6428,1849,125,8402,17916,Copeland,41.33,31.16,21.05,6.06,0.41,27.52,58.67
E07000030,23043,10618,7794,3830,730,71,4631,12425,Eden,46.08,33.82,16.62,3.17,0.31,20.1,53.92
E07000031,46552,22544,15661,6948,1308,91,8347,24008,South Lakeland,48.43,33.64,14.93,2.81,0.2,17.93,51.57
E07000032,52596,22842,16419,10780,2396,159,13335,29754,Amber Valley,43.43,31.22,20.5,4.56,0.3,25.35,56.57
E07000033,32801,11691,10206,8541,2253,110,10904,21110,Bolsover,35.64,31.11,26.04,6.87,0.34,33.24,64.36
E07000034,46796,18525,14804,10469,2805,193,13467,28271,Chesterfield,39.59,31.64,22.37,5.99,0.41,28.78,60.41
E07000035,30744,14941,9756,5074,903,70,6047,15803,Derbyshire Dales,48.6,31.73,16.5,2.94,0.23,19.67,51.4
E07000036,48692,20935,15286,9926,2356,189,12471,27757,Erewash,42.99,31.39,20.39,4.84,0.39,25.61,57.01
E07000037,38946,18433,12058,6704,1635,116,8455,20513,High Peak,47.33,30.96,17.21,4.2,0.3,21.71,52.67
E07000038,43070,18134,13839,9065,1916,116,11097,24936,North East Derbyshire,42.1,32.13,21.05,4.45,0.27,25.77,57.9
E07000039,38992,19057,11781,6689,1381,84,8154,19935,South Derbyshire,48.87,30.21,17.15,3.54,0.22,20.91,51.13
E07000040,59071,26254,20861,10109,1709,138,11956,32817,East Devon,44.44,35.32,17.11,2.89,0.23,20.24,55.56
E07000041,49242,21874,16121,8606,2335,306,11247,27368,Exeter,44.42,32.74,17.48,4.74,0.62,22.84,55.58
E07000042,32758,14780,11023,5642,1205,108,6955,17978,Mid Devon,45.12,33.65,17.22,3.68,0.33,21.23,54.88
E07000043,40001,16745,13820,7583,1684,169,9436,23256,North Devon,41.86,34.55,18.96,4.21,0.42,23.59,58.14
E07000044,36858,17612,12343,5707,1104,92,6903,19246,South Hams,47.78,33.49,15.48,3.0,0.25,18.73,52.22
E07000045,54003,23867,18111,9795,2017,213,12025,30136,Teignbridge,44.2,33.54,18.14,3.73,0.39,22.27,55.8
E07000046,27986,11283,9876,5445,1220,162,6827,16703,Torridge,40.32,35.29,19.46,4.36,0.58,24.39,59.68
E07000047,22725,10282,7660,3882,831,70,4783,12443,West Devon,45.25,33.71,17.08,3.66,0.31,21.05,54.75
E07000061,45012,17651,15568,9124,2345,324,11793,27361,Eastbourne,39.21,34.59,20.27,5.21,0.72,26.2,60.79
E07000062,41159,14957,13820,8995,3002,385,12382,26202,Hastings,36.34,33.58,21.85,7.29,0.94,30.08,63.66
E07000063,42181,18710,14194,7570,1555,152,9277,23471,Lewes,44.36,33.65,17.95,3.69,0.36,21.99,55.64
E07000064,40877,16454,14615,8147,1536,125,9808,24423,Rother,40.25,35.75,19.93,3.76,0.31,23.99,59.75
E07000065,62676,30384,20768,9793,1616,115,11524,32292,Wealden,48.48,33.14,15.62,2.58,0.18,18.39,51.52
E07000066,72746,29142,24488,15049,3721,346,19116,43604,Basildon,40.06,33.66,20.69,5.12,0.48,26.28,59.94
E07000067,61043,28148,19753,10713,2253,176,13142,32895,Braintree,46.11,32.36,17.55,3.69,0.29,21.53,53.89
E07000068,30646,15079,9945,4611,932,79,5622,15567,Brentwood,49.2,32.45,15.05,3.04,0.26,18.34,50.8
E07000069,36440,14050,12821,7949,1496,124,9569,22390,Castle Point,38.56,35.18,21.81,4.11,0.34,26.26,61.44
E07000070,69667,34995,21956,10422,2081,213,12716,34672,Chelmsford,50.23,31.52,14.96,2.99,0.31,18.25,49.77
E07000071,71634,33832,23065,11654,2807,276,14737,37802,Colchester,47.23,32.2,16.27,3.92,0.39,20.57,52.77
E07000072,51991,23280,17479,9126,1924,182,11232,28711,Epping Forest,44.78,33.62,17.55,3.7,0.35,21.6,55.22
E07000073,34620,13064,12288,7278,1785,205,9268,21556,Harlow,37.74,35.49,21.02,5.16,0.59,26.77,62.26
E07000074,25817,11811,8611,4408,894,93,5395,14006,Maldon,45.75,33.35,17.07,3.46,0.36,20.9,54.25
E07000075,33564,14897,11434,6166,990,77,7233,18667,Rochford,44.38,34.07,18.37,2.95,0.23,21.55,55.62
E07000076,62105,20133,21951,16026,3647,348,20021,41972,Tendring,32.42,35.34,25.8,5.87,0.56,32.24,67.58
E07000077,31316,16774,9554,4213,727,48,4988,14542,Uttlesford,53.56,30.51,13.45,2.32,0.15,15.93,46.44
E07000078,50929,25555,16032,7389,1768,185,9342,25374,Cheltenham,50.18,31.48,14.51,3.47,0.36,18.34,49.82
E07000079,36236,18505,11743,5114,816,58,5988,17731,Cotswold,51.07,32.41,14.11,2.25,0.16,16.53,48.93
E07000080,34167,14810,11345,6601,1314,97,8012,19357,Forest of Dean,43.35,33.2,19.32,3.85,0.28,23.45,56.65
E07000081,50363,21900,16537,9300,2350,276,11926,28463,Gloucester,43.48,32.84,18.47,4.67,0.55,23.68,56.52
E07000082,47794,24360,14867,7113,1362,92,8567,23434,Stroud,50.97,31.11,14.88,2.85,0.19,17.92,49.03
E07000083,35126,17606,11256,5253,919,92,6264,17520,Tewkesbury,50.12,32.04,14.95,2.62,0.26,17.83,49.88
E07000084,69315,36020,21544,9740,1854,157,11751,33295,Basingstoke and Deane,51.97,31.08,14.05,2.67,0.23,16.95,48.03
E07000085,47258,25342,14682,5993,1133,108,7234,21916,East Hampshire,53.62,31.07,12.68,2.4,0.23,15.31,46.38
E07000086,52177,26804,16208,7611,1451,103,9165,25373,Eastleigh,51.37,31.06,14.59,2.78,0.2,17.57,48.63
E07000087,46579,24194,14671,6528,1090,96,7714,22385,Fareham,51.94,31.5,14.01,2.34,0.21,16.56,48.06
E07000088,35430,15482,11954,6313,1545,136,7994,19948,Gosport,43.7,33.74,17.82,4.36,0.38,22.56,56.3
E07000089,35510,20828,10300,3805,541,36,4382,14682,Hart,58.65,29.01,10.72,1.52,0.1,12.34,41.35
E07000090,51311,21319,17352,9694,2645,301,12640,29992,Havant,41.55,33.82,18.89,5.15,0.59,24.63,58.45
E07000091,76839,35936,25927,12608,2189,179,14976,40903,New Forest,46.77,33.74,16.41,2.85,0.23,19.49,53.23
E07000092,36344,17262,11898,5624,1401,159,7184,19082,Rushmoor,47.5,32.74,15.47,3.85,0.44,19.77,52.5
E07000093,47626,24913,14813,6580,1218,102,7900,22713,Test Valley,52.31,31.1,13.82,2.56,0.21,16.59,47.69
E07000094,46865,26042,13971,5674,1072,106,6852,20823,Winchester,55.57,29.81,12.11,2.29,0.23,14.62,44.43
E07000095,37658,15313,13027,7455,1661,202,9318,22345,Broxbourne,40.66,34.59,19.8,4.41,0.54,24.74,59.34
E07000096,59938,29725,18762,9260,1974,217,11451,30213,Dacorum,49.59,31.3,15.45,3.29,0.36,19.1,50.41
E07000098,39778,18571,13079,6619,1392,117,8128,21207,Hertsmere,46.69,32.88,16.64,3.5,0.29,20.43,53.31
E07000099,53426,27418,16458,7856,1555,139,9550,26008,North Hertfordshire,51.32,30.81,14.7,2.91,0.26,17.88,48.68
E07000102,35108,17847,10935,5141,1081,104,6326,17261,Three Rivers,50.83,31.15,14.64,3.08,0.3,18.02,49.17
E07000103,36681,16757,12191,6019,1510,204,7733,19924,Watford,45.68,33.24,16.41,4.12,0.56,21.08,54.32
E07000105,47787,22348,15530,8104,1646,159,9909,25439,Ashford,46.77,32.5,16.96,3.44,0.33,20.74,53.23
E07000106,60771,26802,20299,10990,2398,282,13670,33969,Canterbury,44.1,33.4,18.08,3.95,0.46,22.49,55.9
E07000107,40081,17575,13593,7133,1617,163,8913,22506,Dartford,43.85,33.91,17.8,4.03,0.41,22.24,56.15
E07000108,48310,19504,16204,9988,2375,239,12602,28806,Dover,40.37,33.54,20.67,4.92,0.49,26.09,59.63
E07000109,40431,15951,13875,8240,2151,214,10605,24480,Gravesham,39.45,34.32,20.38,5.32,0.53,26.23,60.55
E07000110,63447,29940,20502,10517,2265,223,13005,33507,Maidstone,47.19,32.31,16.58,3.57,0.35,20.5,52.81
E07000111,47020,23901,14796,6877,1366,80,8323,23119,Sevenoaks,50.83,31.47,14.63,2.91,0.17,17.7,49.17
E07000112,47379,18371,16382,9685,2541,400,12626,29008,Folkestone and Hythe,38.77,34.58,20.44,5.36,0.84,26.65,61.23
E07000113,55585,22310,18402,11430,3110,333,14873,33275,Swale,40.14,33.11,20.56,5.6,0.6,26.76,59.86
E07000114,59513,20410,20419,14331,3889,464,18684,39103,Thanet,34.3,34.31,24.08,6.53,0.78,31.39,65.7
E07000115,48140,23856,15382,7245,1536,121,8902,24284,Tonbridge and Malling,49.56,31.95,15.05,3.19,0.25,18.49,50.44
E07000116,47174,24012,14686,6712,1582,182,8476,23162,Tunbridge Wells,50.9,31.13,14.23,3.35,0.39,17.97,49.1
E07000117,37550,13608,11758,8822,3059,303,12184,23942,Burnley,36.24,31.31,23.49,8.15,0.81,32.45,63.76
E07000118,44919,21585,13580,7697,1906,151,9754,23334,Chorley,48.05,30.23,17.14,4.24,0.34,21.71,51.95
E07000119,34885,15920,11415,6108,1310,132,7550,18965,Fylde,45.64,32.72,17.51,3.76,0.38,21.64,54.36
E07000120,34341,13025,10847,7783,2461,225,10469,21316,Hyndburn,37.93,31.59,22.66,7.17,0.66,30.49,62.07
E07000121,57822,25414,18390,10773,2936,309,14018,32408,Lancaster,43.95,31.8,18.63,5.08,0.53,24.24,56.05
E07000122,37348,13928,12021,8420,2751,228,11399,23420,Pendle,37.29,32.19,22.54,7.37,0.61,30.52,62.71
E07000123,57567,23532,18317,11418,3867,433,15718,34035,Preston,40.88,31.82,19.83,6.72,0.75,27.3,59.12
E07000124,24045,12813,7226,3338,615,53,4006,11232,Ribble Valley,53.29,30.05,13.88,2.56,0.22,16.66,46.71
E07000125,29058,12641,8871,5727,1676,143,7546,16417,Rossendale,43.5,30.53,19.71,5.77,0.49,25.97,56.5
E07000126,46102,22397,14361,7638,1578,128,9344,23705,South Ribble,48.58,31.15,16.57,3.42,0.28,20.27,51.42
E07000127,45381,19575,14774,8900,1995,137,11032,25806,West Lancashire,43.13,32.56,19.61,4.4,0.3,24.31,56.87
E07000128,47281,19007,15769,10204,2121,180,12505,28274,Wyre,40.2,33.35,21.58,4.49,0.38,26.45,59.8
E07000129,38686,19284,12446,6016,884,56,6956,19402,Blaby,49.85,32.17,15.55,2.29,0.14,17.98,50.15
E07000130,66516,32553,20796,10795,2196,176,13167,33963,Charnwood,48.94,31.26,16.23,3.3,0.26,19.8,51.06
E07000131,34898,18871,10642,4659,682,44,5385,16027,Harborough,54.07,30.49,13.35,1.95,0.13,15.43,45.93
E07000132,45377,21518,14513,7804,1459,83,9346,23859,Hinckley and Bosworth,47.42,31.98,17.2,3.22,0.18,20.6,52.58
E07000133,21490,10734,6858,3293,559,46,3898,10756,Melton,49.95,31.91,15.32,2.6,0.21,18.14,50.05
E07000134,39128,18085,12107,7417,1431,88,8936,21043,North West Leicestershire,46.22,30.94,18.96,3.66,0.22,22.84,53.78
E07000135,21339,9537,7243,3833,673,53,4559,11802,Oadby and Wigston,44.69,33.94,17.96,3.15,0.25,21.36,55.31
E07000136,27291,9193,9922,6459,1565,152,8176,18098,Boston,33.69,36.36,23.67,5.73,0.56,29.96,66.31
E07000137,60890,21157,21099,14766,3542,326,18634,39733,East Lindsey,34.75,34.65,24.25,5.82,0.54,30.6,65.25
E07000138,39825,16737,12771,7822,2284,211,10317,23088,Lincoln,42.03,32.07,19.64,5.74,0.53,25.91,57.97
E07000139,45972,21824,14973,7887,1214,74,9175,24148,North Kesteven,47.47,32.57,17.16,2.64,0.16,19.96,52.53
E07000140,37264,13507,13509,8639,1510,99,10248,23757,South Holland,36.25,36.25,23.18,4.05,0.27,27.5,63.75
E07000141,57344,27615,18382,9466,1758,123,11347,29729,South Kesteven,48.16,32.06,16.51,3.07,0.21,19.79,51.84
E07000142,38385,17433,12668,6864,1364,56,8284,20952,West Lindsey,45.42,33.0,17.88,3.55,0.15,21.58,54.58
E07000143,54519,21907,19344,10881,2210,177,13268,32612,Breckland,40.18,35.48,19.96,4.05,0.32,24.34,59.82
E07000144,53336,25372,17819,8804,1267,74,10145,27964,Broadland,47.57,33.41,16.51,2.38,0.14,19.02,52.43
E07000145,42079,13835,14546,10486,2887,325,13698,28244,Great Yarmouth,32.88,34.57,24.92,6.86,0.77,32.55,67.12
E07000146,62977,24222,21856,13689,2955,255,16899,38755,King's Lynn and West Norfolk,38.46,34.7,21.74,4.69,0.4,26.83,61.54
E07000147,46046,18030,16676,9469,1731,140,11340,28016,North Norfolk,39.16,36.22,20.56,3.76,0.3,24.63,60.84
E07000148,60319,25405,18986,11994,3650,284,15928,34914,Norwich,42.12,31.48,19.88,6.05,0.47,26.41,57.88
E07000149,52809,25167,17304,8808,1422,108,10338,27642,South Norfolk,47.66,32.77,16.68,2.69,0.2,19.58,52.34
E07000163,24583,12074,7892,3790,774,53,4617,12509,Craven,49.12,32.1,15.42,3.15,0.22,18.78,50.88
E07000164,38117,19250,12229,5693,896,49,6638,18867,Hambleton,50.5,32.08,14.94,2.35,0.13,17.41,49.5
E07000165,67169,35004,21090,9235,1710,130,11075,32165,Harrogate,52.11,31.4,13.75,2.55,0.19,16.49,47.89
E07000166,20207,9959,6718,2934,567,29,3530,10248,Richmondshire,49.28,33.25,14.52,2.81,0.14,17.47,50.72
E07000167,22524,10418,7569,3826,673,38,4537,12106,Ryedale,46.25,33.6,16.99,2.99,0.17,20.14,53.75
E07000168,49435,19202,16995,10473,2486,279,13238,30233,Scarborough,38.84,34.38,21.19,5.03,0.56,26.78,61.16
E07000169,34559,16930,10752,5754,1047,76,6877,17629,Selby,48.99,31.11,16.65,3.03,0.22,19.9,51.01
E07000170,50931,19006,16413,12160,3121,231,15512,31925,Ashfield,37.32,32.23,23.88,6.13,0.45,30.46,62.68
E07000171,47667,19140,15666,10180,2517,164,12861,28527,Bassetlaw,40.15,32.87,21.36,5.28,0.34,26.98,59.85
E07000172,46820,21359,14718,8839,1761,143,10743,25461,Broxtowe,45.62,31.44,18.88,3.76,0.31,22.95,54.38
E07000173,49349,22158,15878,9209,1958,146,11313,27191,Gedling,44.9,32.17,18.66,3.97,0.3,22.92,55.1
E07000174,44928,16266,14394,11030,3029,209,14268,28662,Mansfield,36.2,32.04,24.55,6.74,0.47,31.76,63.8
E07000175,48773,21188,15852,9446,2164,123,11733,27585,Newark and Sherwood,43.44,32.5,19.37,4.44,0.25,24.06,56.56
E07000176,45835,25126,13442,6213,985,69,7267,20709,Rushcliffe,54.82,29.33,13.56,2.15,0.15,15.85,45.18
E07000177,56728,28244,17982,8547,1772,183,10502,28484,Cherwell,49.79,31.7,15.07,3.12,0.32,18.51,50.21
E07000178,55375,26741,17525,8369,2448,292,11109,28634,Oxford,48.29,31.65,15.11,4.42,0.53,20.06,51.71
E07000179,54104,29701,16164,6985,1154,100,8239,24403,South Oxfordshire,54.9,29.88,12.91,2.13,0.18,15.23,45.1
E07000180,49407,26740,15120,6277,1162,108,7547,22667,Vale of White Horse,54.12,30.6,12.7,2.35,0.22,15.28,45.88
E07000181,43241,23263,13297,5666,947,68,6681,19978,West Oxfordshire,53.8,30.75,13.1,2.19,0.16,15.45,46.2
E07000187,46157,21401,15196,7836,1564,160,9560,24756,Mendip,46.37,32.92,16.98,3.39,0.35,20.71,53.63
E07000188,48801,20402,16505,9538,2159,197,11894,28399,Sedgemoor,41.81,33.82,19.54,4.42,0.4,24.37,58.19
E07000189,69501,31739,23281,12006,2272,203,14481,37762,South Somerset,45.67,33.5,17.27,3.27,0.29,20.84,54.33
E07000192,40664,16183,12746,9283,2269,183,11735,24481,Cannock Chase,39.8,31.34,22.83,5.58,0.45,28.86,60.2
E07000193,47251,20577,15254,9000,2208,212,11420,26674,East Staffordshire,43.55,32.28,19.05,4.67,0.45,24.17,56.45
E07000194,41224,19557,12989,7171,1395,112,8678,21667,Lichfield,47.44,31.51,17.4,3.38,0.27,21.05,52.56
E07000195,52574,21679,16709,11315,2710,161,14186,30895,Newcastle-under-Lyme,41.24,31.78,21.52,5.15,0.31,26.98,58.76
E07000196,44458,20535,14340,8037,1460,86,9583,23923,South Staffordshire,46.19,32.26,18.08,3.28,0.19,21.56,53.81
E07000197,55703,26747,17923,9160,1745,128,11033,28956,Stafford,48.02,32.18,16.44,3.13,0.23,19.81,51.98
E07000198,41772,18243,13362,8417,1618,132,10167,23529,Staffordshire Moorlands,43.67,31.99,20.15,3.87,0.32,24.34,56.33
E07000199,31617,13182,10181,6539,1580,135,8254,18435,Tamworth,41.69,32.2,20.68,5.0,0.43,26.11,58.31
E07000200,37522,17823,12438,6177,1020,64,7261,19699,Babergh,47.5,33.15,16.46,2.72,0.17,19.35,52.5
E07000202,57298,22634,19063,11892,3396,313,15601,34664,Ipswich,39.5,33.27,20.75,5.93,0.55,27.23,60.5
E07000203,40306,19649,13011,6548,1042,56,7646,20657,Mid Suffolk,48.75,32.28,16.25,2.59,0.14,18.97,51.25
E07000207,52922,30499,15204,5946,1147,126,7219,22423,Elmbridge,57.63,28.73,11.24,2.17,0.24,13.64,42.37
E07000208,29784,15717,9375,3916,692,84,4692,14067,Epsom and Ewell,52.77,31.48,13.15,2.32,0.28,15.75,47.23
E07000209,53973,29647,16188,6671,1336,131,8138,24326,Guildford,54.93,29.99,12.36,2.48,0.24,15.08,45.07
E07000210,35828,19203,11062,4447,983,133,5563,16625,Mole Valley,53.6,30.88,12.41,2.74,0.37,15.53,46.4
E07000211,55423,29561,17153,7211,1362,136,8709,25862,Reigate and Banstead,53.34,30.95,13.01,2.46,0.25,15.71,46.66
E07000212,32714,16105,10577,5014,906,112,6032,16609,Runnymede,49.23,32.33,15.33,2.77,0.34,18.44,50.77
E07000213,39512,17865,13552,6683,1287,125,8095,21647,Spelthorne,45.21,34.3,16.91,3.26,0.32,20.49,54.79
E07000214,33546,18847,10001,3972,671,55,4698,14699,Surrey Heath,56.18,29.81,11.84,2.0,0.16,14.0,43.82
E07000215,33342,17499,10707,4219,847,70,5136,15843,Tandridge,52.48,32.11,12.65,2.54,0.21,15.4,47.52
E07000216,49280,27896,14410,5831,1056,87,6974,21384,Waverley,56.61,29.24,11.83,2.14,0.18,14.15,43.39
E07000217,39467,20707,12212,5230,1216,102,6548,18760,Woking,52.47,30.94,13.25,3.08,0.26,16.59,47.53
E07000218,25812,10896,8470,5307,1076,63,6446,14916,North Warwickshire,42.21,32.81,20.56,4.17,0.24,24.97,57.79
E07000219,52711,21046,17184,11422,2841,218,14481,31665,Nuneaton and Bedworth,39.93,32.6,21.67,5.39,0.41,27.47,60.07
E07000220,41875,20144,13602,6707,1321,101,8129,21731,Rugby,48.11,32.48,16.02,3.15,0.24,19.41,51.89
E07000221,51928,26478,16381,7696,1278,95,9069,25450,Stratford-on-Avon,50.99,31.55,14.82,2.46,0.18,17.46,49.01
E07000222,58679,30809,17709,8322,1678,161,10161,27870,Warwick,52.5,30.18,14.18,2.86,0.27,17.32,47.5
E07000223,26957,10892,9284,5481,1174,126,6781,16065,Adur,40.41,34.44,20.33,4.36,0.47,25.15,59.59
E07000224,66706,26961,23774,13093,2544,334,15971,39745,Arun,40.42,35.64,19.63,3.81,0.5,23.94,59.58
E07000225,49848,24212,16704,7432,1374,126,8932,25636,Chichester,48.57,33.51,14.91,2.76,0.25,17.92,51.43
E07000226,42727,17970,14782,7891,1919,165,9975,24757,Crawley,42.06,34.6,18.47,4.49,0.39,23.35,57.94
E07000227,54923,29052,17272,7095,1403,101,8599,25871,Horsham,52.9,31.45,12.92,2.55,0.18,15.66,47.1
E07000228,57409,31002,17911,7136,1259,101,8496,26407,Mid Sussex,54.0,31.2,12.43,2.19,0.18,14.8,46.0
E07000229,47044,20155,15830,8713,2112,234,11059,26889,Worthing,42.84,33.65,18.52,4.49,0.5,23.51,57.16
E07000234,38290,19247,11834,6083,1052,74,7209,19043,Bromsgrove,50.27,30.91,15.89,2.75,0.19,18.83,49.73
E07000235,32212,15288,10609,5213,1026,76,6315,16924,Malvern Hills,47.46,32.93,16.18,3.19,0.24,19.6,52.54
E07000236,34722,14627,11316,6857,1755,167,8779,20095,Redditch,42.13,32.59,19.75,5.05,0.48,25.28,57.87
E07000237,42042,19447,13243,7424,1758,170,9352,22595,Worcester,46.26,31.5,17.66,4.18,0.4,22.24,53.74
E07000238,49466,23387,16076,8304,1579,120,10003,26079,Wychavon,47.28,32.5,16.79,3.19,0.24,20.22,52.72
E07000239,42985,17692,14184,8796,2160,153,11109,25293,Wyre Forest,41.16,33.0,20.46,5.03,0.36,25.84,58.84
E08000001,116371,45456,37277,25079,7771,788,33638,70915,Bolton,39.06,32.03,21.55,6.68,0.68,28.91,60.94
E08000002,78113,34149,24674,14770,4141,379,19290,43964,Bury,43.72,31.59,18.91,5.3,0.49,24.69,56.28
E08000003,204969,70540,68763,45745,18104,1817,65666,134429,Manchester,34.41,33.55,22.32,8.83,0.89,32.04,65.59
E08000004,89703,32828,29234,20597,6508,536,27641,56875,Oldham,36.6,32.59,22.96,7.26,0.6,30.81,63.4
E08000005,87552,31456,27874,20461,7085,676,28222,56096,Rochdale,35.93,31.84,23.37,8.09,0.77,32.23,64.07
E08000006,103556,37672,33304,23660,8249,671,32580,65884,Salford,36.38,32.16,22.85,7.97,0.65,31.46,63.62
E08000007,121979,56445,38046,21322,5602,564,27488,65534,Stockport,46.27,31.19,17.48,4.59,0.46,22.54,53.73
E08000008,94953,35619,30373,21616,6759,586,28961,59334,Tameside,37.51,31.99,22.76,7.12,0.62,30.5,62.49
E08000009,94484,45282,28804,15889,4179,330,20398,49202,Trafford,47.93,30.49,16.82,4.42,0.35,21.59,52.07
E08000010,136386,54099,42039,30637,8949,662,40248,82287,Wigan,39.67,30.82,22.46,6.56,0.49,29.51,60.33
E08000011,61323,19164,18553,16600,6501,505,23606,42159,Knowsley,31.25,30.25,27.07,10.6,0.82,38.49,68.75
E08000012,206515,67965,64560,51305,20598,2087,73990,138550,Liverpool,32.91,31.26,24.84,9.97,1.01,35.83,67.09
E08000013,75736,28985,23460,17738,5198,355,23291,46751,St. Helens,38.27,30.98,23.42,6.86,0.47,30.75,61.73
E08000014,117930,45823,38478,25880,7126,623,33629,72107,Sefton,38.86,32.63,21.95,6.04,0.53,28.52,61.14
E08000015,140583,56553,44618,29693,8957,762,39412,84030,Wirral,40.23,31.74,21.12,6.37,0.54,28.03,59.77
E08000016,100734,36661,30916,25329,7393,435,33157,64073,Barnsley,36.39,30.69,25.14,7.34,0.43,32.92,63.61
E08000017,126487,46551,41125,29925,8263,623,38811,79936,Doncaster,36.8,32.51,23.66,6.53,0.49,30.68,63.2
E08000018,108293,40466,34737,25897,6763,430,33090,67827,Rotherham,37.37,32.08,23.91,6.25,0.4,30.56,62.63
E08000019,229928,91862,74496,48361,13905,1304,63570,138066,Sheffield,39.95,32.4,21.03,6.05,0.57,27.65,60.05
E08000021,117153,47504,36508,24309,8074,758,33141,69649,Newcastle upon Tyne,40.55,31.16,20.75,6.89,0.65,28.29,59.45
E08000022,91295,39602,28382,18223,4749,339,23311,51693,North Tyneside,43.38,31.09,19.96,5.2,0.37,25.53,56.62
E08000023,67167,24531,21705,15947,4679,305,20931,42636,South Tyneside,36.52,32.31,23.74,6.97,0.45,31.16,63.48
E08000024,119758,42790,38223,29259,8920,566,38745,76968,Sunderland,35.73,31.92,24.43,7.45,0.47,32.35,64.27
E08000025,410736,138065,136199,99768,32979,3725,136472,272671,Birmingham,33.61,33.16,24.29,8.03,0.91,33.23,66.39
E08000026,128592,49382,42408,27371,8446,985,36802,79210,Coventry,38.4,32.98,21.29,6.57,0.77,28.62,61.6
E08000027,129867,49664,41953,29792,7738,720,38250,80203,Dudley,38.24,32.3,22.94,5.96,0.55,29.45,61.76
E08000028,121498,37044,39493,33907,10148,906,44961,84454,Sandwell,30.49,32.51,27.91,8.35,0.75,37.01,69.51
E08000029,86056,39220,27167,15858,3519,292,19669,46836,Solihull,45.57,31.57,18.43,4.09,0.34,22.86,54.43
E08000030,107822,35715,35746,27758,7926,677,36361,72107,Walsall,33.12,33.15,25.74,7.35,0.63,33.72,66.88
E08000031,102177,33348,33902,26585,7680,662,34927,68829,Wolverhampton,32.64,33.18,26.02,7.52,0.65,34.18,67.36
E08000032,199296,74662,65855,42834,14250,1695,58779,124634,Bradford,37.46,33.04,21.49,7.15,0.85,29.49,62.54
E08000033,88621,37671,28175,17294,4977,504,22775,50950,Calderdale,42.51,31.79,19.51,5.62,0.57,25.7,57.49
E08000034,173525,70977,55932,34808,10651,1157,46616,102548,Kirklees,40.9,32.23,20.06,6.14,0.67,26.86,59.1
E08000035,320596,133802,103214,62541,18854,2185,83580,186794,Leeds,41.74,32.19,19.51,5.88,0.68,26.07,58.26
E08000036,140414,52403,45074,33070,9266,601,42937,88011,Wakefield,37.32,32.1,23.55,6.6,0.43,30.58,62.68
E09000001,4385,1973,1772,499,122,19,640,2412,City of London,44.99,40.41,11.38,2.78,0.43,14.6,55.01
E09000002,69681,19618,24953,18382,6027,701,25110,50063,Barking and Dagenham,28.15,35.81,26.38,8.65,1.01,36.04,71.85
E09000003,135916,58764,45413,24122,6669,948,31739,77152,Barnet,43.24,33.41,17.75,4.91,0.7,23.35,56.76
E09000004,92604,38457,31937,17839,4048,323,22210,54147,Bexley,41.53,34.49,19.26,4.37,0.35,23.98,58.47
E09000005,110286,34085,40538,25540,8741,1382,35663,76201,Brent,30.91,36.76,23.16,7.93,1.25,32.34,69.09
E09000006,130862,63450,41818,20141,4931,522,25594,67412,Bromley,48.49,31.96,15.39,3.77,0.4,19.56,51.51
E09000007,97534,36975,34569,17469,7085,1436,25990,60559,Camden,37.91,35.44,17.91,7.26,1.47,26.65,62.09
E09000008,145010,59399,50369,26731,7457,1054,35242,85611,Croydon,40.96,34.73,18.43,5.14,0.73,24.3,59.04
E09000009,124082,46377,42757,25522,8212,1214,34948,77705,Ealing,37.38,34.46,20.57,6.62,0.98,28.17,62.62
E09000010,119916,43308,41080,26163,8172,1193,35528,76608,Enfield,36.12,34.26,21.82,6.81,0.99,29.63,63.88
E09000011,101045,37600,34480,20809,7239,917,28965,63445,Greenwich,37.21,34.12,20.59,7.16,0.91,28.67,62.79
E09000012,101690,31994,36314,22514,9308,1560,33382,69696,Hackney,31.46,35.71,22.14,9.15,1.53,32.83,68.54
E09000013,80590,33427,27335,13749,5240,839,19828,47163,Hammersmith and Fulham,41.48,33.92,17.06,6.5,1.04,24.6,58.52
E09000014,101955,36356,34280,21949,7968,1402,31319,65599,Haringey,35.66,33.62,21.53,7.82,1.38,30.72,64.34
E09000015,84268,35196,28917,15813,3892,450,20155,49072,Harrow,41.77,34.32,18.77,4.62,0.53,23.92,58.23
E09000016,97199,38567,33711,20248,4272,401,24921,58632,Havering,39.68,34.68,20.83,4.4,0.41,25.64,60.32
E09000017,100214,40143,34824,19622,5029,596,25247,60071,Hillingdon,40.06,34.75,19.58,5.02,0.59,25.19,59.94
E09000018,94902,35413,33763,19203,5774,749,25726,59489,Hounslow,37.32,35.58,20.23,6.08,0.79,27.11,62.68
E09000019,93556,34289,31880,18351,7762,1274,27387,59267,Islington,36.65,34.08,19.61,8.3,1.36,29.27,63.35
E09000020,78536,34278,27161,11908,4366,823,17097,44258,Kensington and Chelsea,43.65,34.58,15.16,5.56,1.05,21.77,56.35
E09000021,63639,32175,20186,8892,2140,246,11278,31464,Kingston upon Thames,50.56,31.72,13.97,3.36,0.39,17.72,49.44
E09000022,130017,51814,44100,24158,8654,1291,34103,78203,Lambeth,39.85,33.92,18.58,6.66,0.99,26.23,60.15
E09000023,116091,44523,39640,22963,7871,1094,31928,71568,Lewisham,38.35,34.15,19.78,6.78,0.94,27.5,61.65
E09000024,78757,36641,25594,12685,3457,380,16522,42116,Merton,46.52,32.5,16.11,4.39,0.48,20.98,53.48
E09000025,101519,25356,38692,26412,9748,1311,37471,76163,Newham,24.98,38.11,26.02,9.6,1.29,36.91,75.02
E09000026,99105,38422,34616,20000,5455,612,26067,60683,Redbridge,38.77,34.93,20.18,5.5,0.62,26.3,61.23
E09000027,79835,46005,22322,8994,2237,277,11508,33830,Richmond upon Thames,57.63,27.96,11.27,2.8,0.35,14.41,42.37
E09000028,120422,43590,42428,24121,8961,1322,34404,76832,Southwark,36.2,35.23,20.03,7.44,1.1,28.57,63.8
E09000029,78174,35636,26211,12776,3195,356,16327,42538,Sutton,45.59,33.53,16.34,4.09,0.46,20.89,54.41
E09000030,101257,33144,36199,20987,9432,1495,31914,68113,Tower Hamlets,32.73,35.75,20.73,9.31,1.48,31.52,67.27
E09000031,96861,33217,33920,21764,7027,933,29724,63644,Waltham Forest,34.29,35.02,22.47,7.25,0.96,30.69,65.71
E09000032,130493,65759,39677,18174,6064,819,25057,64734,Wandsworth,50.39,30.41,13.93,4.65,0.63,19.2,49.61
E09000033,105772,41507,36506,18341,7790,1628,27759,64265,Westminster,39.24,34.51,17.34,7.36,1.54,26.24,60.76
W06000001,30594,12139,10168,6466,1668,153,8287,18455,Isle of Anglesey,39.68,33.24,21.13,5.45,0.5,27.09,60.32
W06000002,52473,21019,17843,10633,2717,261,13611,31454,Gwynedd,40.06,34.0,20.26,5.18,0.5,25.94,59.94
W06000003,51177,20030,17308,10892,2696,251,13839,31147,Conwy,39.14,33.82,21.28,5.27,0.49,27.04,60.86
W06000004,40546,15883,13310,8872,2267,214,11353,24663,Denbighshire,39.17,32.83,21.88,5.59,0.53,28.0,60.83
W06000005,63781,27470,20659,12596,2868,188,15652,36311,Flintshire,43.07,32.39,19.75,4.5,0.29,24.54,56.93
W06000006,57029,23339,18021,12080,3350,239,15669,33690,Wrexham,40.92,31.6,21.18,5.87,0.42,27.48,59.08
W06000008,31562,12896,10981,6061,1480,144,7685,18666,Ceredigion,40.86,34.79,19.2,4.69,0.46,24.35,59.14
W06000009,53122,21009,18069,11104,2723,217,14044,32113,Pembrokeshire,39.55,34.01,20.9,5.13,0.41,26.44,60.45
W06000010,78829,29639,25587,18590,4729,284,23603,49190,Carmarthenshire,37.6,32.46,23.58,6.0,0.36,29.94,62.4
W06000011,103497,40501,33016,22539,6955,486,29980,62996,Swansea,39.13,31.9,21.78,6.72,0.47,28.97,60.87
W06000012,60393,20311,18302,16109,5394,277,21780,40082,Neath Port Talbot,33.63,30.3,26.67,8.93,0.46,36.06,66.37
W06000013,58515,22225,17974,13741,4303,272,18316,36290,Bridgend,37.98,30.72,23.48,7.35,0.46,31.3,62.02
W06000014,53505,24064,16928,9817,2486,210,12513,29441,Vale of Glamorgan,44.98,31.64,18.35,4.65,0.39,23.39,55.02
W06000015,142557,60541,44719,27307,9008,982,37297,82016,Cardiff,42.47,31.37,19.16,6.32,0.69,26.16,57.53
W06000016,99663,34591,29900,25755,8876,541,35172,65072,Rhondda Cynon Taf,34.71,30.0,25.84,8.91,0.54,35.29,65.29
W06000018,74479,26218,22373,19379,6124,385,25888,48261,Caerphilly,35.2,30.04,26.02,8.22,0.52,34.76,64.8
W06000019,30416,9051,9242,8828,3098,197,12123,21365,Blaenau Gwent,29.76,30.39,29.02,10.19,0.65,39.86,70.24
W06000020,38524,14123,12330,9301,2596,174,12071,24401,Torfaen,36.66,32.01,24.14,6.74,0.45,31.33,63.34
W06000021,38233,17659,12341,6750,1383,100,8233,20574,Monmouthshire,46.19,32.28,17.65,3.62,0.26,21.53,53.81
W06000022,61172,23724,19405,13734,3952,357,18043,37448,Newport,38.78,31.72,22.45,6.46,0.58,29.5,61.22
W06000023,58345,24253,20098,11533,2314,147,13994,34092,Powys,41.57,34.45,19.77,3.97,0.25,23.98,58.43
W06000024,24264,7440,7409,6784,2452,179,9415,16824,Merthyr Tydfil,30.66,30.53,27.96,10.11,0.74,38.8,69.34
