date,area_name,geo_code,total_households,owned_total,owned_outright,owned_mortgage,shared_ownership,Tenure of household: Shared ownership: Shared ownership,social_rented_total,social_council,social_other,private_rented_total,private_rented,private_other,rent_free,pct_date,pct_owned_total,pct_owned_outright,pct_owned_mortgage,pct_shared_ownership,pct_Tenure of household: Shared ownership: Shared ownership,pct_social_rented_total,pct_social_council,pct_social_other,pct_private_rented_total,pct_private_rented,pct_private_other,pct_rent_free
2021,Hartlepool,E06000001,40929,23834,12761,11073,239,239,9594,3986,5608,7194,6338,856,68,4.94,58.23,31.18,27.05,0.58,0.58,23.44,9.74,13.7,17.58,15.49,2.09,0.17
2021,Middlesbrough,E06000002,60265,33137,17224,15913,330,330,14006,6773,7233,12677,11286,1391,115,3.35,54.99,28.58,26.41,0.55,0.55,23.24,11.24,12.0,21.04,18.73,2.31,0.19
2021,Redcar and Cleveland,E06000003,61638,39854,22649,17205,346,346,11649,5269,6380,9748,8410,1338,41,3.28,64.66,36.75,27.91,0.56,0.56,18.9,8.55,10.35,15.81,13.64,2.17,0.07
2021,Stockton-on-Tees,E06000004,83756,55412,27726,27686,385,385,13673,7204,6469,14207,12388,1819,79,2.41,66.16,33.1,33.06,0.46,0.46,16.32,8.6,7.72,16.96,14.79,2.17,0.09
2021,Darlington,E06000005,48915,30696,16222,14474,190,190,7931,5112,2819,10078,9035,1043,20,4.13,62.75,33.16,29.59,0.39,0.39,16.21,10.45,5.76,20.6,18.47,2.13,0.04
2021,Halton,E06000006,55951,33840,17096,16744,429,429,13619,2898,10721,8018,7088,930,45,3.61,60.48,30.56,29.93,0.77,0.77,24.34,5.18,19.16,14.33,12.67,1.66,0.08
2021,Warrington,E06000007,90538,62185,31939,30246,686,686,13842,4982,8860,13773,12193,1580,52,2.23,68.68,35.28,33.41,0.76,0.76,15.29,5.5,9.79,15.21,13.47,1.75,0.06
2021,Blackburn with Darwen,E06000008,58767,35531,19573,15958,308,308,11031,2718,8313,11850,10290,1560,47,3.44,60.46,33.31,27.15,0.52,0.52,18.77,4.63,14.15,20.16,17.51,2.65,0.08
2021,Blackpool,E06000009,64783,37234,20348,16886,213,213,6700,3947,2753,20569,18843,1726,67,3.12,57.47,31.41,26.07,0.33,0.33,10.34,6.09,4.25,31.75,29.09,2.66,0.1
2021,"Kingston upon Hull, City of",E06000010,115475,55741,26695,29046,585,585,31167,21768,9399,27593,25419,2174,389,1.75,48.27,23.12,25.15,0.51,0.51,26.99,18.85,8.14,23.9,22.01,1.88,0.34
2021,East Riding of Yorkshire,E06000011,152066,111198,65680,45518,634,634,14280,10874,3406,25732,22171,3561,222,1.33,73.12,43.19,29.93,0.42,0.42,9.39,7.15,2.24,16.92,14.58,2.34,0.15
2021,North East Lincolnshire,E06000012,69826,44584,24373,20211,358,358,9191,2729,6462,15644,14185,1459,49,2.89,63.85,34.91,28.94,0.51,0.51,13.16,3.91,9.25,22.4,20.31,2.09,0.07
2021,North Lincolnshire,E06000013,73172,49396,27829,21567,204,204,10953,5035,5918,12555,10929,1626,64,2.76,67.51,38.03,29.47,0.28,0.28,14.97,6.88,8.09,17.16,14.94,2.22,0.09
2021,York,E06000014,85458,55635,31453,24182,719,719,11924,7152,4772,17084,15209,1875,96,2.36,65.1,36.81,28.3,0.84,0.84,13.95,8.37,5.58,19.99,17.8,2.19,0.11
2021,Derby,E06000015,105651,62369,33384,28985,790,790,19851,11713,8138,22453,20395,2058,188,1.91,59.03,31.6,27.43,0.75,0.75,18.79,11.09,7.7,21.25,19.3,1.95,0.18
2021,Leicester,E06000016,127389,59430,31324,28106,662,662,29495,18748,10747,37437,34549,2888,365,1.59,46.65,24.59,22.06,0.52,0.52,23.15,14.72,8.44,29.39,27.12,2.27,0.29
2021,Rutland,E06000017,16691,11841,7286,4555,233,233,1819,310,1509,2790,2082,708,8,12.11,70.94,43.65,27.29,1.4,1.4,10.9,1.86,9.04,16.72,12.47,4.24,0.05
2021,Nottingham,E06000018,124743,56315,27940,28375,609,609,31796,22854,8942,35688,33039,2649,335,1.62,45.14,22.4,22.75,0.49,0.49,25.49,18.32,7.17,28.61,26.49,2.12,0.27
2021,"Herefordshire, County of",E06000019,82827,54963,35070,19893,916,916,11309,2657,8652,15605,12943,2662,34,2.44,66.36,42.34,24.02,1.11,1.11,13.65,3.21,10.45,18.84,15.63,3.21,0.04
2021,Telford and Wrekin,E06000020,76509,45864,23088,22776,586,586,13784,4966,8818,16197,14694,1503,78,2.64,59.95,30.18,29.77,0.77,0.77,18.02,6.49,11.53,21.17,19.21,1.96,0.1
2021,Stoke-on-Trent,E06000021,110400,62653,33558,29095,404,404,24569,16913,7656,22400,20065,2335,374,1.83,56.75,30.4,26.35,0.37,0.37,22.25,15.32,6.93,20.29,18.17,2.12,0.34
2021,Bath and North East Somerset,E06000022,79250,51733,28855,22878,790,790,11363,3064,8299,15309,13758,1551,55,2.55,65.28,36.41,28.87,1.0,1.0,14.34,3.87,10.47,19.32,17.36,1.96,0.07
2021,"Bristol, City of",E06000023,191638,103420,48199,55221,1656,1656,35879,24977,10902,50213,46271,3942,470,1.05,53.97,25.15,28.82,0.86,0.86,18.72,13.03,5.69,26.2,24.15,2.06,0.25
2021,North Somerset,E06000024,94648,67782,37250,30532,679,679,8714,2003,6711,17420,15541,1879,53,2.14,71.61,39.36,32.26,0.72,0.72,9.21,2.12,7.09,18.41,16.42,1.99,0.06
2021,South Gloucestershire,E06000025,118101,85492,43220,42272,1231,1231,12738,2122,10616,18588,16441,2147,52,1.71,72.39,36.6,35.79,1.04,1.04,10.79,1.8,8.99,15.74,13.92,1.82,0.04
2021,Plymouth,E06000026,114557,66038,33783,32255,1349,1349,21111,7386,13725,25921,22754,3167,138,1.76,57.65,29.49,28.16,1.18,1.18,18.43,6.45,11.98,22.63,19.86,2.76,0.12
2021,Torbay,E06000027,62992,40362,24663,15699,622,622,5225,561,4664,16767,15195,1572,16,3.21,64.07,39.15,24.92,0.99,0.99,8.29,0.89,7.4,26.62,24.12,2.5,0.03
2021,Swindon,E06000030,95861,61043,27968,33075,1203,1203,14944,9786,5158,18520,16798,1722,151,2.11,63.68,29.18,34.5,1.25,1.25,15.59,10.21,5.38,19.32,17.52,1.8,0.16
2021,Peterborough,E06000031,84533,46892,22268,24624,1167,1167,15760,5009,10751,20612,18675,1937,102,2.39,55.47,26.34,29.13,1.38,1.38,18.64,5.93,12.72,24.38,22.09,2.29,0.12
2021,Luton,E06000032,78940,42577,20296,22281,426,426,12923,8498,4425,22887,21280,1607,127,2.56,53.94,25.71,28.23,0.54,0.54,16.37,10.77,5.61,28.99,26.96,2.04,0.16
2021,Southend-on-Sea,E06000033,78344,48023,24722,23301,503,503,9019,4822,4197,20759,19085,1674,40,2.58,61.3,31.56,29.74,0.64,0.64,11.51,6.15,5.36,26.5,24.36,2.14,0.05
2021,Thurrock,E06000034,66377,42020,16912,25108,445,445,11733,9639,2094,12131,11015,1116,48,3.04,63.31,25.48,37.83,0.67,0.67,17.68,14.52,3.15,18.28,16.59,1.68,0.07
2021,Medway,E06000035,111457,72122,34388,37734,1646,1646,15130,4553,10577,22491,20219,2272,68,1.81,64.71,30.85,33.86,1.48,1.48,13.57,4.08,9.49,20.18,18.14,2.04,0.06
2021,Bracknell Forest,E06000036,50245,33541,14488,19053,877,877,7889,2507,5382,7902,6957,945,36,4.02,66.75,28.83,37.92,1.75,1.75,15.7,4.99,10.71,15.73,13.85,1.88,0.07
2021,West Berkshire,E06000037,66658,45037,23209,21828,878,878,9305,787,8518,11431,9668,1763,7,3.03,67.56,34.82,32.75,1.32,1.32,13.96,1.18,12.78,17.15,14.5,2.64,0.01
2021,Reading,E06000038,67683,34133,15426,18707,883,883,10924,6145,4779,21623,20373,1250,120,2.99,50.43,22.79,27.64,1.3,1.3,16.14,9.08,7.06,31.95,30.1,1.85,0.18
2021,Slough,E06000039,52423,25401,10215,15186,573,573,10266,6304,3962,16095,15101,994,88,3.86,48.45,19.49,28.97,1.09,1.09,19.58,12.03,7.56,30.7,28.81,1.9,0.17
2021,Windsor and Maidenhead,E06000040,60929,40306,20393,19913,392,392,7655,705,6950,12553,10635,1918,23,3.32,66.15,33.47,32.68,0.64,0.64,12.56,1.16,11.41,20.6,17.45,3.15,0.04
2021,Wokingham,E06000041,69165,52599,24952,27647,1426,1426,5331,2844,2487,9782,8665,1117,27,2.92,76.05,36.08,39.97,2.06,2.06,7.71,4.11,3.6,14.14,12.53,1.61,0.04
2021,Milton Keynes,E06000042,113103,61945,27193,34752,6905,6905,20448,11029,9419,23656,21780,1876,149,1.79,54.77,24.04,30.73,6.11,6.11,18.08,9.75,8.33,20.92,19.26,1.66,0.13
2021,Brighton and Hove,E06000043,121402,62417,30444,31973,997,997,18051,11587,6464,39684,37167,2517,253,1.66,51.41,25.08,26.34,0.82,0.82,14.87,9.54,5.32,32.69,30.61,2.07,0.21
2021,Portsmouth,E06000044,86155,45024,21958,23066,769,769,15507,9394,6113,24669,22196,2473,186,2.35,52.26,25.49,26.77,0.89,0.89,18.0,10.9,7.1,28.63,25.76,2.87,0.22
2021,Southampton,E06000045,102290,48838,23049,25789,1061,1061,22397,14958,7439,29860,28063,1797,134,1.98,47.74,22.53,25.21,1.04,1.04,21.9,14.62,7.27,29.19,27.43,1.76,0.13
2021,Isle of Wight,E06000046,64775,43820,28737,15083,509,509,7057,678,6379,13380,11731,1649,9,3.12,67.65,44.36,23.29,0.79,0.79,10.89,1.05,9.85,20.66,18.11,2.55,0.01
2021,County Durham,E06000047,234764,146821,81046,65775,692,692,46858,21999,24859,40198,35156,5042,195,0.86,62.54,34.52,28.02,0.29,0.29,19.96,9.37,10.59,17.12,14.98,2.15,0.08
2021,Cheshire East,E06000049,174854,125646,69191,56455,1772,1772,20243,4659,15584,27114,23868,3246,79,1.16,71.86,39.57,32.29,1.01,1.01,11.58,2.66,8.91,15.51,13.65,1.86,0.05
2021,Cheshire West and Chester,E06000050,155154,105956,57620,48336,1945,1945,22710,9412,13298,24384,21291,3093,159,1.3,68.29,37.14,31.15,1.25,1.25,14.64,6.07,8.57,15.72,13.72,1.99,0.1
2021,Shropshire,E06000051,139579,95784,59262,36522,1170,1170,18169,5616,12553,24367,20425,3942,89,1.45,68.62,42.46,26.17,0.84,0.84,13.02,4.02,8.99,17.46,14.63,2.82,0.06
2021,Cornwall,E06000052,250533,165958,104659,61299,2949,2949,32039,13023,19016,49371,41545,7826,216,0.81,66.24,41.77,24.47,1.18,1.18,12.79,5.2,7.59,19.71,16.58,3.12,0.09
2021,Isles of Scilly,E06000053,939,418,320,98,14,14,162,103,59,344,224,120,1,215.23,44.52,34.08,10.44,1.49,1.49,17.25,10.97,6.28,36.63,23.86,12.78,0.11
2021,Wiltshire,E06000054,215081,143767,80220,63547,2546,2546,31228,7845,23383,37422,27674,9748,118,0.94,66.84,37.3,29.55,1.18,1.18,14.52,3.65,10.87,17.4,12.87,4.53,0.05
2021,Bedford,E06000055,74949,46964,23359,23605,1427,1427,12200,1782,10418,14316,12905,1411,42,2.7,62.66,31.17,31.49,1.9,1.9,16.28,2.38,13.9,19.1,17.22,1.88,0.06
2021,Central Bedfordshire,E06000056,120754,85923,40618,45305,2112,2112,16077,5620,10457,16567,14329,2238,75,1.67,71.16,33.64,37.52,1.75,1.75,13.31,4.65,8.66,13.72,11.87,1.85,0.06
2021,Cambridge,E07000008,52474,23131,12897,10234,872,872,11890,6910,4980,16495,14735,1760,86,3.85,44.08,24.58,19.5,1.66,1.66,22.66,13.17,9.49,31.43,28.08,3.35,0.16
2021,East Cambridgeshire,E07000009,37202,25307,13485,11822,565,565,5200,684,4516,6120,5103,1017,10,5.43,68.03,36.25,31.78,1.52,1.52,13.98,1.84,12.14,16.45,13.72,2.73,0.03
2021,Fenland,E07000010,44083,29452,16632,12820,236,236,5581,1174,4407,8795,7788,1007,19,4.58,66.81,37.73,29.08,0.54,0.54,12.66,2.66,10.0,19.95,17.67,2.28,0.04
2021,Huntingdonshire,E07000011,76880,53023,27621,25402,1051,1051,9886,1819,8067,12897,11117,1780,23,2.63,68.97,35.93,33.04,1.37,1.37,12.86,2.37,10.49,16.78,14.46,2.32,0.03
2021,South Cambridgeshire,E07000012,66996,46162,24426,21736,1677,1677,9696,5397,4299,9383,8055,1328,78,3.02,68.9,36.46,32.44,2.5,2.5,14.47,8.06,6.42,14.01,12.02,1.98,0.12
2021,Allerdale,E07000026,43973,30046,18770,11276,241,241,8313,1096,7217,5363,4241,1122,10,4.6,68.33,42.69,25.64,0.55,0.55,18.9,2.49,16.41,12.2,9.64,2.55,0.02
2021,Barrow-in-Furness,E07000027,31259,22461,12250,10211,54,54,3451,2388,1063,5259,4588,671,34,6.47,71.85,39.19,32.67,0.17,0.17,11.04,7.64,3.4,16.82,14.68,2.15,0.11
2021,Carlisle,E07000028,50663,34047,19427,14620,419,419,7272,1402,5870,8900,7687,1213,25,3.99,67.2,38.35,28.86,0.83,0.83,14.35,2.77,11.59,17.57,15.17,2.39,0.05
2021,Copeland,E07000029,30788,21837,12988,8849,98,98,5429,1635,3794,3399,2726,673,25,6.56,70.93,42.19,28.74,0.32,0.32,17.63,5.31,12.32,11.04,8.85,2.19,0.08
2021,Eden,E07000030,24613,17363,11661,5702,256,256,2542,399,2143,4452,3522,930,0,8.21,70.54,47.38,23.17,1.04,1.04,10.33,1.62,8.71,18.09,14.31,3.78,0.0
2021,South Lakeland,E07000031,47657,34267,22394,11873,276,276,5112,2201,2911,7974,6525,1449,28,4.24,71.9,46.99,24.91,0.58,0.58,10.73,4.62,6.11,16.73,13.69,3.04,0.06
2021,Amber Valley,E07000032,56277,40525,23051,17474,297,297,7169,2302,4867,8235,7174,1061,51,3.59,72.01,40.96,31.05,0.53,0.53,12.74,4.09,8.65,14.63,12.75,1.89,0.09
2021,Bolsover,E07000033,35262,23264,12391,10873,117,117,5762,4647,1115,6056,5373,683,63,5.73,65.97,35.14,30.83,0.33,0.33,16.34,13.18,3.16,17.17,15.24,1.94,0.18
2021,Chesterfield,E07000034,48058,30073,17249,12824,158,158,9967,8428,1539,7781,6882,899,79,4.21,62.58,35.89,26.68,0.33,0.33,20.74,17.54,3.2,16.19,14.32,1.87,0.16
2021,Derbyshire Dales,E07000035,32283,23229,15405,7824,319,319,4075,942,3133,4650,3731,919,10,6.26,71.95,47.72,24.24,0.99,0.99,12.62,2.92,9.7,14.4,11.56,2.85,0.03
2021,Erewash,E07000036,50336,35172,18887,16285,265,265,6398,1775,4623,8470,7518,952,31,4.02,69.87,37.52,32.35,0.53,0.53,12.71,3.53,9.18,16.83,14.94,1.89,0.06
2021,High Peak,E07000037,40772,28929,16367,12562,284,284,4957,3610,1347,6545,5633,912,57,4.96,70.95,40.14,30.81,0.7,0.7,12.16,8.85,3.3,16.05,13.82,2.24,0.14
2021,North East Derbyshire,E07000038,45987,32426,18959,13467,270,270,8597,7020,1577,4608,3841,767,86,4.39,70.51,41.23,29.28,0.59,0.59,18.69,15.27,3.43,10.02,8.35,1.67,0.19
2021,South Derbyshire,E07000039,45239,33709,16388,17321,368,368,4466,2780,1686,6648,5836,812,48,4.47,74.51,36.23,38.29,0.81,0.81,9.87,6.15,3.73,14.7,12.9,1.79,0.11
2021,East Devon,E07000040,66788,48195,31228,16967,947,947,6898,4030,2868,10697,8960,1737,51,3.03,72.16,46.76,25.4,1.42,1.42,10.33,6.03,4.29,16.02,13.42,2.6,0.08
2021,Exeter,E07000041,52554,30072,16369,13703,583,583,8727,4640,4087,13107,12024,1083,65,3.85,57.22,31.15,26.07,1.11,1.11,16.61,8.83,7.78,24.94,22.88,2.06,0.12
2021,Mid Devon,E07000042,35631,24098,14110,9988,365,365,4504,2830,1674,6612,5704,908,52,5.67,67.63,39.6,28.03,1.02,1.02,12.64,7.94,4.7,18.56,16.01,2.55,0.15
2021,North Devon,E07000043,43198,29080,18055,11025,477,477,4811,1110,3701,8813,7364,1449,17,4.68,67.32,41.8,25.52,1.1,1.1,11.14,2.57,8.57,20.4,17.05,3.35,0.04
2021,South Hams,E07000044,39337,27716,17708,10008,628,628,4653,728,3925,6326,5258,1068,14,5.14,70.46,45.02,25.44,1.6,1.6,11.83,1.85,9.98,16.08,13.37,2.72,0.04
2021,Teignbridge,E07000045,59837,42659,25889,16770,775,775,5694,1324,4370,10683,9357,1326,26,3.38,71.29,43.27,28.03,1.3,1.3,9.52,2.21,7.3,17.85,15.64,2.22,0.04
2021,Torridge,E07000046,30458,21186,13870,7316,265,265,2847,467,2380,6152,5157,995,8,6.64,69.56,45.54,24.02,0.87,0.87,9.35,1.53,7.81,20.2,16.93,3.27,0.03
2021,West Devon,E07000047,24818,17612,11569,6043,176,176,2495,495,2000,4526,3830,696,9,8.14,70.96,46.62,24.35,0.71,0.71,10.05,1.99,8.06,18.24,15.43,2.8,0.04
2021,Eastbourne,E07000061,45610,27229,16305,10924,270,270,5940,3223,2717,12118,11117,1001,53,4.43,59.7,35.75,23.95,0.59,0.59,13.02,7.07,5.96,26.57,24.37,2.19,0.12
2021,Hastings,E07000062,40451,22887,12644,10243,203,203,5771,918,4853,11572,10642,930,18,5.0,56.58,31.26,25.32,0.5,0.5,14.27,2.27,12.0,28.61,26.31,2.3,0.04
2021,Lewes,E07000063,43688,31073,18524,12549,410,410,4774,3162,1612,7384,6524,860,47,4.63,71.12,42.4,28.72,0.94,0.94,10.93,7.24,3.69,16.9,14.93,1.97,0.11
2021,Rother,E07000064,42102,30605,20395,10210,372,372,4293,645,3648,6827,5862,965,5,4.8,72.69,48.44,24.25,0.88,0.88,10.2,1.53,8.66,16.22,13.92,2.29,0.01
2021,Wealden,E07000065,68266,52543,30510,22033,794,794,5701,2887,2814,9203,7658,1545,25,2.96,76.97,44.69,32.28,1.16,1.16,8.35,4.23,4.12,13.48,11.22,2.26,0.04
2021,Basildon,E07000066,76363,48297,23029,25268,876,876,16213,10563,5650,10876,9762,1114,101,2.65,63.25,30.16,33.09,1.15,1.15,21.23,13.83,7.4,14.24,12.78,1.46,0.13
2021,Braintree,E07000067,64983,44090,22262,21828,475,475,10593,2187,8406,9795,8573,1222,30,3.11,67.85,34.26,33.59,0.73,0.73,16.3,3.37,12.94,15.07,13.19,1.88,0.05
2021,Brentwood,E07000068,32343,23258,11797,11461,214,214,3660,2649,1011,5163,4589,574,48,6.25,71.91,36.47,35.44,0.66,0.66,11.32,8.19,3.13,15.96,14.19,1.77,0.15
2021,Castle Point,E07000069,37389,29937,16937,13000,135,135,2051,1423,628,5240,4585,655,26,5.41,80.07,45.3,34.77,0.36,0.36,5.49,3.81,1.68,14.01,12.26,1.75,0.07
2021,Chelmsford,E07000070,75401,52748,27057,25691,879,879,10017,1619,8398,11724,10479,1245,33,2.68,69.96,35.88,34.07,1.17,1.17,13.28,2.15,11.14,15.55,13.9,1.65,0.04
2021,Colchester,E07000071,79711,51478,26126,25352,419,419,10585,5645,4940,17165,15003,2162,64,2.54,64.58,32.78,31.8,0.53,0.53,13.28,7.08,6.2,21.53,18.82,2.71,0.08
2021,Epping Forest,E07000072,54559,37987,19180,18807,353,353,7993,6215,1778,8147,7082,1065,79,3.7,69.63,35.15,34.47,0.65,0.65,14.65,11.39,3.26,14.93,12.98,1.95,0.14
2021,Harlow,E07000073,37856,20345,8723,11622,499,499,11097,9051,2046,5824,5298,526,91,5.34,53.74,23.04,30.7,1.32,1.32,29.31,23.91,5.4,15.38,14.0,1.39,0.24
2021,Maldon,E07000074,27900,21258,12224,9034,227,227,3132,266,2866,3279,2670,609,4,7.24,76.19,43.81,32.38,0.81,0.81,11.23,0.95,10.27,11.75,9.57,2.18,0.01
2021,Rochford,E07000075,35558,28674,15572,13102,205,205,2871,365,2506,3805,3203,602,3,5.68,80.64,43.79,36.85,0.58,0.58,8.07,1.03,7.05,10.7,9.01,1.69,0.01
2021,Tendring,E07000076,67452,48214,31510,16704,315,315,5506,2702,2804,13370,11829,1541,47,3.0,71.48,46.71,24.76,0.47,0.47,8.16,4.01,4.16,19.82,17.54,2.28,0.07
2021,Uttlesford,E07000077,36955,26086,13177,12909,659,659,4809,2682,2127,5375,4519,856,26,5.47,70.59,35.66,34.93,1.78,1.78,13.01,7.26,5.76,14.54,12.23,2.32,0.07
2021,Cheltenham,E07000078,52899,33635,18362,15273,397,397,6432,4069,2363,12378,11406,972,57,3.82,63.58,34.71,28.87,0.75,0.75,12.16,7.69,4.47,23.4,21.56,1.84,0.11
2021,Cotswold,E07000079,40597,26437,16177,10260,869,869,6232,675,5557,7049,5592,1457,10,4.98,65.12,39.85,25.27,2.14,2.14,15.35,1.66,13.69,17.36,13.77,3.59,0.02
2021,Forest of Dean,E07000080,37217,27018,16466,10552,319,319,4836,832,4004,5031,4072,959,13,5.43,72.6,44.24,28.35,0.86,0.86,12.99,2.24,10.76,13.52,10.94,2.58,0.03
2021,Gloucester,E07000081,55406,35379,17510,17869,630,630,7537,2797,4740,11803,10691,1112,57,3.65,63.85,31.6,32.25,1.14,1.14,13.6,5.05,8.56,21.3,19.3,2.01,0.1
2021,Stroud,E07000082,52378,38080,21548,16532,631,631,6430,4521,1909,7153,6125,1028,84,3.86,72.7,41.14,31.56,1.2,1.2,12.28,8.63,3.64,13.66,11.69,1.96,0.16
2021,Tewkesbury,E07000083,40931,28959,15984,12975,918,918,5198,865,4333,5841,4763,1078,15,4.94,70.75,39.05,31.7,2.24,2.24,12.7,2.11,10.59,14.27,11.64,2.63,0.04
2021,Basingstoke and Deane,E07000084,76645,49645,23475,26170,1475,1475,13711,765,12946,11800,10412,1388,14,2.64,64.77,30.63,34.14,1.92,1.92,17.89,1.0,16.89,15.4,13.58,1.81,0.02
2021,East Hampshire,E07000085,52719,38471,21080,17391,756,756,6607,920,5687,6876,5692,1184,9,3.83,72.97,39.99,32.99,1.43,1.43,12.53,1.75,10.79,13.04,10.8,2.25,0.02
2021,Eastleigh,E07000086,56924,40391,20012,20379,1160,1160,7430,673,6757,7936,7081,855,7,3.55,70.96,35.16,35.8,2.04,2.04,13.05,1.18,11.87,13.94,12.44,1.5,0.01
2021,Fareham,E07000087,48639,38191,21154,17037,342,342,3959,2237,1722,6106,4990,1116,41,4.16,78.52,43.49,35.03,0.7,0.7,8.14,4.6,3.54,12.55,10.26,2.29,0.08
2021,Gosport,E07000088,35920,22849,12314,10535,434,434,5862,2998,2864,6714,5481,1233,61,5.63,63.61,34.28,29.33,1.21,1.21,16.32,8.35,7.97,18.69,15.26,3.43,0.17
2021,Hart,E07000089,39965,30262,14958,15304,742,742,3514,370,3144,5442,4428,1014,5,5.06,75.72,37.43,38.29,1.86,1.86,8.79,0.93,7.87,13.62,11.08,2.54,0.01
2021,Havant,E07000090,53589,36395,20869,15526,469,469,9989,5040,4949,6655,5760,895,81,3.77,67.92,38.94,28.97,0.88,0.88,18.64,9.4,9.24,12.42,10.75,1.67,0.15
2021,New Forest,E07000091,77567,57521,36150,21371,504,504,8367,4976,3391,11124,9259,1865,51,2.61,74.16,46.6,27.55,0.65,0.65,10.79,6.42,4.37,14.34,11.94,2.4,0.07
2021,Rushmoor,E07000092,39303,23774,9979,13795,679,679,6369,945,5424,8449,6510,1939,32,5.14,60.49,25.39,35.1,1.73,1.73,16.2,2.4,13.8,21.5,16.56,4.93,0.08
2021,Test Valley,E07000093,54706,37716,19742,17974,1049,1049,7842,1935,5907,8070,6356,1714,29,3.69,68.94,36.09,32.86,1.92,1.92,14.33,3.54,10.8,14.75,11.62,3.13,0.05
2021,Winchester,E07000094,51712,33918,18648,15270,702,702,7937,4950,2987,9096,7489,1607,59,3.91,65.59,36.06,29.53,1.36,1.36,15.35,9.57,5.78,17.59,14.48,3.11,0.11
2021,Broxbourne,E07000095,39850,27357,13178,14179,420,420,5683,1400,4283,6367,5783,584,23,5.07,68.65,33.07,35.58,1.05,1.05,14.26,3.51,10.75,15.98,14.51,1.47,0.06
2021,Dacorum,E07000096,63412,40535,19598,20937,394,394,13320,9863,3457,9093,8214,879,70,3.19,63.92,30.91,33.02,0.62,0.62,21.01,15.55,5.45,14.34,12.95,1.39,0.11
2021,Hertsmere,E07000098,42682,27399,13227,14172,488,488,7401,873,6528,7370,6544,826,24,4.74,64.19,30.99,33.2,1.14,1.14,17.34,2.05,15.29,17.27,15.33,1.94,0.06
2021,North Hertfordshire,E07000099,56733,36761,18933,17828,642,642,10594,3476,7118,8722,7756,966,14,3.56,64.8,33.37,31.42,1.13,1.13,18.67,6.13,12.55,15.37,13.67,1.7,0.02
2021,Three Rivers,E07000102,36857,26140,12806,13334,276,276,5467,1518,3949,4956,4296,660,18,5.48,70.92,34.75,36.18,0.75,0.75,14.83,4.12,10.71,13.45,11.66,1.79,0.05
2021,Watford,E07000103,39629,21845,9577,12268,419,419,6172,1531,4641,11177,10505,672,16,5.1,55.12,24.17,30.96,1.06,1.06,15.57,3.86,11.71,28.2,26.51,1.7,0.04
2021,Ashford,E07000105,53583,35597,18032,17565,917,917,7501,4750,2751,9499,8236,1263,69,3.77,66.43,33.65,32.78,1.71,1.71,14.0,8.86,5.13,17.73,15.37,2.36,0.13
2021,Canterbury,E07000106,63792,41313,24477,16836,586,586,7800,5006,2794,14024,12522,1502,69,3.17,64.76,38.37,26.39,0.92,0.92,12.23,7.85,4.38,21.98,19.63,2.35,0.11
2021,Dartford,E07000107,45694,29996,12302,17694,1042,1042,6314,4274,2040,8275,7617,658,67,4.42,65.65,26.92,38.72,2.28,2.28,13.82,9.35,4.46,18.11,16.67,1.44,0.15
2021,Dover,E07000108,50552,33478,19753,13725,387,387,7039,4196,2843,9595,8379,1216,53,4.0,66.22,39.07,27.15,0.77,0.77,13.92,8.3,5.62,18.98,16.58,2.41,0.1
2021,Gravesham,E07000109,41724,25960,13018,12942,443,443,7270,5308,1962,7950,7276,674,101,4.84,62.22,31.2,31.02,1.06,1.06,17.42,12.72,4.7,19.05,17.44,1.62,0.24
2021,Maidstone,E07000110,71208,47991,24192,23799,1350,1350,9507,1887,7620,12339,10725,1614,21,2.84,67.4,33.97,33.42,1.9,1.9,13.35,2.65,10.7,17.33,15.06,2.27,0.03
2021,Sevenoaks,E07000111,49014,35066,18769,16297,913,913,6465,996,5469,6548,5572,976,22,4.12,71.54,38.29,33.25,1.86,1.86,13.19,2.03,11.16,13.36,11.37,1.99,0.04
2021,Folkestone and Hythe,E07000112,48337,31807,18966,12841,365,365,5251,3153,2098,10870,9555,1315,44,4.18,65.8,39.24,26.57,0.76,0.76,10.86,6.52,4.34,22.49,19.77,2.72,0.09
2021,Swale,E07000113,60495,40515,20788,19727,820,820,8041,1325,6716,11102,9851,1251,17,3.34,66.97,34.36,32.61,1.36,1.36,13.29,2.19,11.1,18.35,16.28,2.07,0.03
2021,Thanet,E07000114,62200,38162,22731,15431,282,282,7396,2940,4456,16334,14755,1579,26,3.25,61.35,36.55,24.81,0.45,0.45,11.89,4.73,7.16,26.26,23.72,2.54,0.04
2021,Tonbridge and Malling,E07000115,53571,37505,18379,19126,1108,1108,8255,1001,7254,6694,5757,937,9,3.77,70.01,34.31,35.7,2.07,2.07,15.41,1.87,13.54,12.5,10.75,1.75,0.02
2021,Tunbridge Wells,E07000116,48224,31393,16324,15069,521,521,7029,946,6083,9268,8297,971,13,4.19,65.1,33.85,31.25,1.08,1.08,14.58,1.96,12.61,19.22,17.21,2.01,0.03
2021,Burnley,E07000117,39871,23836,13051,10785,91,91,6209,1747,4462,9696,8621,1075,39,5.07,59.78,32.73,27.05,0.23,0.23,15.57,4.38,11.19,24.32,21.62,2.7,0.1
2021,Chorley,E07000118,50135,36156,18558,17598,358,358,6637,1218,5419,6964,6056,908,20,4.03,72.12,37.02,35.1,0.71,0.71,13.24,2.43,10.81,13.89,12.08,1.81,0.04
2021,Fylde,E07000119,37606,26944,16369,10575,288,288,3134,404,2730,7230,6239,991,10,5.37,71.65,43.53,28.12,0.77,0.77,8.33,1.07,7.26,19.23,16.59,2.64,0.03
2021,Hyndburn,E07000120,34790,21944,11917,10027,80,80,4711,1222,3489,8035,7088,947,20,5.81,63.08,34.25,28.82,0.23,0.23,13.54,3.51,10.03,23.1,20.37,2.72,0.06
2021,Lancaster,E07000121,59978,40266,23152,17114,488,488,6153,3384,2769,13029,11460,1569,42,3.37,67.13,38.6,28.53,0.81,0.81,10.26,5.64,4.62,21.72,19.11,2.62,0.07
2021,Pendle,E07000122,38066,24726,14127,10599,77,77,4491,1421,3070,8741,7622,1119,31,5.31,64.96,37.11,27.84,0.2,0.2,11.8,3.73,8.06,22.96,20.02,2.94,0.08
2021,Preston,E07000123,59607,34743,18219,16524,511,511,10983,1882,9101,13333,11923,1410,37,3.39,58.29,30.57,27.72,0.86,0.86,18.43,3.16,15.27,22.37,20.0,2.37,0.06
2021,Ribble Valley,E07000124,26747,20187,11654,8533,405,405,2151,292,1859,4003,3273,730,1,7.56,75.47,43.57,31.9,1.51,1.51,8.04,1.09,6.95,14.97,12.24,2.73,0.0
2021,Rossendale,E07000125,30561,20750,10560,10190,72,72,4514,1186,3328,5207,4459,748,18,6.61,67.9,34.55,33.34,0.24,0.24,14.77,3.88,10.89,17.04,14.59,2.45,0.06
2021,South Ribble,E07000126,48585,36947,19428,17519,376,376,5039,496,4543,6217,5339,878,6,4.16,76.05,39.99,36.06,0.77,0.77,10.37,1.02,9.35,12.8,10.99,1.81,0.01
2021,West Lancashire,E07000127,48534,34324,18987,15337,443,443,6958,5517,1441,6722,5754,968,87,4.16,70.72,39.12,31.6,0.91,0.91,14.34,11.37,2.97,13.85,11.86,1.99,0.18
2021,Wyre,E07000128,50769,37238,22699,14539,407,407,3871,544,3327,9241,8064,1177,12,3.98,73.35,44.71,28.64,0.8,0.8,7.62,1.07,6.55,18.2,15.88,2.32,0.02
2021,Blaby,E07000129,42575,33162,17012,16150,459,459,3497,482,3015,5449,4761,688,8,4.75,77.89,39.96,37.93,1.08,1.08,8.21,1.13,7.08,12.8,11.18,1.62,0.02
2021,Charnwood,E07000130,73785,51535,27619,23916,738,738,8632,4921,3711,12814,11541,1273,66,2.74,69.84,37.43,32.41,1.0,1.0,11.7,6.67,5.03,17.37,15.64,1.73,0.09
2021,Harborough,E07000131,40414,30632,16484,14148,805,805,3531,405,3126,5439,4687,752,7,5.0,75.8,40.79,35.01,1.99,1.99,8.74,1.0,7.73,13.46,11.6,1.86,0.02
2021,Hinckley and Bosworth,E07000132,49445,36789,19715,17074,451,451,5049,3005,2044,7114,6199,915,42,4.09,74.4,39.87,34.53,0.91,0.91,10.21,6.08,4.13,14.39,12.54,1.85,0.08
2021,Melton,E07000133,22599,16031,9160,6871,249,249,2416,1641,775,3881,3382,499,22,8.94,70.94,40.53,30.4,1.1,1.1,10.69,7.26,3.43,17.17,14.97,2.21,0.1
2021,North West Leicestershire,E07000134,44974,32289,16599,15690,479,479,6089,4066,2023,6074,5385,689,43,4.49,71.79,36.91,34.89,1.07,1.07,13.54,9.04,4.5,13.51,11.97,1.53,0.1
2021,Oadby and Wigston,E07000135,22616,17015,9711,7304,160,160,1793,1116,677,3623,3248,375,25,8.94,75.23,42.94,32.3,0.71,0.71,7.93,4.93,2.99,16.02,14.36,1.66,0.11
2021,Boston,E07000136,29404,17305,9967,7338,376,376,5726,1969,3757,5965,5425,540,32,6.87,58.85,33.9,24.96,1.28,1.28,19.47,6.7,12.78,20.29,18.45,1.84,0.11
2021,East Lindsey,E07000137,64754,43645,29907,13738,686,686,7295,1495,5800,13110,10971,2139,18,3.12,67.4,46.19,21.22,1.06,1.06,11.27,2.31,8.96,20.25,16.94,3.3,0.03
2021,Lincoln,E07000138,42506,21466,11092,10374,387,387,8953,7162,1791,11558,10634,924,142,4.75,50.5,26.1,24.41,0.91,0.91,21.06,16.85,4.21,27.19,25.02,2.17,0.33
2021,North Kesteven,E07000139,50989,37110,20386,16724,536,536,5113,3685,1428,8164,6299,1865,66,3.96,72.78,39.98,32.8,1.05,1.05,10.03,7.23,2.8,16.01,12.35,3.66,0.13
2021,South Holland,E07000140,40703,28321,16604,11717,436,436,4936,3693,1243,6943,6055,888,67,4.97,69.58,40.79,28.79,1.07,1.07,12.13,9.07,3.05,17.06,14.88,2.18,0.16
2021,South Kesteven,E07000141,62847,42920,23765,19155,654,654,7851,5536,2315,11325,9998,1327,97,3.22,68.29,37.81,30.48,1.04,1.04,12.49,8.81,3.68,18.02,15.91,2.11,0.15
2021,West Lindsey,E07000142,42345,29759,17553,12206,391,391,4605,1190,3415,7570,6431,1139,20,4.77,70.28,41.45,28.83,0.92,0.92,10.87,2.81,8.06,17.88,15.19,2.69,0.05
2021,Breckland,E07000143,60358,40461,24126,16335,433,433,8507,1653,6854,10930,9186,1744,27,3.35,67.04,39.97,27.06,0.72,0.72,14.09,2.74,11.36,18.11,15.22,2.89,0.04
2021,Broadland,E07000144,57760,44536,26448,18088,498,498,5619,650,4969,7095,5951,1144,12,3.5,77.11,45.79,31.32,0.86,0.86,9.73,1.13,8.6,12.28,10.3,1.98,0.02
2021,Great Yarmouth,E07000145,44545,27516,16978,10538,133,133,7213,5464,1749,9576,8504,1072,107,4.54,61.77,38.11,23.66,0.3,0.3,16.19,12.27,3.93,21.5,19.09,2.41,0.24
2021,King's Lynn and West Norfolk,E07000146,67464,45203,28053,17150,323,323,9180,2167,7013,12704,10482,2222,54,3.0,67.0,41.58,25.42,0.48,0.48,13.61,3.21,10.4,18.83,15.54,3.29,0.08
2021,North Norfolk,E07000147,48374,33210,23509,9701,333,333,6275,998,5277,8538,7170,1368,18,4.18,68.65,48.6,20.05,0.69,0.69,12.97,2.06,10.91,17.65,14.82,2.83,0.04
2021,Norwich,E07000148,64457,27105,14312,12793,367,367,19518,14240,5278,17351,15986,1365,116,3.14,42.05,22.2,19.85,0.57,0.57,30.28,22.09,8.19,26.92,24.8,2.12,0.18
2021,South Norfolk,E07000149,61381,44895,25720,19175,756,756,7184,1411,5773,8527,7213,1314,19,3.29,73.14,41.9,31.24,1.23,1.23,11.7,2.3,9.41,13.89,11.75,2.14,0.03
2021,Craven,E07000163,26069,18663,11826,6837,184,184,2494,457,2037,4718,3963,755,10,7.75,71.59,45.36,26.23,0.71,0.71,9.57,1.75,7.81,18.1,15.2,2.9,0.04
2021,Hambleton,E07000164,40800,28145,17772,10373,355,355,5468,575,4893,6826,5245,1581,6,4.95,68.98,43.56,25.42,0.87,0.87,13.4,1.41,11.99,16.73,12.86,3.88,0.01
2021,Harrogate,E07000165,71169,49907,28936,20971,647,647,7022,3740,3282,13522,11484,2038,71,2.84,70.12,40.66,29.47,0.91,0.91,9.87,5.26,4.61,19.0,16.14,2.86,0.1
2021,Richmondshire,E07000166,20946,13492,8518,4974,119,119,2441,1450,991,4866,3142,1724,28,9.65,64.41,40.67,23.75,0.57,0.57,11.65,6.92,4.73,23.23,15.0,8.23,0.13
2021,Ryedale,E07000167,24715,16506,10820,5686,190,190,3171,331,2840,4841,3958,883,7,8.18,66.79,43.78,23.01,0.77,0.77,12.83,1.34,11.49,19.59,16.01,3.57,0.03
2021,Scarborough,E07000168,51124,32472,21164,11308,484,484,7070,1250,5820,11081,9748,1333,17,3.95,63.52,41.4,22.12,0.95,0.95,13.83,2.45,11.38,21.67,19.07,2.61,0.03
2021,Selby,E07000169,39562,28915,14590,14325,447,447,4851,2923,1928,5310,4571,739,39,5.11,73.09,36.88,36.21,1.13,1.13,12.26,7.39,4.87,13.42,11.55,1.87,0.1
2021,Ashfield,E07000170,54509,36750,19484,17266,221,221,8130,6135,1995,9297,8261,1036,111,3.71,67.42,35.74,31.68,0.41,0.41,14.91,11.26,3.66,17.06,15.16,1.9,0.2
2021,Bassetlaw,E07000171,51458,35114,19442,15672,217,217,7697,6124,1573,8351,7210,1141,79,3.93,68.24,37.78,30.46,0.42,0.42,14.96,11.9,3.06,16.23,14.01,2.22,0.15
2021,Broxtowe,E07000172,48362,34454,19301,15153,151,151,5337,4029,1308,8355,7409,946,65,4.18,71.24,39.91,31.33,0.31,0.31,11.04,8.33,2.7,17.28,15.32,1.96,0.13
2021,Gedling,E07000173,51551,38066,20649,17417,270,270,4995,2084,2911,8191,7136,1055,29,3.92,73.84,40.06,33.79,0.52,0.52,9.69,4.04,5.65,15.89,13.84,2.05,0.06
2021,Mansfield,E07000174,48031,30756,16668,14088,214,214,7865,5738,2127,9065,8156,909,131,4.21,64.03,34.7,29.33,0.45,0.45,16.37,11.95,4.43,18.87,16.98,1.89,0.27
2021,Newark and Sherwood,E07000175,53332,36793,20525,16268,437,437,7413,5133,2280,8624,7476,1148,65,3.79,68.99,38.49,30.5,0.82,0.82,13.9,9.62,4.28,16.17,14.02,2.15,0.12
2021,Rushcliffe,E07000176,49883,37761,20508,17253,524,524,4273,886,3387,7312,6450,862,13,4.05,75.7,41.11,34.59,1.05,1.05,8.57,1.78,6.79,14.66,12.93,1.73,0.03
2021,Cherwell,E07000177,65893,42839,21431,21408,1253,1253,8742,1427,7315,13033,11453,1580,26,3.07,65.01,32.52,32.49,1.9,1.9,13.27,2.17,11.1,19.78,17.38,2.4,0.04
2021,Oxford,E07000178,55239,25035,13993,11042,793,793,11554,7414,4140,17762,16150,1612,95,3.66,45.32,25.33,19.99,1.44,1.44,20.92,13.42,7.49,32.15,29.24,2.92,0.17
2021,South Oxfordshire,E07000179,61498,43195,23180,20015,1116,1116,7386,1092,6294,9784,7921,1863,17,3.29,70.24,37.69,32.55,1.81,1.81,12.01,1.78,10.23,15.91,12.88,3.03,0.03
2021,Vale of White Horse,E07000180,57497,39210,20812,18398,1055,1055,8206,1260,6946,9002,7003,1999,24,3.51,68.19,36.2,32.0,1.83,1.83,14.27,2.19,12.08,15.66,12.18,3.48,0.04
2021,West Oxfordshire,E07000181,47981,32045,17963,14082,995,995,6363,788,5575,8570,6580,1990,8,4.21,66.79,37.44,29.35,2.07,2.07,13.26,1.64,11.62,17.86,13.71,4.15,0.02
2021,Mendip,E07000187,50294,34541,20657,13884,605,605,6051,1149,4902,9077,7770,1307,20,4.02,68.68,41.07,27.61,1.2,1.2,12.03,2.28,9.75,18.05,15.45,2.6,0.04
2021,Sedgemoor,E07000188,53904,36821,21144,15677,493,493,6887,3618,3269,9651,8494,1157,52,3.75,68.31,39.23,29.08,0.91,0.91,12.78,6.71,6.06,17.9,15.76,2.15,0.1
2021,South Somerset,E07000189,75936,51581,31355,20226,840,840,10733,2166,8567,12734,10552,2182,48,2.66,67.93,41.29,26.64,1.11,1.11,14.13,2.85,11.28,16.77,13.9,2.87,0.06
2021,Cannock Chase,E07000192,43456,29156,14718,14438,297,297,7031,4894,2137,6862,6109,753,110,4.65,67.09,33.87,33.22,0.68,0.68,16.18,11.26,4.92,15.79,14.06,1.73,0.25
2021,East Staffordshire,E07000193,51293,34278,18695,15583,357,357,6634,2276,4358,9992,8846,1146,32,3.94,66.83,36.45,30.38,0.7,0.7,12.93,4.44,8.5,19.48,17.25,2.23,0.06
2021,Lichfield,E07000194,45632,33430,18902,14528,445,445,5932,738,5194,5817,4926,891,8,4.43,73.26,41.42,31.84,0.98,0.98,13.0,1.62,11.38,12.75,10.8,1.95,0.02
2021,Newcastle-under-Lyme,E07000195,53423,36151,20435,15716,350,350,9142,2774,6368,7735,6613,1122,45,3.78,67.67,38.25,29.42,0.66,0.66,17.11,5.19,11.92,14.48,12.38,2.1,0.08
2021,South Staffordshire,E07000196,46121,34359,20310,14049,402,402,6471,625,5846,4873,4126,747,16,4.38,74.5,44.04,30.46,0.87,0.87,14.03,1.36,12.68,10.57,8.95,1.62,0.03
2021,Stafford,E07000197,60047,42032,23474,18558,500,500,8146,2042,6104,9336,7788,1548,33,3.37,70.0,39.09,30.91,0.83,0.83,13.57,3.4,10.17,15.55,12.97,2.58,0.05
2021,Staffordshire Moorlands,E07000198,42355,33141,20401,12740,164,164,3653,1069,2584,5373,4501,872,24,4.77,78.25,48.17,30.08,0.39,0.39,8.62,2.52,6.1,12.69,10.63,2.06,0.06
2021,Tamworth,E07000199,32895,22037,10967,11070,233,233,5926,4104,1822,4643,4192,451,56,6.14,66.99,33.34,33.65,0.71,0.71,18.01,12.48,5.54,14.11,12.74,1.37,0.17
2021,Babergh,E07000200,40200,28558,17460,11098,289,289,5333,3370,1963,5959,4910,1049,61,5.03,71.04,43.43,27.61,0.72,0.72,13.27,8.38,4.88,14.82,12.21,2.61,0.15
2021,Ipswich,E07000202,59507,32992,16810,16182,353,353,12368,7614,4754,13664,12583,1081,130,3.4,55.44,28.25,27.19,0.59,0.59,20.78,12.8,7.99,22.96,21.15,1.82,0.22
2021,Mid Suffolk,E07000203,44344,32758,19151,13607,446,446,5011,3141,1870,6079,4874,1205,50,4.56,73.87,43.19,30.69,1.01,1.01,11.3,7.08,4.22,13.71,10.99,2.72,0.11
2021,Elmbridge,E07000207,55587,39641,18809,20832,586,586,5608,939,4669,9725,8828,897,27,3.64,71.31,33.84,37.48,1.05,1.05,10.09,1.69,8.4,17.5,15.88,1.61,0.05
2021,Epsom and Ewell,E07000208,31321,23167,11364,11803,358,358,2743,193,2550,5048,4561,487,5,6.45,73.97,36.28,37.68,1.14,1.14,8.76,0.62,8.14,16.12,14.56,1.55,0.02
2021,Guildford,E07000209,55760,36984,19267,17717,729,729,7066,4864,2202,10930,9552,1378,51,3.62,66.33,34.55,31.77,1.31,1.31,12.67,8.72,3.95,19.6,17.13,2.47,0.09
2021,Mole Valley,E07000210,37139,27189,15136,12053,380,380,4327,574,3753,5238,4506,732,5,5.44,73.21,40.76,32.45,1.02,1.02,11.65,1.55,10.11,14.1,12.13,1.97,0.01
2021,Reigate and Banstead,E07000211,59849,42570,20196,22374,969,969,6907,1082,5825,9387,8482,905,16,3.38,71.13,33.74,37.38,1.62,1.62,11.54,1.81,9.73,15.68,14.17,1.51,0.03
2021,Runnymede,E07000212,34838,23141,11431,11710,506,506,4499,2771,1728,6652,5907,745,40,5.8,66.42,32.81,33.61,1.45,1.45,12.91,7.95,4.96,19.09,16.96,2.14,0.11
2021,Spelthorne,E07000213,41804,28469,13980,14489,531,531,5296,771,4525,7487,6783,704,21,4.83,68.1,33.44,34.66,1.27,1.27,12.67,1.84,10.82,17.91,16.23,1.68,0.05
2021,Surrey Heath,E07000214,36008,26651,13156,13495,364,364,3449,477,2972,5531,4611,920,13,5.61,74.01,36.54,37.48,1.01,1.01,9.58,1.32,8.25,15.36,12.81,2.55,0.04
2021,Tandridge,E07000215,35623,26529,13326,13203,412,412,3939,2496,1443,4730,3973,757,13,5.67,74.47,37.41,37.06,1.16,1.16,11.06,7.01,4.05,13.28,11.15,2.13,0.04
2021,Waverley,E07000216,52448,37637,20039,17598,642,642,6427,4657,1770,7703,6494,1209,39,3.85,71.76,38.21,33.55,1.22,1.22,12.25,8.88,3.37,14.69,12.38,2.31,0.07
2021,Woking,E07000217,41438,27531,13251,14280,338,338,4792,2965,1827,8738,7966,772,39,4.88,66.44,31.98,34.46,0.82,0.82,11.56,7.16,4.41,21.09,19.22,1.86,0.09
2021,North Warwickshire,E07000218,27581,19414,10558,8856,261,261,3752,2490,1262,4110,3588,522,44,7.33,70.39,38.28,32.11,0.95,0.95,13.6,9.03,4.58,14.9,13.01,1.89,0.16
2021,Nuneaton and Bedworth,E07000219,56585,38504,19829,18675,461,461,8157,5412,2745,9399,8355,1044,64,3.57,68.05,35.04,33.0,0.81,0.81,14.42,9.56,4.85,16.61,14.77,1.85,0.11
2021,Rugby,E07000220,47015,31715,15703,16012,692,692,6074,3399,2675,8474,7460,1014,60,4.3,67.46,33.4,34.06,1.47,1.47,12.92,7.23,5.69,18.02,15.87,2.16,0.13
2021,Stratford-on-Avon,E07000221,59463,42123,24156,17967,1060,1060,7906,958,6948,8363,7055,1308,11,3.4,70.84,40.62,30.22,1.78,1.78,13.3,1.61,11.68,14.06,11.86,2.2,0.02
2021,Warwick,E07000222,62618,40952,21411,19541,899,899,8804,5251,3553,11910,10844,1066,53,3.23,65.4,34.19,31.21,1.44,1.44,14.06,8.39,5.67,19.02,17.32,1.7,0.08
2021,Adur,E07000223,27678,19936,11101,8835,184,184,3436,2431,1005,4095,3537,558,27,7.3,72.03,40.11,31.92,0.66,0.66,12.41,8.78,3.63,14.8,12.78,2.02,0.1
2021,Arun,E07000224,72661,51770,32182,19588,836,836,6774,3210,3564,13225,11801,1424,56,2.78,71.25,44.29,26.96,1.15,1.15,9.32,4.42,4.9,18.2,16.24,1.96,0.08
2021,Chichester,E07000225,54118,35372,22715,12657,754,754,8157,1057,7100,9807,8089,1718,28,3.73,65.36,41.97,23.39,1.39,1.39,15.07,1.95,13.12,18.12,14.95,3.17,0.05
2021,Crawley,E07000226,45502,25363,10940,14423,560,560,10432,7969,2463,9015,8352,663,132,4.44,55.74,24.04,31.7,1.23,1.23,22.93,17.51,5.41,19.81,18.36,1.46,0.29
2021,Horsham,E07000227,62370,45065,24482,20583,1072,1072,7155,775,6380,9055,7795,1260,23,3.24,72.25,39.25,33.0,1.72,1.72,11.47,1.24,10.23,14.52,12.5,2.02,0.04
2021,Mid Sussex,E07000228,63349,46013,23259,22754,810,810,6812,460,6352,9710,8568,1142,4,3.19,72.63,36.72,35.92,1.28,1.28,10.75,0.73,10.03,15.33,13.53,1.8,0.01
2021,Worthing,E07000229,49538,33440,18052,15388,322,322,4845,1051,3794,10916,10012,904,15,4.08,67.5,36.44,31.06,0.65,0.65,9.78,2.12,7.66,22.04,20.21,1.82,0.03
2021,Bromsgrove,E07000234,41264,31994,17483,14511,458,458,4417,1452,2965,4379,3719,660,16,4.9,77.53,42.37,35.17,1.11,1.11,10.7,3.52,7.19,10.61,9.01,1.6,0.04
2021,Malvern Hills,E07000235,34889,24773,15753,9020,451,451,5001,753,4248,4653,3896,757,11,5.79,71.01,45.15,25.85,1.29,1.29,14.33,2.16,12.18,13.34,11.17,2.17,0.03
2021,Redditch,E07000236,36378,23438,11254,12184,291,291,7331,5281,2050,5243,4718,525,75,5.56,64.43,30.94,33.49,0.8,0.8,20.15,14.52,5.64,14.41,12.97,1.44,0.21
2021,Worcester,E07000237,44724,27462,14320,13142,472,472,7269,2155,5114,9494,8593,901,27,4.52,61.4,32.02,29.38,1.06,1.06,16.25,4.82,11.43,21.23,19.21,2.01,0.06
2021,Wychavon,E07000238,57356,40185,23188,16997,708,708,8954,1478,7476,7493,6337,1156,16,3.52,70.06,40.43,29.63,1.23,1.23,15.61,2.58,13.03,13.06,11.05,2.02,0.03
2021,Wyre Forest,E07000239,45320,31158,18477,12681,464,464,6411,2946,3465,7239,6366,873,48,4.46,68.75,40.77,27.98,1.02,1.02,14.15,6.5,7.65,15.97,14.05,1.93,0.11
2021,Bolton,E08000001,118790,73083,39475,33608,493,493,23555,12540,11015,21372,18776,2596,287,1.7,61.52,33.23,28.29,0.42,0.42,19.83,10.56,9.27,17.99,15.81,2.19,0.24
2021,Bury,E08000002,80696,53992,27752,26240,292,292,12044,6718,5326,14249,12628,1621,119,2.5,66.91,34.39,32.52,0.36,0.36,14.93,8.33,6.6,17.66,15.65,2.01,0.15
2021,Manchester,E08000003,214730,79925,35423,44502,1679,1679,63276,24419,38857,69403,65041,4362,447,0.94,37.22,16.5,20.72,0.78,0.78,29.47,11.37,18.1,32.32,30.29,2.03,0.21
2021,Oldham,E08000004,93140,56229,29384,26845,412,412,19760,7572,12188,16498,14253,2245,241,2.17,60.37,31.55,28.82,0.44,0.44,21.22,8.13,13.09,17.71,15.3,2.41,0.26
2021,Rochdale,E08000005,90222,54377,27411,26966,342,342,18815,9972,8843,16503,14535,1968,185,2.24,60.27,30.38,29.89,0.38,0.38,20.85,11.05,9.8,18.29,16.11,2.18,0.21
2021,Salford,E08000006,115117,54068,25294,28774,646,646,29227,13599,15628,30853,28651,2202,323,1.76,46.97,21.97,25.0,0.56,0.56,25.39,11.81,13.58,26.8,24.89,1.91,0.28
2021,Stockport,E08000007,126648,90025,46498,43527,1486,1486,16849,9880,6969,18192,16238,1954,96,1.6,71.08,36.71,34.37,1.17,1.17,13.3,7.8,5.5,14.36,12.82,1.54,0.08
2021,Tameside,E08000008,99527,60521,30363,30158,320,320,21125,5556,15569,17459,15489,1970,102,2.03,60.81,30.51,30.3,0.32,0.32,21.23,5.58,15.64,17.54,15.56,1.98,0.1
2021,Trafford,E08000009,96269,66387,33149,33238,654,654,14419,4065,10354,14744,13254,1490,65,2.1,68.96,34.43,34.53,0.68,0.68,14.98,4.22,10.76,15.32,13.77,1.55,0.07
2021,Wigan,E08000010,143105,94978,49212,45766,655,655,24333,20083,4250,22761,20040,2721,378,1.41,66.37,34.39,31.98,0.46,0.46,17.0,14.03,2.97,15.91,14.0,1.9,0.26
2021,Knowsley,E08000011,66073,39286,18902,20384,543,543,16687,7109,9578,9461,8366,1095,96,3.06,59.46,28.61,30.85,0.82,0.82,25.26,10.76,14.5,14.32,12.66,1.66,0.15
2021,Liverpool,E08000012,207491,97041,50393,46648,1378,1378,54758,9355,45403,54067,49950,4117,247,0.97,46.77,24.29,22.48,0.66,0.66,26.39,4.51,21.88,26.06,24.07,1.98,0.12
2021,St. Helens,E08000013,81013,52049,28023,24026,627,627,15993,5030,10963,12264,10785,1479,80,2.49,64.25,34.59,29.66,0.77,0.77,19.74,6.21,13.53,15.14,13.31,1.83,0.1
2021,Sefton,E08000014,123073,81991,46426,35565,845,845,17735,4159,13576,22457,20029,2428,45,1.64,66.62,37.72,28.9,0.69,0.69,14.41,3.38,11.03,18.25,16.27,1.97,0.04
2021,Wirral,E08000015,143252,93114,51333,41781,887,887,22065,5611,16454,27091,24397,2694,95,1.41,65.0,35.83,29.17,0.62,0.62,15.4,3.92,11.49,18.91,17.03,1.88,0.07
2021,Barnsley,E08000016,108053,67353,35620,31733,522,522,21294,16772,4522,18569,16296,2273,315,1.87,62.33,32.97,29.37,0.48,0.48,19.71,15.52,4.18,17.19,15.08,2.1,0.29
2021,Doncaster,E08000017,133480,83883,44881,39002,563,563,22694,18396,4298,25941,22953,2988,399,1.51,62.84,33.62,29.22,0.42,0.42,17.0,13.78,3.22,19.43,17.2,2.24,0.3
2021,Rotherham,E08000018,113926,72496,38318,34178,467,467,23545,18981,4564,17035,14651,2384,383,1.77,63.63,33.63,30.0,0.41,0.41,20.67,16.66,4.01,14.95,12.86,2.09,0.34
2021,Sheffield,E08000019,231948,135177,71903,63274,776,776,52334,36110,16224,43424,38976,4448,237,0.87,58.28,31.0,27.28,0.33,0.33,22.56,15.57,6.99,18.72,16.8,1.92,0.1
2021,Newcastle upon Tyne,E08000021,122797,60476,30707,29769,580,580,33476,24431,9045,27978,25300,2678,287,1.65,49.25,25.01,24.24,0.47,0.47,27.26,19.9,7.37,22.78,20.6,2.18,0.23
2021,North Tyneside,E08000022,96232,61271,31038,30233,504,504,19765,14069,5696,14625,12755,1870,67,2.1,63.67,32.25,31.42,0.52,0.52,20.54,14.62,5.92,15.2,13.25,1.94,0.07
2021,South Tyneside,E08000023,68288,38655,20503,18152,336,336,20208,15720,4488,9025,7742,1283,64,2.96,56.61,30.02,26.58,0.49,0.49,29.59,23.02,6.57,13.22,11.34,1.88,0.09
2021,Sunderland,E08000024,122177,70992,38312,32680,484,484,32554,13760,18794,18096,15827,2269,51,1.65,58.11,31.36,26.75,0.4,0.4,26.64,11.26,15.38,14.81,12.95,1.86,0.04
2021,Birmingham,E08000025,423455,223016,114970,108046,3641,3641,99499,58609,40890,95719,86669,9050,1580,0.48,52.67,27.15,25.52,0.86,0.86,23.5,13.84,9.66,22.6,20.47,2.14,0.37
2021,Coventry,E08000026,134140,77062,40278,36784,906,906,22766,7244,15522,33195,30134,3061,211,1.51,57.45,30.03,27.42,0.68,0.68,16.97,5.4,11.57,24.75,22.46,2.28,0.16
2021,Dudley,E08000027,137069,91053,51133,39920,618,618,26021,21157,4864,18940,16644,2296,437,1.47,66.43,37.3,29.12,0.45,0.45,18.98,15.44,3.55,13.82,12.14,1.68,0.32
2021,Sandwell,E08000028,130246,70004,35924,34080,631,631,34612,27293,7319,24237,21710,2527,762,1.55,53.75,27.58,26.17,0.48,0.48,26.57,20.95,5.62,18.61,16.67,1.94,0.59
2021,Solihull,E08000029,89482,64638,35054,29584,710,710,12532,8901,3631,11496,10249,1247,106,2.26,72.24,39.17,33.06,0.79,0.79,14.01,9.95,4.06,12.85,11.45,1.39,0.12
2021,Walsall,E08000030,112226,66589,36296,30293,557,557,26576,9241,17335,18336,16323,2013,168,1.8,59.33,32.34,26.99,0.5,0.5,23.68,8.23,15.45,16.34,14.54,1.79,0.15
2021,Wolverhampton,E08000031,105142,57810,31345,26465,445,445,26484,19761,6723,20006,17922,2084,397,1.92,54.98,29.81,25.17,0.42,0.42,25.19,18.79,6.39,19.03,17.05,1.98,0.38
2021,Bradford,E08000032,209867,129573,66875,62698,1043,1043,30731,11798,18933,48278,42709,5569,242,0.96,61.74,31.87,29.88,0.5,0.5,14.64,5.62,9.02,23.0,20.35,2.65,0.12
2021,Calderdale,E08000033,90476,58439,31269,27170,366,366,13170,3793,9377,18437,16210,2227,64,2.23,64.59,34.56,30.03,0.4,0.4,14.56,4.19,10.36,20.38,17.92,2.46,0.07
2021,Kirklees,E08000034,177989,116608,62352,54256,676,676,26288,19678,6610,33942,29858,4084,475,1.14,65.51,35.03,30.48,0.38,0.38,14.77,11.06,3.71,19.07,16.78,2.29,0.27
2021,Leeds,E08000035,341466,194584,95452,99132,1947,1947,69742,51716,18026,74402,68197,6205,791,0.59,56.98,27.95,29.03,0.57,0.57,20.42,15.15,5.28,21.79,19.97,1.82,0.23
2021,Wakefield,E08000036,153075,95826,48566,47260,1200,1200,33188,22323,10865,22754,19969,2785,107,1.32,62.6,31.73,30.87,0.78,0.78,21.68,14.58,7.1,14.86,13.05,1.82,0.07
2021,City of London,E09000001,4914,1794,1114,680,12,12,730,449,281,2373,2064,309,5,41.13,36.51,22.67,13.84,0.24,0.24,14.86,9.14,5.72,48.29,42.0,6.29,0.1
2021,Barking and Dagenham,E09000002,73902,31319,11130,20189,1274,1274,23273,18077,5196,17890,16443,1447,146,2.73,42.38,15.06,27.32,1.72,1.72,31.49,24.46,7.03,24.21,22.25,1.96,0.2
2021,Barnet,E09000003,148917,78407,39083,39324,1633,1633,20034,10030,10004,48705,45180,3525,138,1.36,52.65,26.24,26.41,1.1,1.1,13.45,6.74,6.72,32.71,30.34,2.37,0.09
2021,Bexley,E09000004,95300,65417,31210,34207,1263,1263,13977,2491,11486,14578,13078,1500,65,2.12,68.64,32.75,35.89,1.33,1.33,14.67,2.61,12.05,15.3,13.72,1.57,0.07
2021,Brent,E09000005,118612,45593,23933,21660,2246,2246,27876,10444,17432,42726,39732,2994,171,1.7,38.44,20.18,18.26,1.89,1.89,23.5,8.81,14.7,36.02,33.5,2.52,0.14
2021,Bromley,E09000006,135828,93028,44794,48234,1166,1166,17926,2090,15836,23661,21418,2243,47,1.49,68.49,32.98,35.51,0.86,0.86,13.2,1.54,11.66,17.42,15.77,1.65,0.03
2021,Camden,E09000007,92758,27507,14780,12727,715,715,31250,21051,10199,33012,30382,2630,274,2.18,29.65,15.93,13.72,0.77,0.77,33.69,22.69,11.0,35.59,32.75,2.84,0.3
2021,Croydon,E09000008,152945,83667,36992,46675,2183,2183,27371,14769,12602,39441,36484,2957,283,1.32,54.7,24.19,30.52,1.43,1.43,17.9,9.66,8.24,25.79,23.85,1.93,0.19
2021,Ealing,E09000009,133657,61814,30275,31539,2658,2658,23382,11326,12056,45490,42063,3427,313,1.51,46.25,22.65,23.6,1.99,1.99,17.49,8.47,9.02,34.03,31.47,2.56,0.23
2021,Enfield,E09000010,120923,63347,31740,31607,1319,1319,20573,12530,8043,35388,32773,2615,296,1.67,52.39,26.25,26.14,1.09,1.09,17.01,10.36,6.65,29.26,27.1,2.16,0.24
2021,Greenwich,E09000011,114051,46927,18473,28454,2471,2471,35327,21257,14070,29088,26863,2225,238,1.77,41.15,16.2,24.95,2.17,2.17,30.97,18.64,12.34,25.5,23.55,1.95,0.21
2021,Hackney,E09000012,106081,26066,10263,15803,2664,2664,42945,21943,21002,34147,31943,2204,259,1.91,24.57,9.67,14.9,2.51,2.51,40.48,20.69,19.8,32.19,30.11,2.08,0.24
2021,Hammersmith and Fulham,E09000013,81244,26090,12483,13607,1208,1208,24231,11840,12391,29558,27284,2274,157,2.49,32.11,15.36,16.75,1.49,1.49,29.82,14.57,15.25,36.38,33.58,2.8,0.19
2021,Haringey,E09000014,105091,39116,18141,20975,1732,1732,26474,15630,10844,37376,35052,2324,393,1.92,37.22,17.26,19.96,1.65,1.65,25.19,14.87,10.32,35.57,33.35,2.21,0.37
2021,Harrow,E09000015,89642,52690,26947,25743,1007,1007,9298,4977,4321,26495,24354,2141,152,2.25,58.78,30.06,28.72,1.12,1.12,10.37,5.55,4.82,29.56,27.17,2.39,0.17
2021,Havering,E09000016,101276,70379,34918,35461,976,976,13807,9423,4384,16019,14452,1567,95,2.0,69.49,34.48,35.01,0.96,0.96,13.63,9.3,4.33,15.82,14.27,1.55,0.09
2021,Hillingdon,E09000017,109228,61831,28994,32837,1373,1373,17613,10179,7434,28276,25692,2584,135,1.85,56.61,26.54,30.06,1.26,1.26,16.12,9.32,6.81,25.89,23.52,2.37,0.12
2021,Hounslow,E09000018,102961,47044,21761,25283,2225,2225,21618,13251,8367,31788,29537,2251,286,1.96,45.69,21.14,24.56,2.16,2.16,21.0,12.87,8.13,30.87,28.69,2.19,0.28
2021,Islington,E09000019,96496,25740,11151,14589,1580,1580,38787,24081,14706,30079,28084,1995,310,2.09,26.67,11.56,15.12,1.64,1.64,40.2,24.96,15.24,31.17,29.1,2.07,0.32
2021,Kensington and Chelsea,E09000020,66884,21191,13301,7890,676,676,18430,7154,11276,26460,23560,2900,127,3.02,31.68,19.89,11.8,1.01,1.01,27.56,10.7,16.86,39.56,35.23,4.34,0.19
2021,Kingston upon Thames,E09000021,65628,39937,18519,21418,460,460,7244,4647,2597,17911,16535,1376,76,3.08,60.85,28.22,32.64,0.7,0.7,11.04,7.08,3.96,27.29,25.2,2.1,0.12
2021,Lambeth,E09000022,134688,44469,16180,28289,2441,2441,45243,24126,21117,42329,39228,3101,206,1.5,33.02,12.01,21.0,1.81,1.81,33.59,17.91,15.68,31.43,29.13,2.3,0.15
2021,Lewisham,E09000023,122393,51230,18853,32377,1944,1944,35753,16045,19708,33289,30797,2492,177,1.65,41.86,15.4,26.45,1.59,1.59,29.21,13.11,16.1,27.2,25.16,2.04,0.14
2021,Merton,E09000024,81726,45468,20695,24773,869,869,11599,2342,9257,23748,21998,1750,42,2.47,55.63,25.32,30.31,1.06,1.06,14.19,2.87,11.33,29.06,26.92,2.14,0.05
2021,Newham,E09000025,115511,35579,14695,20884,2739,2739,32390,17989,14401,44479,41391,3088,324,1.75,30.8,12.72,18.08,2.37,2.37,28.04,15.57,12.47,38.51,35.83,2.67,0.28
2021,Redbridge,E09000026,103714,59221,27956,31265,983,983,11707,6604,5103,31576,29079,2497,227,1.95,57.1,26.95,30.15,0.95,0.95,11.29,6.37,4.92,30.45,28.04,2.41,0.22
2021,Richmond upon Thames,E09000027,80704,50361,24535,25826,560,560,9752,1829,7923,19970,18393,1577,61,2.5,62.4,30.4,32.0,0.69,0.69,12.08,2.27,9.82,24.74,22.79,1.95,0.08
2021,Southwark,E09000028,130820,37749,13879,23870,3182,3182,51991,35433,16558,37506,34493,3013,392,1.54,28.86,10.61,18.25,2.43,2.43,39.74,27.09,12.66,28.67,26.37,2.3,0.3
2021,Sutton,E09000029,82347,53047,23400,29647,889,889,11667,5399,6268,16683,15372,1311,61,2.45,64.42,28.42,36.0,1.08,1.08,14.17,6.56,7.61,20.26,18.67,1.59,0.07
2021,Tower Hamlets,E09000030,120539,27883,9424,18459,3143,3143,43237,16697,26540,46000,43126,2874,276,1.68,23.13,7.82,15.31,2.61,2.61,35.87,13.85,22.02,38.16,35.78,2.38,0.23
2021,Waltham Forest,E09000031,102901,50356,20817,29539,1700,1700,22099,10737,11362,28593,26361,2232,153,1.96,48.94,20.23,28.71,1.65,1.65,21.48,10.43,11.04,27.79,25.62,2.17,0.15
2021,Wandsworth,E09000032,137392,58325,24410,33915,2509,2509,26544,16653,9891,49830,46295,3535,184,1.47,42.45,17.77,24.68,1.83,1.83,19.32,12.12,7.2,36.27,33.7,2.57,0.13
2021,Westminster,E09000033,94816,25962,15213,10749,695,695,26810,12418,14392,41065,36871,4194,284,2.13,27.38,16.04,11.34,0.73,0.73,28.28,13.1,15.18,43.31,38.89,4.42,0.3
2021,Isle of Anglesey,W06000001,30824,21020,13756,7264,87,87,4820,3783,1037,4799,3735,1064,98,6.56,68.19,44.63,23.57,0.28,0.28,15.64,12.27,3.36,15.57,12.12,3.45,0.32
2021,Gwynedd,W06000002,51105,33428,22214,11214,150,150,8557,3524,5033,8865,7060,1805,105,3.95,65.41,43.47,21.94,0.29,0.29,16.74,6.9,9.85,17.35,13.81,3.53,0.21
2021,Conwy,W06000003,52235,35726,22759,12967,291,291,6257,2051,4206,9920,8526,1394,41,3.87,68.39,43.57,24.82,0.56,0.56,11.98,3.93,8.05,18.99,16.32,2.67,0.08
2021,Denbighshire,W06000004,42387,27940,16828,11112,234,234,5648,3298,2350,8492,7295,1197,73,4.77,65.92,39.7,26.22,0.55,0.55,13.32,7.78,5.54,20.03,17.21,2.82,0.17
2021,Flintshire,W06000005,66911,48019,25945,22074,307,307,9714,6985,2729,8839,7544,1295,32,3.02,71.77,38.78,32.99,0.46,0.46,14.52,10.44,4.08,13.21,11.27,1.94,0.05
2021,Wrexham,W06000006,57915,36218,19947,16271,182,182,12161,9958,2203,9166,7890,1276,188,3.49,62.54,34.44,28.09,0.31,0.31,21.0,17.19,3.8,15.83,13.62,2.2,0.32
2021,Ceredigion,W06000008,30891,21176,14798,6378,96,96,3239,752,2487,6371,5294,1077,9,6.54,68.55,47.9,20.65,0.31,0.31,10.49,2.43,8.05,20.62,17.14,3.49,0.03
2021,Pembrokeshire,W06000009,55487,37203,24647,12556,141,141,8994,5691,3303,9114,7277,1837,35,3.64,67.05,44.42,22.63,0.25,0.25,16.21,10.26,5.95,16.43,13.11,3.31,0.06
2021,Carmarthenshire,W06000010,81759,57565,35629,21936,209,209,11698,8540,3158,12171,10048,2123,116,2.47,70.41,43.58,26.83,0.26,0.26,14.31,10.45,3.86,14.89,12.29,2.6,0.14
2021,Swansea,W06000011,104962,65386,37162,28224,315,315,20045,12257,7788,18901,16417,2484,315,1.93,62.29,35.41,26.89,0.3,0.3,19.1,11.68,7.42,18.01,15.64,2.37,0.3
2021,Neath Port Talbot,W06000012,62377,41511,23850,17661,99,99,11999,4657,7342,8652,7014,1638,116,3.24,66.55,38.24,28.31,0.16,0.16,19.24,7.47,11.77,13.87,11.24,2.63,0.19
2021,Bridgend,W06000013,62360,43961,23670,20291,136,136,8674,2087,6587,9526,8128,1398,63,3.24,70.5,37.96,32.54,0.22,0.22,13.91,3.35,10.56,15.28,13.03,2.24,0.1
2021,Vale of Glamorgan,W06000014,57449,41283,22052,19231,135,135,7023,3660,3363,8977,7474,1503,31,3.52,71.86,38.39,33.47,0.23,0.23,12.22,6.37,5.85,15.63,13.01,2.62,0.05
2021,Cardiff,W06000015,147333,85427,42072,43355,439,439,25278,12883,12395,35785,32757,3028,404,1.37,57.98,28.56,29.43,0.3,0.3,17.16,8.74,8.41,24.29,22.23,2.06,0.27
2021,Rhondda Cynon Taff,W06000016,103339,70629,39686,30943,173,173,14175,5744,8431,18238,15671,2567,124,1.96,68.35,38.4,29.94,0.17,0.17,13.72,5.56,8.16,17.65,15.16,2.48,0.12
2021,Caerphilly,W06000018,76255,51502,27449,24053,228,228,14323,10065,4258,10154,8598,1556,48,2.65,67.54,36.0,31.54,0.3,0.3,18.78,13.2,5.58,13.32,11.28,2.04,0.06
2021,Blaenau Gwent,W06000019,30340,18222,10564,7658,36,36,7194,2776,4418,4847,4160,687,41,6.66,60.06,34.82,25.24,0.12,0.12,23.71,9.15,14.56,15.98,13.71,2.26,0.14
2021,Torfaen,W06000020,40241,25915,13952,11963,223,223,9575,3324,6251,4495,3701,794,33,5.02,64.4,34.67,29.73,0.55,0.55,23.79,8.26,15.53,11.17,9.2,1.97,0.08
2021,Monmouthshire,W06000021,40922,29429,17738,11691,147,147,5743,1493,4250,5582,4674,908,21,4.94,71.91,43.35,28.57,0.36,0.36,14.03,3.65,10.39,13.64,11.42,2.22,0.05
2021,Newport,W06000022,66054,41559,20172,21387,474,474,12864,5648,7216,11019,9663,1356,138,3.06,62.92,30.54,32.38,0.72,0.72,19.47,8.55,10.92,16.68,14.63,2.05,0.21
2021,Powys,W06000023,60182,40684,28098,12586,151,151,8481,5294,3187,10760,8592,2168,106,3.36,67.6,46.69,20.91,0.25,0.25,14.09,8.8,5.3,17.88,14.28,3.6,0.18
2021,Merthyr Tydfil,W06000024,25783,16113,9101,7012,33,33,5626,2168,3458,3967,3325,642,44,7.84,62.49,35.3,27.2,0.13,0.13,21.82,8.41,13.41,15.39,12.9,2.49,0.17
