geo_code,area_name,year,pct_owned_total,pct_owned_outright,pct_social_rented_total,pct_private_rented_total,pct_rent_free,pct_deprived_0,pct_deprived_1,pct_deprived_2,pct_deprived_3,pct_deprived_4,pct_multi_deprived,pct_any_deprived,latitude,longitude
E06000001,Hartlepool,2011,59.84,27.43,23.53,14.77,1.37,35.49,31.71,24.66,7.68,0.46,32.8,64.51,54.686,-1.212
E06000001,Hartlepool,2021,58.23,31.18,23.44,17.58,0.17,42.17,33.56,18.49,5.57,0.21,24.27,57.83,54.686,-1.212
E06000002,Middlesbrough,2011,57.21,26.57,23.87,16.62,1.71,34.49,32.54,23.98,8.37,0.62,32.97,65.51,54.5742,-1.235
E06000002,Middlesbrough,2021,54.99,28.58,23.24,21.04,0.19,42.16,33.84,17.95,5.84,0.21,24.0,57.84,54.5742,-1.235
E06000003,Redcar and Cleveland,2011,66.61,33.23,19.41,12.47,1.08,37.78,32.47,23.11,6.18,0.47,29.76,62.22,54.6019,-1.0708
E06000003,Redcar and Cleveland,2021,64.66,36.75,18.9,15.81,0.07,44.12,34.17,16.72,4.82,0.17,21.71,55.88,54.6019,-1.0708
E06000004,Stockton-on-Tees,2011,68.5,29.42,17.21,13.12,0.84,43.34,31.19,19.9,5.2,0.37,25.47,56.66,54.5704,-1.329
E06000004,Stockton-on-Tees,2021,66.16,33.1,16.32,16.96,0.09,48.35,32.46,15.06,3.97,0.16,19.19,51.65,54.5704,-1.329
E06000005,Darlington,2011,64.9,29.59,15.49,18.24,0.99,43.25,31.97,19.19,5.16,0.43,24.78,56.75,54.527,-1.5534
E06000005,Darlington,2021,62.75,33.16,16.21,20.6,0.04,48.6,33.49,14.2,3.55,0.16,17.9,51.4,54.527,-1.5534
E06000006,Halton,2011,63.39,27.08,25.21,9.78,1.01,37.63,31.22,22.96,7.7,0.5,31.16,62.37,53.3667,-2.7333
E06000006,Halton,2021,60.48,30.56,24.34,14.33,0.08,43.22,33.48,17.59,5.52,0.18,23.3,56.78,53.3667,-2.7333
E06000007,Warrington,2011,71.55,31.95,15.64,11.22,0.85,47.22,30.46,17.57,4.41,0.34,22.32,52.78,53.39,-2.597
E06000007,Warrington,2021,68.68,35.28,15.29,15.21,0.06,51.91,32.07,12.77,3.12,0.13,16.02,48.09,53.39,-2.597
E06000008,Blackburn with Darwen,2011,64.15,31.45,18.12,15.68,1.54,35.92,32.12,22.85,8.33,0.78,31.97,64.08,53.748,-2.482
E06000008,Blackburn with Darwen,2021,60.46,33.31,18.77,20.16,0.08,41.16,34.0,18.24,6.28,0.32,24.84,58.84,53.748,-2.482
E06000009,Blackpool,2011,61.6,30.01,10.87,26.05,1.1,31.55,32.16,25.58,9.3,1.41,36.29,68.45,53.8175,-3.0357
E06000009,Blackpool,2021,57.47,31.41,10.34,31.75,0.1,38.23,35.11,19.73,6.46,0.47,26.66,61.77,53.8175,-3.0357
E06000010,"Kingston upon Hull, City of",2011,49.54,19.85,28.1,20.41,1.5,33.5,33.04,24.78,8.01,0.66,33.46,66.5,53.7457,-0.3367
E06000010,"Kingston upon Hull, City of",2021,48.27,23.12,26.99,23.9,0.34,41.18,34.1,18.87,5.59,0.26,24.72,58.82,53.7457,-0.3367
E06000011,East Riding of Yorkshire,2011,75.3,39.25,9.11,13.74,1.55,46.18,32.67,17.61,3.26,0.28,21.15,53.82,53.8416,-0.434
E06000011,East Riding of Yorkshire,2021,73.12,43.19,9.39,16.92,0.15,51.1,34.02,12.44,2.33,0.11,14.88,48.9,53.8416,-0.434
E06000012,North East Lincolnshire,2011,66.09,30.84,14.48,18.11,1.01,38.12,33.28,22.24,5.93,0.43,28.6,61.88,53.5674,-0.082
E06000012,North East Lincolnshire,2021,63.85,34.91,13.16,22.4,0.07,43.97,34.59,16.64,4.61,0.19,21.45,56.03,53.5674,-0.082
E06000013,North Lincolnshire,2011,69.52,33.04,15.41,13.41,1.41,41.64,33.11,20.53,4.41,0.31,25.24,58.36,53.605,-0.559
E06000013,North Lincolnshire,2021,67.51,38.03,14.97,17.16,0.09,46.1,35.04,15.24,3.51,0.12,18.87,53.9,53.605,-0.559
E06000014,York,2011,66.1,33.93,13.98,17.93,1.24,49.56,32.17,14.99,3.02,0.25,18.27,50.44,53.959,-1.0815
E06000014,York,2021,65.1,36.81,13.95,19.99,0.11,53.86,32.66,11.14,2.24,0.1,13.48,46.14,53.959,-1.0815
E06000015,Derby,2011,61.37,29.57,19.8,16.81,1.17,40.69,32.3,20.53,5.92,0.56,27.01,59.31,52.9225,-1.4746
E06000015,Derby,2021,59.03,31.6,18.79,21.25,0.18,45.61,33.75,15.72,4.64,0.28,20.64,54.39,52.9225,-1.4746
E06000016,Leicester,2011,49.68,22.76,25.4,22.74,1.55,32.66,34.1,24.17,8.05,1.01,33.24,67.34,52.6369,-1.1398
E06000016,Leicester,2021,46.65,24.59,23.15,29.39,0.29,38.78,35.82,18.91,5.98,0.5,25.4,61.22,52.6369,-1.1398
E06000017,Rutland,2011,70.36,39.25,11.23,15.55,1.79,53.61,31.19,12.9,2.21,0.09,15.2,46.39,52.6583,-0.6393
E06000017,Rutland,2021,70.94,43.65,10.9,16.72,0.05,57.95,31.65,9.16,1.19,0.05,10.39,42.05,52.6583,-0.6393
E06000018,Nottingham,2011,45.09,19.94,29.72,23.07,1.5,34.35,33.86,23.11,7.88,0.8,31.79,65.65,52.9548,-1.1581
E06000018,Nottingham,2021,45.14,22.4,25.49,28.61,0.27,41.59,34.43,18.07,5.62,0.29,23.98,58.41,52.9548,-1.1581
E06000019,"Herefordshire, County of",2011,67.69,39.41,13.92,15.51,1.9,44.01,33.82,17.84,4.0,0.34,22.17,55.99,52.0567,-2.716
E06000019,"Herefordshire, County of",2021,66.36,42.34,13.65,18.84,0.04,49.43,34.64,12.99,2.76,0.18,15.93,50.57,52.0567,-2.716
E06000020,Telford and Wrekin,2011,63.68,27.18,19.68,14.98,1.22,41.73,32.05,20.34,5.51,0.37,26.22,58.27,52.6766,-2.4469
E06000020,Telford and Wrekin,2021,59.95,30.18,18.02,21.17,0.1,45.99,33.89,15.85,4.1,0.16,20.12,54.01,52.6766,-2.4469
E06000021,Stoke-on-Trent,2011,59.43,28.47,24.17,14.35,1.66,33.85,31.58,25.71,8.28,0.59,34.58,66.15,53.0027,-2.1794
E06000021,Stoke-on-Trent,2021,56.75,30.4,22.25,20.29,0.34,41.09,34.95,18.22,5.5,0.24,23.96,58.91,53.0027,-2.1794
E06000022,Bath and North East Somerset,2011,66.75,35.13,14.44,16.93,1.38,49.58,31.43,15.44,3.2,0.36,18.99,50.42,51.3781,-2.3597
E06000022,Bath and North East Somerset,2021,65.28,36.41,14.34,19.32,0.07,54.09,32.17,11.3,2.3,0.14,13.74,45.91,51.3781,-2.3597
E06000023,"Bristol, City of",2011,54.01,24.58,20.29,23.55,1.39,42.38,32.19,19.05,5.71,0.68,25.43,57.62,51.4545,-2.5879
E06000023,"Bristol, City of",2021,53.97,25.15,18.72,26.2,0.25,50.16,31.78,13.83,3.92,0.3,18.06,49.84,51.4545,-2.5879
E06000024,North Somerset,2011,72.95,36.81,9.18,16.17,1.07,47.33,32.19,16.43,3.64,0.41,20.48,52.67,51.3879,-2.7774
E06000024,North Somerset,2021,71.61,39.36,9.21,18.41,0.06,51.51,33.48,12.1,2.71,0.2,15.01,48.49,51.3879,-2.7774
E06000025,South Gloucestershire,2011,74.94,34.45,9.89,13.58,1.14,50.31,31.52,15.08,2.83,0.26,18.17,49.69,51.5266,-2.472
E06000025,South Gloucestershire,2021,72.39,36.6,10.79,15.74,0.04,53.94,32.72,11.15,2.08,0.12,13.35,46.06,51.5266,-2.472
E06000026,Plymouth,2011,58.69,27.23,19.3,20.15,1.09,39.48,33.31,20.28,6.18,0.74,27.2,60.52,50.3755,-4.1427
E06000026,Plymouth,2021,57.65,29.49,18.43,22.63,0.12,45.48,33.96,15.91,4.41,0.25,20.57,54.52,50.3755,-4.1427
E06000027,Torbay,2011,66.81,36.44,8.07,23.21,0.97,36.12,34.51,22.28,6.15,0.94,29.36,63.88,50.4619,-3.525
E06000027,Torbay,2021,64.07,39.15,8.29,26.62,0.03,42.13,35.89,16.85,4.74,0.4,21.99,57.87,50.4619,-3.525
E06000030,Swindon,2011,65.53,25.75,16.28,16.04,0.89,45.48,32.25,17.46,4.39,0.41,22.26,54.52,51.5558,-1.7797
E06000030,Swindon,2021,63.68,29.18,15.59,19.32,0.16,49.29,33.8,13.42,3.3,0.19,16.91,50.71,51.5558,-1.7797
E06000031,Peterborough,2011,59.27,25.85,19.5,19.14,1.16,40.08,33.22,20.55,5.56,0.59,26.7,59.92,52.5695,-0.2405
E06000031,Peterborough,2021,55.47,26.34,18.64,24.38,0.12,45.05,34.91,15.5,4.23,0.3,20.04,54.95,52.5695,-0.2405
E06000032,Luton,2011,60.16,25.06,15.77,22.63,1.05,35.86,35.56,21.79,6.11,0.69,28.59,64.14,51.8787,-0.42
E06000032,Luton,2021,53.94,25.71,16.37,28.99,0.16,41.31,36.44,17.13,4.73,0.4,22.25,58.69,51.8787,-0.42
E06000033,Southend-on-Sea,2011,65.17,30.75,11.51,22.01,0.9,40.0,33.41,19.99,5.87,0.74,26.59,60.0,51.5362,0.7143
E06000033,Southend-on-Sea,2021,61.3,31.56,11.51,26.5,0.05,45.58,34.54,15.29,4.18,0.41,19.88,54.42,51.5362,0.7143
E06000034,Thurrock,2011,66.2,25.5,18.45,14.07,0.8,38.61,34.22,21.41,5.27,0.5,27.17,61.39,51.493,0.353
E06000034,Thurrock,2021,63.31,25.48,17.68,18.28,0.07,45.66,34.94,15.37,3.77,0.26,19.4,54.34,51.493,0.353
E06000035,Medway,2011,67.65,28.9,13.18,17.09,1.03,41.54,33.57,19.13,5.23,0.54,24.89,58.46,51.4048,0.5407
E06000035,Medway,2021,64.71,30.85,13.57,20.18,0.06,46.48,34.46,14.82,3.88,0.35,19.06,53.52,51.4048,0.5407
E06000036,Bracknell Forest,2011,68.48,24.89,16.74,12.5,1.13,53.02,30.32,13.63,2.71,0.31,16.66,46.98,51.4154,-0.7536
E06000036,Bracknell Forest,2021,66.75,28.83,15.7,15.73,0.07,56.37,31.13,10.21,2.13,0.16,12.5,43.63,51.4154,-0.7536
E06000037,West Berkshire,2011,69.67,31.21,13.84,13.72,1.65,53.66,30.22,13.18,2.67,0.26,16.11,46.34,51.4,-1.3167
E06000037,West Berkshire,2021,67.56,34.82,13.96,17.15,0.01,55.99,31.59,10.24,2.05,0.13,12.42,44.01,51.4,-1.3167
E06000038,Reading,2011,54.84,22.62,16.29,26.08,0.99,45.93,32.52,16.42,4.59,0.54,21.55,54.07,51.4543,-0.9781
E06000038,Reading,2021,50.43,22.79,16.14,31.95,0.18,51.24,32.17,12.83,3.47,0.29,16.59,48.76,51.4543,-0.9781
E06000039,Slough,2011,52.7,18.72,20.64,24.32,0.99,34.93,36.32,21.82,6.22,0.72,28.75,65.07,51.5105,-0.595
E06000039,Slough,2021,48.45,19.49,19.58,30.7,0.17,42.32,36.58,16.41,4.37,0.32,21.1,57.68,51.5105,-0.595
E06000040,Windsor and Maidenhead,2011,68.0,32.58,13.28,16.16,1.95,54.43,30.24,12.76,2.34,0.23,15.33,45.57,51.48,-0.644
E06000040,Windsor and Maidenhead,2021,66.15,33.47,12.56,20.6,0.04,58.96,29.8,9.39,1.76,0.09,11.24,41.04,51.48,-0.644
E06000041,Wokingham,2011,79.73,35.57,7.02,11.2,0.93,59.42,28.39,10.39,1.65,0.15,12.19,40.58,51.4112,-0.834
E06000041,Wokingham,2021,76.05,36.08,7.71,14.14,0.04,61.47,29.17,7.97,1.3,0.09,9.36,38.53,51.4112,-0.834
E06000042,Milton Keynes,2011,57.73,21.46,18.02,17.31,0.87,46.75,32.13,16.45,4.23,0.44,21.12,53.25,52.0406,-0.7594
E06000042,Milton Keynes,2021,54.77,24.04,18.08,20.92,0.13,51.25,32.52,12.77,3.23,0.23,16.23,48.75,52.0406,-0.7594
E06000043,Brighton and Hove,2011,53.31,23.36,14.96,29.59,1.28,42.97,32.85,17.79,5.52,0.86,24.18,57.03,50.8279,-0.1385
E06000043,Brighton and Hove,2021,51.41,25.08,14.87,32.69,0.21,47.88,33.0,14.38,4.28,0.46,19.13,52.12,50.8279,-0.1385
E06000044,Portsmouth,2011,54.87,24.12,18.26,24.68,1.22,41.86,32.89,18.84,5.73,0.68,25.25,58.14,50.8058,-1.0872
E06000044,Portsmouth,2021,52.26,25.49,18.0,28.63,0.22,47.19,33.43,14.96,4.09,0.33,19.38,52.81,50.8058,-1.0872
E06000045,Southampton,2011,49.74,21.66,23.27,24.88,1.07,39.81,33.38,20.04,5.98,0.79,26.81,60.19,50.9097,-1.4044
E06000045,Southampton,2021,47.74,22.53,21.9,29.19,0.13,45.36,34.29,15.48,4.47,0.4,20.35,54.64,50.9097,-1.4044
E06000046,Isle of Wight,2011,70.09,41.08,10.68,17.42,1.22,39.18,34.96,20.4,4.9,0.56,25.85,60.82,50.6938,-1.3047
E06000046,Isle of Wight,2021,67.65,44.36,10.89,20.66,0.01,44.1,36.24,15.55,3.81,0.3,19.65,55.9,50.6938,-1.3047
E06000047,County Durham,2011,65.84,31.03,20.11,12.57,1.26,39.31,30.78,23.17,6.41,0.33,29.91,60.69,54.7761,-1.5733
E06000047,County Durham,2021,62.54,34.52,19.96,17.12,0.08,44.48,33.74,17.0,4.66,0.13,21.78,55.52,54.7761,-1.5733
E06000049,Cheshire East,2011,74.49,37.53,11.38,12.5,1.14,49.94,30.63,15.86,3.32,0.25,19.43,50.06,53.161,-2.218
E06000049,Cheshire East,2021,71.86,39.57,11.58,15.51,0.05,54.79,31.59,11.2,2.34,0.09,13.63,45.21,53.161,-2.218
E06000050,Cheshire West and Chester,2011,70.77,34.73,14.71,12.54,1.21,47.0,30.85,17.56,4.27,0.32,22.16,53.0,53.193,-2.715
E06000050,Cheshire West and Chester,2021,68.29,37.14,14.64,15.72,0.1,52.05,32.12,12.63,3.04,0.16,15.83,47.95,53.193,-2.715
E06000051,Shropshire,2011,69.16,38.56,13.46,14.98,1.76,45.93,32.63,17.52,3.63,0.29,21.44,54.07,52.7078,-2.7418
E06000051,Shropshire,2021,68.62,42.46,13.02,17.46,0.06,50.78,34.04,12.44,2.65,0.1,15.19,49.22,52.7078,-2.7418
E06000052,Cornwall,2011,68.81,39.98,12.0,16.76,1.67,40.18,34.6,19.9,4.83,0.49,25.22,59.82,50.266,-5.0527
E06000052,Cornwall,2021,66.24,41.77,12.79,19.71,0.09,46.11,35.48,14.65,3.49,0.28,18.41,53.89,50.266,-5.0527
E06000053,Isles of Scilly,2011,41.66,31.65,18.1,29.73,9.71,38.42,41.86,15.98,3.64,0.1,19.72,61.58,49.93,-6.315
E06000053,Isles of Scilly,2021,44.52,34.08,17.25,36.63,0.11,50.74,35.77,11.25,2.23,0.0,13.48,49.26,49.93,-6.315
E06000054,Wiltshire,2011,67.5,33.85,14.72,15.43,1.59,49.77,32.18,14.85,2.95,0.25,18.05,50.23,51.3492,-1.9927
E06000054,Wiltshire,2021,66.84,37.3,14.52,17.4,0.05,53.42,32.98,11.25,2.25,0.1,13.61,46.58,51.3492,-1.9927
E06000055,Bedford,2011,65.72,31.37,16.07,15.84,1.33,45.51,32.27,17.57,4.19,0.46,22.22,54.49,52.1386,-0.4667
E06000055,Bedford,2021,62.66,31.17,16.28,19.1,0.06,51.64,32.68,12.4,2.97,0.31,15.68,48.36,52.1386,-0.4667
E06000056,Central Bedfordshire,2011,72.55,31.65,13.39,12.08,1.14,50.49,31.37,15.05,2.83,0.26,18.14,49.51,52.0025,-0.4653
E06000056,Central Bedfordshire,2021,71.16,33.64,13.31,13.72,0.06,54.77,32.24,10.71,2.16,0.11,12.98,45.23,52.0025,-0.4653
E07000008,Cambridge,2011,47.46,24.92,23.6,26.24,1.58,49.08,32.26,14.42,3.83,0.4,18.66,50.92,52.2053,0.1192
E07000008,Cambridge,2021,44.08,24.58,22.66,31.43,0.16,56.5,30.24,10.45,2.65,0.16,13.26,43.5,52.2053,0.1192
E07000009,East Cambridgeshire,2011,68.52,32.2,14.28,13.22,2.51,49.6,31.97,15.44,2.81,0.18,18.43,50.4,52.35,0.2667
E07000009,East Cambridgeshire,2021,68.03,36.25,13.98,16.45,0.03,53.41,33.29,11.1,2.12,0.08,13.3,46.59,52.35,0.2667
E07000010,Fenland,2011,70.0,35.67,12.44,15.61,1.44,36.24,34.53,23.48,5.32,0.42,29.22,63.76,52.5333,0.1167
E07000010,Fenland,2021,66.81,37.73,12.66,19.95,0.04,41.67,37.36,16.88,3.86,0.22,20.97,58.33,52.5333,0.1167
E07000011,Huntingdonshire,2011,71.25,31.98,12.89,14.09,1.04,50.37,31.68,14.89,2.81,0.25,17.95,49.63,52.3333,-0.1833
E07000011,Huntingdonshire,2021,68.97,35.93,12.86,16.78,0.03,53.6,32.93,11.15,2.21,0.11,13.47,46.4,52.3333,-0.1833
E07000012,South Cambridgeshire,2011,70.26,34.62,14.25,11.96,1.42,55.95,29.5,12.41,1.99,0.14,14.55,44.05,52.15,0.0333
E07000012,South Cambridgeshire,2021,68.9,36.46,14.47,14.01,0.12,58.41,30.89,9.07,1.57,0.05,10.7,41.59,52.15,0.0333
E07000026,Allerdale,2011,69.0,39.4,19.1,9.78,1.65,42.37,32.14,20.01,5.21,0.27,25.49,57.63,54.6442,-3.2975
E07000026,Allerdale,2021,68.33,42.69,18.9,12.2,0.02,48.07,34.0,14.17,3.64,0.11,17.93,51.93,54.6442,-3.2975
E07000027,Barrow-in-Furness,2011,73.46,36.58,11.06,14.23,1.13,37.78,30.84,22.72,7.75,0.91,31.38,62.22,54.1108,-3.2261
E07000027,Barrow-in-Furness,2021,71.85,39.19,11.04,16.82,0.11,46.7,32.83,15.81,4.47,0.19,20.47,53.3,54.1108,-3.2261
E07000028,Carlisle,2011,68.26,34.66,15.3,14.3,1.45,42.4,32.96,19.05,5.13,0.45,24.64,57.6,54.8951,-2.9341
E07000028,Carlisle,2021,67.2,38.35,14.35,17.57,0.05,48.88,33.65,13.77,3.57,0.13,17.47,51.12,54.8951,-2.9341
E07000029,Copeland,2011,70.97,37.05,18.56,8.73,1.43,41.33,31.16,21.05,6.06,0.41,27.52,58.67,54.56,-3.49
E07000029,Copeland,2021,70.93,42.19,17.63,11.04,0.08,47.05,33.19,15.19,4.42,0.15,19.77,52.95,54.56,-3.49
E07000030,Eden,2011,70.56,43.61,10.07,15.99,2.46,46.08,33.82,16.62,3.17,0.31,20.1,53.92,54.65,-2.6833
E07000030,Eden,2021,70.54,47.38,10.33,18.09,0.0,51.88,34.78,11.09,2.16,0.09,13.34,48.12,54.65,-2.6833
E07000031,South Lakeland,2011,72.97,44.67,10.42,14.25,1.86,48.43,33.64,14.93,2.81,0.2,17.93,51.57,54.35,-2.7333
E07000031,South Lakeland,2021,71.9,46.99,10.73,16.73,0.06,55.07,33.04,10.15,1.66,0.07,11.88,44.93,54.35,-2.7333
E07000032,Amber Valley,2011,74.1,38.23,12.33,11.79,1.37,43.43,31.22,20.5,4.56,0.3,25.35,56.57,53.0167,-1.4667
E07000032,Amber Valley,2021,72.01,40.96,12.74,14.63,0.09,48.9,33.57,13.97,3.42,0.13,17.53,51.1,53.0167,-1.4667
E07000033,Bolsover,2011,66.96,32.59,18.19,13.04,1.54,35.64,31.11,26.04,6.87,0.34,33.24,64.36,53.2333,-1.2833
E07000033,Bolsover,2021,65.97,35.14,16.34,17.17,0.18,42.72,34.49,17.92,4.74,0.13,22.79,57.28,53.2333,-1.2833
E07000034,Chesterfield,2011,63.14,32.19,23.15,12.42,0.96,39.59,31.64,22.37,5.99,0.41,28.78,60.41,53.235,-1.421
E07000034,Chesterfield,2021,62.58,35.89,20.74,16.19,0.16,44.71,34.2,16.41,4.47,0.21,21.08,55.29,53.235,-1.421
E07000035,Derbyshire Dales,2011,72.43,43.95,12.15,12.56,2.11,48.6,31.73,16.5,2.94,0.23,19.67,51.4,53.15,-1.6667
E07000035,Derbyshire Dales,2021,71.95,47.72,12.62,14.4,0.03,52.93,33.34,11.68,1.94,0.11,13.73,47.07,53.15,-1.6667
E07000036,Erewash,2011,72.48,33.9,13.01,12.87,1.15,42.99,31.39,20.39,4.84,0.39,25.61,57.01,52.9167,-1.3
E07000036,Erewash,2021,69.87,37.52,12.71,16.83,0.06,48.04,33.88,14.23,3.69,0.16,18.08,51.96,52.9167,-1.3
E07000037,High Peak,2011,72.05,35.16,12.7,13.43,1.24,47.33,30.96,17.21,4.2,0.3,21.71,52.67,53.3667,-1.9833
E07000037,High Peak,2021,70.95,40.14,12.16,16.05,0.14,52.05,32.76,12.32,2.75,0.12,15.19,47.95,53.3667,-1.9833
E07000038,North East Derbyshire,2011,70.89,38.24,20.39,7.39,0.94,42.1,32.13,21.05,4.45,0.27,25.77,57.9,53.3,-1.4333
E07000038,North East Derbyshire,2021,70.51,41.23,18.69,10.02,0.19,47.0,34.3,15.04,3.52,0.14,18.71,53.0,53.3,-1.4333
E07000039,South Derbyshire,2011,75.44,33.95,9.94,13.05,1.23,48.87,30.21,17.15,3.54,0.22,20.91,51.13,52.8333,-1.55
E07000039,South Derbyshire,2021,74.51,36.23,9.87,14.7,0.11,54.26,31.62,11.71,2.34,0.08,14.12,45.74,52.8333,-1.55
E07000040,East Devon,2011,74.97,47.12,9.34,13.61,1.55,44.44,35.32,17.11,2.89,0.23,20.24,55.56,50.7333,-3.3167
E07000040,East Devon,2021,72.16,46.76,10.33,16.02,0.08,50.74,35.37,11.69,2.07,0.13,13.89,49.26,50.7333,-3.3167
E07000041,Exeter,2011,59.79,30.07,17.03,20.99,1.23,44.42,32.74,17.48,4.74,0.62,22.84,55.58,50.7184,-3.5339
E07000041,Exeter,2021,57.22,31.15,16.61,24.94,0.12,49.82,33.18,13.37,3.39,0.25,17.0,50.18,50.7184,-3.5339
E07000042,Mid Devon,2011,69.07,37.26,12.62,15.54,1.83,45.12,33.65,17.22,3.68,0.33,21.23,54.88,50.8667,-3.6
E07000042,Mid Devon,2021,67.63,39.6,12.64,18.56,0.15,49.12,35.08,13.04,2.63,0.13,15.8,50.88,50.8667,-3.6
E07000043,North Devon,2011,68.46,39.09,10.79,18.35,1.72,41.86,34.55,18.96,4.21,0.42,23.59,58.14,51.0667,-3.9833
E07000043,North Devon,2021,67.32,41.8,11.14,20.4,0.04,47.93,35.01,13.91,2.94,0.21,17.06,52.07,51.0667,-3.9833
E07000044,South Hams,2011,71.73,42.8,11.38,14.27,1.53,47.78,33.49,15.48,3.0,0.25,18.73,52.22,50.3833,-3.7833
E07000044,South Hams,2021,70.46,45.02,11.83,16.08,0.04,52.99,33.51,11.26,2.11,0.13,13.5,47.01,50.3833,-3.7833
E07000045,Teignbridge,2011,73.47,40.77,8.91,15.48,1.22,44.2,33.54,18.14,3.73,0.39,22.27,55.8,50.55,-3.6167
E07000045,Teignbridge,2021,71.29,43.27,9.52,17.85,0.04,49.42,34.95,12.97,2.48,0.18,15.63,50.58,50.55,-3.6167
E07000046,Torridge,2011,71.46,42.87,9.02,16.96,1.86,40.32,35.29,19.46,4.36,0.58,24.39,59.68,50.95,-4.15
E07000046,Torridge,2021,69.56,45.54,9.35,20.2,0.03,46.13,35.95,14.74,2.98,0.2,17.92,53.87,50.95,-4.15
E07000047,West Devon,2011,73.18,44.02,9.5,15.0,1.67,45.25,33.71,17.08,3.66,0.31,21.05,54.75,50.5667,-4.1167
E07000047,West Devon,2021,70.96,46.62,10.05,18.24,0.04,49.3,35.19,12.8,2.5,0.21,15.51,50.7,50.5667,-4.1167
E07000061,Eastbourne,2011,61.73,33.48,13.23,23.31,1.07,39.21,34.59,20.27,5.21,0.72,26.2,60.79,50.7682,0.2898
E07000061,Eastbourne,2021,59.7,35.75,13.02,26.57,0.12,43.2,35.96,16.19,4.13,0.52,20.84,56.8,50.7682,0.2898
E07000062,Hastings,2011,55.17,26.9,14.55,28.82,0.99,36.34,33.58,21.85,7.29,0.94,30.08,63.66,50.8543,0.573
E07000062,Hastings,2021,56.58,31.26,14.27,28.61,0.04,42.04,35.04,17.31,5.13,0.48,22.92,57.96,50.8543,0.573
E07000063,Lewes,2011,72.66,39.82,10.93,14.48,1.26,44.36,33.65,17.95,3.69,0.36,21.99,55.64,50.874,0.0113
E07000063,Lewes,2021,71.12,42.4,10.93,16.9,0.11,47.92,35.03,13.68,3.13,0.24,17.05,52.08,50.874,0.0113
E07000064,Rother,2011,73.54,45.39,10.38,14.05,1.5,40.25,35.75,19.93,3.76,0.31,23.99,59.75,50.9167,0.5167
E07000064,Rother,2021,72.69,48.44,10.2,16.22,0.01,45.72,36.76,14.52,2.83,0.17,17.52,54.28,50.9167,0.5167
E07000065,Wealden,2011,78.75,42.25,7.67,11.13,1.65,48.48,33.14,15.62,2.58,0.18,18.39,51.52,50.95,0.2167
E07000065,Wealden,2021,76.97,44.69,8.35,13.48,0.04,52.48,34.26,11.29,1.89,0.08,13.26,47.52,50.95,0.2167
E07000066,Basildon,2011,65.94,28.92,21.96,10.24,0.87,40.06,33.66,20.69,5.12,0.48,26.28,59.94,51.5761,0.4886
E07000066,Basildon,2021,63.25,30.16,21.23,14.24,0.13,46.17,34.34,15.26,3.94,0.29,19.49,53.83,51.5761,0.4886
E07000067,Braintree,2011,68.59,30.49,16.47,13.24,1.1,46.11,32.36,17.55,3.69,0.29,21.53,53.89,51.8781,0.55
E07000067,Braintree,2021,67.85,34.26,16.3,15.07,0.05,49.99,34.15,12.99,2.72,0.15,15.86,50.01,51.8781,0.55
E07000068,Brentwood,2011,75.14,37.96,11.7,11.26,1.26,49.2,32.45,15.05,3.04,0.26,18.34,50.8,51.6214,0.3053
E07000068,Brentwood,2021,71.91,36.47,11.32,15.96,0.15,55.45,31.45,10.71,2.21,0.17,13.09,44.55,51.6214,0.3053
E07000069,Castle Point,2011,82.6,43.06,5.35,10.89,0.88,38.56,35.18,21.81,4.11,0.34,26.26,61.44,51.55,0.7
E07000069,Castle Point,2021,80.07,45.3,5.49,14.01,0.07,43.83,36.8,15.77,3.38,0.21,19.36,56.17,51.55,0.7
E07000070,Chelmsford,2011,73.17,34.01,13.09,11.98,1.11,50.23,31.52,14.96,2.99,0.31,18.25,49.77,51.7356,0.4685
E07000070,Chelmsford,2021,69.96,35.88,13.28,15.55,0.04,54.57,32.23,10.84,2.25,0.12,13.2,45.43,51.7356,0.4685
E07000071,Colchester,2011,66.32,31.88,13.5,18.69,1.04,47.23,32.2,16.27,3.92,0.39,20.57,52.77,51.8959,0.8919
E07000071,Colchester,2021,64.58,32.78,13.28,21.53,0.08,51.36,33.25,12.33,2.88,0.18,15.39,48.64,51.8959,0.8919
E07000072,Epping Forest,2011,72.25,34.76,15.01,11.04,1.3,44.78,33.62,17.55,3.7,0.35,21.6,55.22,51.6957,0.1133
E07000072,Epping Forest,2021,69.63,35.15,14.65,14.93,0.14,51.11,33.18,12.66,2.86,0.19,15.71,48.89,51.6957,0.1133
E07000073,Harlow,2011,56.12,21.23,31.22,10.85,0.87,37.74,35.49,21.02,5.16,0.59,26.77,62.26,51.7712,0.1021
E07000073,Harlow,2021,53.74,23.04,29.31,15.38,0.24,42.93,35.39,16.77,4.41,0.5,21.68,57.07,51.7712,0.1021
E07000074,Maldon,2011,78.44,39.95,10.4,9.66,1.13,45.75,33.35,17.07,3.46,0.36,20.9,54.25,51.7312,0.675
E07000074,Maldon,2021,76.19,43.81,11.23,11.75,0.01,49.61,34.72,12.86,2.7,0.1,15.66,50.39,51.7312,0.675
E07000075,Rochford,2011,82.89,41.49,7.59,8.47,0.81,44.38,34.07,18.37,2.95,0.23,21.55,55.62,51.5833,0.7
E07000075,Rochford,2021,80.64,43.79,8.07,10.7,0.01,49.41,34.85,13.44,2.15,0.14,15.74,50.59,51.5833,0.7
E07000076,Tendring,2011,73.67,44.6,8.44,16.2,1.3,32.42,35.34,25.8,5.87,0.56,32.24,67.58,51.8333,1.15
E07000076,Tendring,2021,71.48,46.71,8.16,19.82,0.07,38.34,37.69,18.91,4.7,0.36,23.97,61.66,51.8333,1.15
E07000077,Uttlesford,2011,71.61,34.07,12.65,13.12,1.6,53.56,30.51,13.45,2.32,0.15,15.93,46.44,51.9667,0.3333
E07000077,Uttlesford,2021,70.59,35.66,13.01,14.54,0.07,58.04,30.75,9.49,1.65,0.07,11.21,41.96,51.9667,0.3333
E07000078,Cheltenham,2011,64.56,32.13,12.23,21.45,1.06,50.18,31.48,14.51,3.47,0.36,18.34,49.82,51.9,-2.0667
E07000078,Cheltenham,2021,63.58,34.71,12.16,23.4,0.11,56.16,30.69,10.61,2.38,0.16,13.15,43.84,51.9,-2.0667
E07000079,Cotswold,2011,65.69,37.78,14.87,15.23,3.0,51.07,32.41,14.11,2.25,0.16,16.53,48.93,51.7167,-1.9333
E07000079,Cotswold,2021,65.12,39.85,15.35,17.36,0.02,57.01,31.8,9.49,1.64,0.06,11.19,42.99,51.7167,-1.9333
E07000080,Forest of Dean,2011,74.26,40.88,12.4,11.22,1.57,43.35,33.2,19.32,3.85,0.28,23.45,56.65,51.7667,-2.5333
E07000080,Forest of Dean,2021,72.6,44.24,12.99,13.52,0.03,48.09,34.83,13.99,2.96,0.13,17.08,51.91,51.7667,-2.5333
E07000081,Gloucester,2011,67.23,29.25,13.33,17.38,0.95,43.48,32.84,18.47,4.67,0.55,23.68,56.52,51.8642,-2.2381
E07000081,Gloucester,2021,63.85,31.6,13.6,21.3,0.1,48.94,33.74,13.56,3.48,0.28,17.32,51.06,51.8642,-2.2381
E07000082,Stroud,2011,73.21,38.05,12.76,12.12,1.32,50.97,31.11,14.88,2.85,0.19,17.92,49.03,51.75,-2.2167
E07000082,Stroud,2021,72.7,41.14,12.28,13.66,0.16,55.16,32.29,10.36,2.09,0.11,12.55,44.84,51.75,-2.2167
E07000083,Tewkesbury,2011,73.58,38.12,11.93,12.39,1.17,50.12,32.04,14.95,2.62,0.26,17.83,49.88,51.9833,-2.15
E07000083,Tewkesbury,2021,70.75,39.05,12.7,14.27,0.04,55.08,32.42,10.45,1.95,0.11,12.5,44.92,51.9833,-2.15
E07000084,Basingstoke and Deane,2011,67.71,28.16,17.81,11.79,1.3,51.97,31.08,14.05,2.67,0.23,16.95,48.03,51.2665,-1.0874
E07000084,Basingstoke and Deane,2021,64.77,30.63,17.89,15.4,0.02,55.04,32.0,10.7,2.15,0.11,12.97,44.96,51.2665,-1.0874
E07000085,East Hampshire,2011,73.89,37.07,12.02,11.67,1.5,53.62,31.07,12.68,2.4,0.23,15.31,46.38,51.05,-1.0167
E07000085,East Hampshire,2021,72.97,39.99,12.53,13.04,0.02,56.99,31.55,9.5,1.85,0.12,11.46,43.01,51.05,-1.0167
E07000086,Eastleigh,2011,73.52,33.02,12.29,12.34,0.79,51.37,31.06,14.59,2.78,0.2,17.57,48.63,50.9667,-1.35
E07000086,Eastleigh,2021,70.96,35.16,13.05,13.94,0.01,55.16,32.13,10.6,2.02,0.09,12.71,44.84,50.9667,-1.35
E07000087,Fareham,2011,80.42,39.24,8.13,9.97,0.88,51.94,31.5,14.01,2.34,0.21,16.56,48.06,50.8528,-1.1794
E07000087,Fareham,2021,78.52,43.49,8.14,12.55,0.08,54.62,33.03,10.61,1.64,0.1,12.35,45.38,50.8528,-1.1794
E07000088,Gosport,2011,65.24,29.39,16.41,16.31,0.97,43.7,33.74,17.82,4.36,0.38,22.56,56.3,50.795,-1.119
E07000088,Gosport,2021,63.61,34.28,16.32,18.69,0.17,46.0,35.67,14.77,3.36,0.2,18.33,54.0,50.795,-1.119
E07000089,Hart,2011,78.14,35.51,7.65,12.07,0.99,58.65,29.01,10.72,1.52,0.1,12.34,41.35,51.2667,-0.9333
E07000089,Hart,2021,75.72,37.43,8.79,13.62,0.01,60.68,29.77,8.17,1.32,0.06,9.54,39.32,51.2667,-0.9333
E07000090,Havant,2011,68.97,35.41,19.56,9.91,1.01,41.55,33.82,18.89,5.15,0.59,24.63,58.45,50.85,-0.9833
E07000090,Havant,2021,67.92,38.94,18.64,12.42,0.15,45.54,35.35,14.97,3.77,0.38,19.11,54.46,50.85,-0.9833
E07000091,New Forest,2011,74.97,43.51,10.98,12.09,1.33,46.77,33.74,16.41,2.85,0.23,19.49,53.23,50.9,-1.6
E07000091,New Forest,2021,74.16,46.6,10.79,14.34,0.07,51.45,34.29,11.94,2.15,0.16,14.26,48.55,50.9,-1.6
E07000092,Rushmoor,2011,63.53,23.21,16.31,17.55,0.83,47.5,32.74,15.47,3.85,0.44,19.77,52.5,51.2833,-0.7667
E07000092,Rushmoor,2021,60.49,25.39,16.2,21.5,0.08,51.09,32.79,12.82,3.08,0.21,16.12,48.91,51.2833,-0.7667
E07000093,Test Valley,2011,70.34,34.46,14.39,12.87,1.75,52.31,31.1,13.82,2.56,0.21,16.59,47.69,51.1333,-1.4833
E07000093,Test Valley,2021,68.94,36.09,14.33,14.75,0.05,55.68,32.0,10.19,2.04,0.1,12.32,44.32,51.1333,-1.4833
E07000094,Winchester,2011,67.53,34.96,15.46,14.09,2.02,55.57,29.81,12.11,2.29,0.23,14.62,44.43,51.0632,-1.308
E07000094,Winchester,2021,65.59,36.06,15.35,17.59,0.11,58.31,30.37,9.49,1.73,0.11,11.33,41.69,51.0632,-1.308
E07000095,Broxbourne,2011,72.92,32.56,14.07,11.15,0.75,40.66,34.59,19.8,4.41,0.54,24.74,59.34,51.7452,-0.02
E07000095,Broxbourne,2021,68.65,33.07,14.26,15.98,0.06,46.49,35.06,14.59,3.52,0.34,18.45,53.51,51.7452,-0.02
E07000096,Dacorum,2011,64.86,29.13,21.76,11.86,0.89,49.59,31.3,15.45,3.29,0.36,19.1,50.41,51.75,-0.4833
E07000096,Dacorum,2021,63.92,30.91,21.01,14.34,0.11,53.93,31.79,11.42,2.64,0.22,14.28,46.07,51.75,-0.4833
E07000098,Hertsmere,2011,67.62,31.4,17.43,12.52,1.25,46.69,32.88,16.64,3.5,0.29,20.43,53.31,51.6833,-0.2833
E07000098,Hertsmere,2021,64.19,30.99,17.34,17.27,0.06,51.87,33.15,12.12,2.69,0.18,14.98,48.13,51.6833,-0.2833
E07000099,North Hertfordshire,2011,65.65,30.32,19.29,13.09,1.09,51.32,30.81,14.7,2.91,0.26,17.88,48.68,51.9333,-0.2333
E07000099,North Hertfordshire,2021,64.8,33.37,18.67,15.37,0.02,55.05,31.55,11.03,2.22,0.15,13.4,44.95,51.9333,-0.2333
E07000102,Three Rivers,2011,72.72,34.15,15.15,10.56,1.01,50.83,31.15,14.64,3.08,0.3,18.02,49.17,51.6667,-0.4333
E07000102,Three Rivers,2021,70.92,34.75,14.83,13.45,0.05,55.33,31.43,10.81,2.21,0.22,13.24,44.67,51.6667,-0.4333
E07000103,Watford,2011,61.63,24.41,16.32,20.09,0.79,45.68,33.24,16.41,4.12,0.56,21.08,54.32,51.6565,-0.396
E07000103,Watford,2021,55.12,24.17,15.57,28.2,0.04,50.6,33.1,12.85,3.19,0.27,16.31,49.4,51.6565,-0.396
E07000105,Ashford,2011,68.4,31.81,14.47,14.33,1.46,46.77,32.5,16.96,3.44,0.33,20.74,53.23,51.1465,0.8765
E07000105,Ashford,2021,66.43,33.65,14.0,17.73,0.13,49.99,33.75,13.22,2.85,0.2,16.26,50.01,51.1465,0.8765
E07000106,Canterbury,2011,66.0,35.51,12.19,19.54,1.45,44.1,33.4,18.08,3.95,0.46,22.49,55.9,51.2802,1.0789
E07000106,Canterbury,2021,64.76,38.37,12.23,21.98,0.11,47.29,34.95,14.23,3.28,0.25,17.76,52.71,51.2802,1.0789
E07000107,Dartford,2011,66.91,27.47,14.84,15.93,0.98,43.85,33.91,17.8,4.03,0.41,22.24,56.15,51.4463,0.2175
E07000107,Dartford,2021,65.65,26.92,13.82,18.11,0.15,52.18,32.13,12.66,2.81,0.22,15.69,47.82,51.4463,0.2175
E07000108,Dover,2011,66.53,35.26,14.21,17.09,1.67,40.37,33.54,20.67,4.92,0.49,26.09,59.63,51.1295,1.3089
E07000108,Dover,2021,66.22,39.07,13.92,18.98,0.1,45.15,34.98,15.83,3.79,0.25,19.88,54.85,51.1295,1.3089
E07000109,Gravesham,2011,64.55,30.69,17.33,16.14,1.22,39.45,34.32,20.38,5.32,0.53,26.23,60.55,51.4432,0.3683
E07000109,Gravesham,2021,62.22,31.2,17.42,19.05,0.24,45.14,35.32,15.3,3.9,0.34,19.54,54.86,51.4432,0.3683
E07000110,Maidstone,2011,70.45,32.92,12.71,14.59,1.19,47.19,32.31,16.58,3.57,0.35,20.5,52.81,51.272,0.529
E07000110,Maidstone,2021,67.4,33.97,13.35,17.33,0.03,51.54,33.37,12.14,2.72,0.22,15.08,48.46,51.272,0.529
E07000111,Sevenoaks,2011,72.74,37.52,13.22,10.75,1.59,50.83,31.47,14.63,2.91,0.17,17.7,49.17,51.2765,0.1874
E07000111,Sevenoaks,2021,71.54,38.29,13.19,13.36,0.04,54.67,31.74,11.02,2.43,0.13,13.58,45.33,51.2765,0.1874
E07000112,Folkestone and Hythe,2011,64.83,35.34,11.21,22.2,1.31,38.77,34.58,20.44,5.36,0.84,26.65,61.23,51.0817,1.1668
E07000112,Folkestone and Hythe,2021,65.8,39.24,10.86,22.49,0.09,44.42,35.46,15.82,3.97,0.33,20.11,55.58,51.0817,1.1668
E07000113,Swale,2011,68.28,31.38,14.29,15.19,1.22,40.14,33.11,20.56,5.6,0.6,26.76,59.86,51.3333,0.7333
E07000113,Swale,2021,66.97,34.36,13.29,18.35,0.03,44.32,35.21,15.77,4.42,0.28,20.47,55.68,51.3333,0.7333
E07000114,Thanet,2011,62.02,33.44,12.66,23.78,1.2,34.3,34.31,24.08,6.53,0.78,31.39,65.7,51.3667,1.4
E07000114,Thanet,2021,61.35,36.55,11.89,26.26,0.04,41.15,36.14,17.61,4.68,0.41,22.7,58.85,51.3667,1.4
E07000115,Tonbridge and Malling,2011,71.14,32.57,16.12,10.11,1.13,49.56,31.95,15.05,3.19,0.25,18.49,50.44,51.1833,0.2833
E07000115,Tonbridge and Malling,2021,70.01,34.31,15.41,12.5,0.02,53.91,32.01,11.51,2.45,0.12,14.08,46.09,51.1833,0.2833
E07000116,Tunbridge Wells,2011,65.71,32.03,15.15,16.95,1.39,50.9,31.13,14.23,3.35,0.39,17.97,49.1,51.132,0.263
E07000116,Tunbridge Wells,2021,65.1,33.85,14.58,19.22,0.03,55.25,31.08,10.99,2.46,0.22,13.67,44.75,51.132,0.263
E07000117,Burnley,2011,65.0,31.46,14.06,19.35,1.37,36.24,31.31,23.49,8.15,0.81,32.45,63.76,53.7892,-2.2494
E07000117,Burnley,2021,59.78,32.73,15.57,24.32,0.1,40.89,34.28,18.35,6.12,0.36,24.82,59.11,53.7892,-2.2494
E07000118,Chorley,2011,75.21,35.41,13.01,10.21,0.94,48.05,30.23,17.14,4.24,0.34,21.71,51.95,53.6527,-2.632
E07000118,Chorley,2021,72.12,37.02,13.24,13.89,0.04,52.54,32.56,12.0,2.8,0.09,14.89,47.46,53.6527,-2.632
E07000119,Fylde,2011,73.45,40.75,7.47,17.39,1.3,45.64,32.72,17.51,3.76,0.38,21.64,54.36,53.8333,-2.9167
E07000119,Fylde,2021,71.65,43.53,8.33,19.23,0.03,50.81,33.92,12.36,2.74,0.17,15.27,49.19,53.8333,-2.9167
E07000120,Hyndburn,2011,67.67,33.38,12.78,18.16,1.15,37.93,31.59,22.66,7.17,0.66,30.49,62.07,53.75,-2.3833
E07000120,Hyndburn,2021,63.08,34.25,13.54,23.1,0.06,42.44,34.05,17.51,5.71,0.29,23.5,57.56,53.75,-2.3833
E07000121,Lancaster,2011,69.18,36.13,9.97,18.9,1.32,43.95,31.8,18.63,5.08,0.53,24.24,56.05,54.0466,-2.8007
E07000121,Lancaster,2021,67.13,38.6,10.26,21.72,0.07,48.39,33.87,13.98,3.55,0.21,17.74,51.61,54.0466,-2.8007
E07000122,Pendle,2011,68.49,35.97,11.6,18.1,1.61,37.29,32.19,22.54,7.37,0.61,30.52,62.71,53.85,-2.1833
E07000122,Pendle,2021,64.96,37.11,11.8,22.96,0.08,42.51,35.03,16.94,5.25,0.27,22.47,57.49,53.85,-2.1833
E07000123,Preston,2011,60.64,28.41,19.21,18.01,1.45,40.88,31.82,19.83,6.72,0.75,27.3,59.12,53.7632,-2.7031
E07000123,Preston,2021,58.29,30.57,18.43,22.37,0.06,46.61,33.61,14.98,4.53,0.27,19.78,53.39,53.7632,-2.7031
E07000124,Ribble Valley,2011,76.62,41.95,7.64,13.63,1.51,53.29,30.05,13.88,2.56,0.22,16.66,46.71,53.9167,-2.3833
E07000124,Ribble Valley,2021,75.47,43.57,8.04,14.97,0.0,58.6,30.49,9.18,1.63,0.1,10.91,41.4,53.9167,-2.3833
E07000125,Rossendale,2011,69.69,31.52,14.61,14.13,1.28,43.5,30.53,19.71,5.77,0.49,25.97,56.5,53.7,-2.2667
E07000125,Rossendale,2021,67.9,34.55,14.77,17.04,0.06,47.99,32.95,14.71,4.16,0.19,19.06,52.01,53.7,-2.2667
E07000126,South Ribble,2011,78.82,37.28,10.51,9.34,0.86,48.58,31.15,16.57,3.42,0.28,20.27,51.42,53.7167,-2.6833
E07000126,South Ribble,2021,76.05,39.99,10.37,12.8,0.01,52.4,33.02,12.08,2.38,0.11,14.58,47.6,53.7167,-2.6833
E07000127,West Lancashire,2011,72.99,35.86,14.67,10.45,1.3,43.13,32.56,19.61,4.4,0.3,24.31,56.87,53.6333,-2.7833
E07000127,West Lancashire,2021,70.72,39.12,14.34,13.85,0.18,48.71,33.88,14.05,3.23,0.14,17.41,51.29,53.6333,-2.7833
E07000128,Wyre,2011,77.57,43.19,7.19,13.53,1.19,40.2,33.35,21.58,4.49,0.38,26.45,59.8,53.8333,-2.9833
E07000128,Wyre,2021,73.35,44.71,7.62,18.2,0.02,46.03,34.88,15.35,3.57,0.17,19.1,53.97,53.8333,-2.9833
E07000129,Blaby,2011,80.93,38.11,7.62,10.02,0.79,49.85,32.17,15.55,2.29,0.14,17.98,50.15,52.5667,-1.1833
E07000129,Blaby,2021,77.89,39.96,8.21,12.8,0.02,53.63,32.86,11.52,1.93,0.06,13.51,46.37,52.5667,-1.1833
E07000130,Charnwood,2011,72.1,35.67,11.8,14.13,1.16,48.94,31.26,16.23,3.3,0.26,19.8,51.06,52.7333,-1.1833
E07000130,Charnwood,2021,69.84,37.43,11.7,17.37,0.09,52.95,32.37,12.02,2.55,0.1,14.68,47.05,52.7333,-1.1833
E07000131,Harborough,2011,78.05,38.37,8.38,11.24,1.15,54.07,30.49,13.35,1.95,0.13,15.43,45.93,52.4833,-0.9167
E07000131,Harborough,2021,75.8,40.79,8.74,13.46,0.02,57.88,30.86,9.65,1.55,0.07,11.26,42.12,52.4833,-0.9167
E07000132,Hinckley and Bosworth,2011,76.75,37.15,10.32,11.36,0.98,47.42,31.98,17.2,3.22,0.18,20.6,52.58,52.5333,-1.3667
E07000132,Hinckley and Bosworth,2021,74.4,39.87,10.21,14.39,0.08,51.41,33.69,12.37,2.43,0.11,14.9,48.59,52.5333,-1.3667
E07000133,Melton,2011,72.12,35.96,11.18,14.21,1.57,49.95,31.91,15.32,2.6,0.21,18.14,50.05,52.7667,-0.8833
E07000133,Melton,2021,70.94,40.53,10.69,17.17,0.1,53.06,33.75,11.14,1.94,0.11,13.19,46.94,52.7667,-0.8833
E07000134,North West Leicestershire,2011,72.48,34.71,14.31,11.27,1.17,46.22,30.94,18.96,3.66,0.22,22.84,53.78,52.7333,-1.3833
E07000134,North West Leicestershire,2021,71.79,36.91,13.54,13.51,0.1,51.54,33.15,12.61,2.58,0.12,15.31,48.46,52.7333,-1.3833
E07000135,Oadby and Wigston,2011,80.79,42.5,7.54,9.92,0.99,44.69,33.94,17.96,3.15,0.25,21.36,55.31,52.5833,-1.0833
E07000135,Oadby and Wigston,2021,75.23,42.94,7.93,16.02,0.11,49.12,34.62,13.67,2.43,0.16,16.26,50.88,52.5833,-1.0833
E07000136,Boston,2011,63.87,33.87,18.19,15.72,1.37,33.69,36.36,23.67,5.73,0.56,29.96,66.31,52.9756,-0.0214
E07000136,Boston,2021,58.85,33.9,19.47,20.29,0.11,40.86,38.6,16.24,4.02,0.28,20.54,59.14,52.9756,-0.0214
E07000137,East Lindsey,2011,69.2,42.41,11.01,17.33,1.66,34.75,34.65,24.25,5.82,0.54,30.6,65.25,53.2167,0.1667
E07000137,East Lindsey,2021,67.4,46.19,11.27,20.25,0.03,39.78,36.92,18.47,4.56,0.27,23.31,60.22,53.2167,0.1667
E07000138,Lincoln,2011,55.07,24.4,21.92,20.95,1.5,42.03,32.07,19.64,5.74,0.53,25.91,57.97,53.2307,-0.5406
E07000138,Lincoln,2021,50.5,26.1,21.06,27.19,0.33,45.15,34.46,15.71,4.39,0.29,20.39,54.85,53.2307,-0.5406
E07000139,North Kesteven,2011,74.36,37.23,10.21,13.45,1.49,47.47,32.57,17.16,2.64,0.16,19.96,52.53,52.9833,-0.4833
E07000139,North Kesteven,2021,72.78,39.98,10.03,16.01,0.13,52.27,33.65,11.93,2.08,0.07,14.08,47.73,52.9833,-0.4833
E07000140,South Holland,2011,72.55,39.24,12.69,12.65,1.41,36.25,36.25,23.18,4.05,0.27,27.5,63.75,52.8167,-0.1
E07000140,South Holland,2021,69.58,40.79,12.13,17.06,0.16,44.04,37.36,15.53,2.93,0.14,18.6,55.96,52.8167,-0.1
E07000141,South Kesteven,2011,69.42,33.58,13.43,14.63,1.64,48.16,32.06,16.51,3.07,0.21,19.79,51.84,52.8,-0.5167
E07000141,South Kesteven,2021,68.29,37.81,12.49,18.02,0.15,51.69,33.7,12.21,2.3,0.1,14.6,48.31,52.8,-0.5167
E07000142,West Lindsey,2011,72.58,38.22,11.06,13.69,1.72,45.42,33.0,17.88,3.55,0.15,21.58,54.58,53.3833,-0.5333
E07000142,West Lindsey,2021,70.28,41.45,10.87,17.88,0.05,49.25,34.15,13.47,3.01,0.13,16.61,50.75,53.3833,-0.5333
E07000143,Breckland,2011,68.65,36.99,13.78,15.21,1.79,40.18,35.48,19.96,4.05,0.32,24.34,59.82,52.5667,0.8833
E07000143,Breckland,2021,67.04,39.97,14.09,18.11,0.04,45.49,36.88,14.56,2.94,0.14,17.63,54.51,52.5667,0.8833
E07000144,Broadland,2011,79.39,43.27,8.56,10.35,1.13,47.57,33.41,16.51,2.38,0.14,19.02,52.43,52.6667,1.35
E07000144,Broadland,2021,77.11,45.79,9.73,12.28,0.02,50.99,34.57,12.35,2.03,0.07,14.44,49.01,52.6667,1.35
E07000145,Great Yarmouth,2011,64.34,35.7,17.24,16.46,1.61,32.88,34.57,24.92,6.86,0.77,32.55,67.12,52.607,1.7298
E07000145,Great Yarmouth,2021,61.77,38.11,16.19,21.5,0.24,38.15,36.76,19.14,5.55,0.4,25.08,61.85,52.607,1.7298
E07000146,King's Lynn and West Norfolk,2011,69.4,39.55,13.33,14.73,2.1,38.46,34.7,21.74,4.69,0.4,26.83,61.54,52.75,0.4
E07000146,King's Lynn and West Norfolk,2021,67.0,41.58,13.61,18.83,0.08,43.97,36.78,15.6,3.45,0.2,19.25,56.03,52.75,0.4
E07000147,North Norfolk,2011,70.13,45.79,12.82,14.47,2.14,39.16,36.22,20.56,3.76,0.3,24.63,60.84,52.9333,1.0833
E07000147,North Norfolk,2021,68.65,48.6,12.97,17.65,0.04,44.4,37.65,14.86,2.92,0.17,17.95,55.6,52.9333,1.0833
E07000148,Norwich,2011,43.84,20.66,32.66,21.7,1.08,42.12,31.48,19.88,6.05,0.47,26.41,57.88,52.6309,1.2974
E07000148,Norwich,2021,42.05,22.2,30.28,26.92,0.18,44.96,34.39,15.6,4.73,0.31,20.65,55.04,52.6309,1.2974
E07000149,South Norfolk,2011,74.9,40.83,11.3,11.2,1.58,47.66,32.77,16.68,2.69,0.2,19.58,52.34,52.5333,1.2167
E07000149,South Norfolk,2021,73.14,41.9,11.7,13.89,0.03,51.67,34.58,11.59,2.05,0.1,13.74,48.33,52.5333,1.2167
E07000163,Craven,2011,73.11,42.29,9.0,15.38,2.03,49.12,32.1,15.42,3.15,0.22,18.78,50.88,54.0,-2.1667
E07000163,Craven,2021,71.59,45.36,9.57,18.1,0.04,55.22,32.43,10.35,1.93,0.07,12.35,44.78,54.0,-2.1667
E07000164,Hambleton,2011,69.54,39.71,12.92,15.14,1.99,50.5,32.08,14.94,2.35,0.13,17.41,49.5,54.25,-1.4833
E07000164,Hambleton,2021,68.98,43.56,13.4,16.73,0.01,54.73,32.73,10.64,1.84,0.06,12.54,45.27,54.25,-1.4833
E07000165,Harrogate,2011,71.07,37.4,9.14,17.52,1.68,52.11,31.4,13.75,2.55,0.19,16.49,47.89,53.9919,-1.5378
E07000165,Harrogate,2021,70.12,40.66,9.87,19.0,0.1,57.27,31.27,9.59,1.77,0.09,11.46,42.73,53.9919,-1.5378
E07000166,Richmondshire,2011,63.89,36.1,10.8,22.36,2.43,49.28,33.25,14.52,2.81,0.14,17.47,50.72,54.4,-1.8333
E07000166,Richmondshire,2021,64.41,40.67,11.65,23.23,0.13,54.11,33.43,10.54,1.86,0.06,12.46,45.89,54.4,-1.8333
E07000167,Ryedale,2011,67.15,41.42,12.86,16.75,2.88,46.25,33.6,16.99,2.99,0.17,20.14,53.75,54.15,-0.9
E07000167,Ryedale,2021,66.79,43.78,12.83,19.59,0.03,51.8,34.62,11.6,1.89,0.09,13.58,48.2,54.15,-0.9
E07000168,Scarborough,2011,65.78,39.09,12.41,19.5,1.7,38.84,34.38,21.19,5.03,0.56,26.78,61.16,54.2773,-0.4015
E07000168,Scarborough,2021,63.52,41.4,13.83,21.67,0.03,45.47,35.3,15.16,3.78,0.29,19.23,54.53,54.2773,-0.4015
E07000169,Selby,2011,74.98,34.52,12.04,10.98,1.42,48.99,31.11,16.65,3.03,0.22,19.9,51.01,53.7833,-1.0667
E07000169,Selby,2021,73.09,36.88,12.26,13.42,0.1,54.17,32.36,11.26,2.12,0.09,13.47,45.83,53.7833,-1.0667
E07000170,Ashfield,2011,69.23,33.28,16.21,12.77,1.32,37.32,32.23,23.88,6.13,0.45,30.46,62.68,53.0833,-1.2667
E07000170,Ashfield,2021,67.42,35.74,14.91,17.06,0.2,43.14,34.35,17.64,4.65,0.23,22.51,56.86,53.0833,-1.2667
E07000171,Bassetlaw,2011,69.47,34.19,15.9,12.53,1.73,40.15,32.87,21.36,5.28,0.34,26.98,59.85,53.3167,-1.0167
E07000171,Bassetlaw,2021,68.24,37.78,14.96,16.23,0.15,46.82,34.3,15.02,3.72,0.14,18.87,53.18,53.3167,-1.0167
E07000172,Broxtowe,2011,73.2,37.06,11.14,14.08,1.22,45.62,31.44,18.88,3.76,0.31,22.95,54.38,52.9667,-1.2333
E07000172,Broxtowe,2021,71.24,39.91,11.04,17.28,0.13,50.02,33.78,13.23,2.86,0.11,16.2,49.98,52.9667,-1.2333
E07000173,Gedling,2011,75.26,37.7,9.98,13.15,1.07,44.9,32.17,18.66,3.97,0.3,22.92,55.1,52.9833,-1.1
E07000173,Gedling,2021,73.84,40.06,9.69,15.89,0.06,50.73,32.93,13.39,2.84,0.11,16.34,49.27,52.9833,-1.1
E07000174,Mansfield,2011,66.57,32.63,18.25,13.61,1.2,36.2,32.04,24.55,6.74,0.47,31.76,63.8,53.1444,-1.1997
E07000174,Mansfield,2021,64.03,34.7,16.37,18.87,0.27,42.49,34.65,17.58,5.06,0.22,22.86,57.51,53.1444,-1.1997
E07000175,Newark and Sherwood,2011,70.64,35.67,14.45,12.87,1.51,43.44,32.5,19.37,4.44,0.25,24.06,56.56,53.0667,-0.8167
E07000175,Newark and Sherwood,2021,68.99,38.49,13.9,16.17,0.12,49.13,33.45,13.96,3.27,0.18,17.42,50.87,53.0667,-0.8167
E07000176,Rushcliffe,2011,76.67,39.21,8.41,13.27,0.93,54.82,29.33,13.56,2.15,0.15,15.85,45.18,52.8833,-1.1
E07000176,Rushcliffe,2021,75.7,41.11,8.57,14.66,0.03,58.39,30.53,9.53,1.51,0.04,11.08,41.61,52.8833,-1.1
E07000177,Cherwell,2011,69.28,30.87,12.11,16.23,1.59,49.79,31.7,15.07,3.12,0.32,18.51,50.21,51.9,-1.2833
E07000177,Cherwell,2021,65.01,32.52,13.27,19.78,0.04,54.11,32.56,10.87,2.32,0.14,13.33,45.89,51.9,-1.2833
E07000178,Oxford,2011,46.72,23.98,21.36,28.23,1.95,48.29,31.65,15.11,4.42,0.53,20.06,51.71,51.752,-1.2577
E07000178,Oxford,2021,45.32,25.33,20.92,32.15,0.17,52.2,32.19,12.15,3.2,0.26,15.62,47.8,51.752,-1.2577
E07000179,South Oxfordshire,2011,72.94,37.17,11.39,13.33,1.5,54.9,29.88,12.91,2.13,0.18,15.23,45.1,51.6167,-1.0833
E07000179,South Oxfordshire,2021,70.24,37.69,12.01,15.91,0.03,58.66,30.91,8.8,1.55,0.07,10.43,41.34,51.6167,-1.0833
E07000180,Vale of White Horse,2011,70.33,35.83,13.32,13.63,1.67,54.12,30.6,12.7,2.35,0.22,15.28,45.88,51.65,-1.4333
E07000180,Vale of White Horse,2021,68.19,36.2,14.27,15.66,0.04,58.15,30.98,9.13,1.65,0.09,10.87,41.85,51.65,-1.4333
E07000181,West Oxfordshire,2011,69.7,34.49,12.46,14.85,1.72,53.8,30.75,13.1,2.19,0.16,15.45,46.2,51.8333,-1.5833
E07000181,West Oxfordshire,2021,66.79,37.44,13.26,17.86,0.02,56.62,31.84,9.7,1.76,0.08,11.55,43.38,51.8333,-1.5833
E07000187,Mendip,2011,70.28,37.67,11.86,15.46,1.65,46.37,32.92,16.98,3.39,0.35,20.71,53.63,51.2333,-2.6333
E07000187,Mendip,2021,68.68,41.07,12.03,18.05,0.04,51.42,34.01,12.05,2.41,0.12,14.58,48.58,51.2333,-2.6333
E07000188,Sedgemoor,2011,71.31,37.54,12.19,14.58,1.36,41.81,33.82,19.54,4.42,0.4,24.37,58.19,51.1333,-2.9667
E07000188,Sedgemoor,2021,68.31,39.23,12.78,17.9,0.1,47.47,35.14,14.06,3.16,0.17,17.38,52.53,51.1333,-2.9667
E07000189,South Somerset,2011,70.29,38.44,13.95,13.34,1.63,45.67,33.5,17.27,3.27,0.29,20.84,54.33,51.0,-2.6667
E07000189,South Somerset,2021,67.93,41.29,14.13,16.77,0.06,50.46,34.4,12.45,2.55,0.14,15.14,49.54,51.0,-2.6667
E07000192,Cannock Chase,2011,69.12,30.46,16.92,12.14,1.21,39.8,31.34,22.83,5.58,0.45,28.86,60.2,52.6833,-1.9833
E07000192,Cannock Chase,2021,67.09,33.87,16.18,15.79,0.25,45.57,33.82,16.35,4.11,0.15,20.6,54.43,52.6833,-1.9833
E07000193,East Staffordshire,2011,69.58,35.08,13.47,15.14,1.25,43.55,32.28,19.05,4.67,0.45,24.17,56.45,52.8,-1.65
E07000193,East Staffordshire,2021,66.83,36.45,12.93,19.48,0.06,49.36,33.94,13.41,3.11,0.18,16.7,50.64,52.8,-1.65
E07000194,Lichfield,2011,75.57,38.69,13.21,9.54,1.09,47.44,31.51,17.4,3.38,0.27,21.05,52.56,52.6833,-1.8167
E07000194,Lichfield,2021,73.26,41.42,13.0,12.75,0.02,52.01,32.8,12.63,2.43,0.13,15.19,47.99,52.6833,-1.8167
E07000195,Newcastle-under-Lyme,2011,69.11,35.18,18.72,10.48,1.26,41.24,31.78,21.52,5.15,0.31,26.98,58.76,53.01,-2.2267
E07000195,Newcastle-under-Lyme,2021,67.67,38.25,17.11,14.48,0.08,46.76,34.11,15.33,3.64,0.15,19.12,53.24,53.01,-2.2267
E07000196,South Staffordshire,2011,75.73,40.06,13.93,8.48,1.29,46.19,32.26,18.08,3.28,0.19,21.56,53.81,52.5333,-2.1333
E07000196,South Staffordshire,2021,74.5,44.04,14.03,10.57,0.03,50.29,33.64,13.39,2.61,0.08,16.07,49.71,52.5333,-2.1333
E07000197,Stafford,2011,71.59,36.37,13.68,12.94,1.29,48.02,32.18,16.44,3.13,0.23,19.81,51.98,52.805,-2.1194
E07000197,Stafford,2021,70.0,39.09,13.57,15.55,0.05,52.98,32.7,11.78,2.4,0.13,14.31,47.02,52.805,-2.1194
E07000198,Staffordshire Moorlands,2011,79.69,44.08,8.86,9.82,1.33,43.67,31.99,20.15,3.87,0.32,24.34,56.33,53.0667,-1.9833
E07000198,Staffordshire Moorlands,2021,78.25,48.17,8.62,12.69,0.06,49.33,34.16,13.75,2.71,0.05,16.51,50.67,53.0667,-1.9833
E07000199,Tamworth,2011,68.24,27.8,19.32,10.99,0.95,41.69,32.2,20.68,5.0,0.43,26.11,58.31,52.634,-1.6954
E07000199,Tamworth,2021,66.99,33.34,18.01,14.11,0.17,45.7,34.6,15.88,3.7,0.12,19.7,54.3,52.634,-1.6954
E07000200,Babergh,2011,71.91,39.61,13.09,12.56,1.96,47.5,33.15,16.46,2.72,0.17,19.35,52.5,52.0167,0.95
E07000200,Babergh,2021,71.04,43.43,13.27,14.82,0.15,51.18,34.77,11.64,2.32,0.09,14.05,48.82,52.0167,0.95
E07000202,Ipswich,2011,56.66,25.7,21.59,19.93,1.17,39.5,33.27,20.75,5.93,0.55,27.23,60.5,52.0567,1.1482
E07000202,Ipswich,2021,55.44,28.25,20.78,22.96,0.22,45.2,34.63,15.68,4.23,0.26,20.18,54.8,52.0567,1.1482
E07000203,Mid Suffolk,2011,75.08,39.39,11.27,11.2,1.59,48.75,32.28,16.25,2.59,0.14,18.97,51.25,52.1833,1.05
E07000203,Mid Suffolk,2021,73.87,43.19,11.3,13.71,0.11,52.17,34.1,11.6,2.04,0.09,13.73,47.83,52.1833,1.05
E07000207,Elmbridge,2011,73.05,34.24,9.86,15.13,1.22,57.63,28.73,11.24,2.17,0.24,13.64,42.37,51.3667,-0.3667
E07000207,Elmbridge,2021,71.31,33.84,10.09,17.5,0.05,61.87,28.11,8.35,1.58,0.1,10.02,38.13,51.3667,-0.3667
E07000208,Epsom and Ewell,2011,76.99,36.83,8.02,13.3,0.82,52.77,31.48,13.15,2.32,0.28,15.75,47.23,51.3337,-0.2688
E07000208,Epsom and Ewell,2021,73.97,36.28,8.76,16.12,0.02,57.59,30.57,9.76,1.9,0.18,11.84,42.41,51.3337,-0.2688
E07000209,Guildford,2011,68.83,33.73,12.8,15.79,1.28,54.93,29.99,12.36,2.48,0.24,15.08,45.07,51.2365,-0.5703
E07000209,Guildford,2021,66.33,34.55,12.67,19.6,0.09,57.72,30.67,9.53,1.93,0.16,11.61,42.28,51.2365,-0.5703
E07000210,Mole Valley,2011,73.58,39.11,12.21,11.92,1.37,53.6,30.88,12.41,2.74,0.37,15.53,46.4,51.2333,-0.3333
E07000210,Mole Valley,2021,73.21,40.76,11.65,14.1,0.01,56.71,30.99,9.93,2.14,0.23,12.3,43.29,51.2333,-0.3333
E07000211,Reigate and Banstead,2011,73.05,33.19,11.92,12.94,0.88,53.34,30.95,13.01,2.46,0.25,15.71,46.66,51.238,-0.188
E07000211,Reigate and Banstead,2021,71.13,33.74,11.54,15.68,0.03,57.06,30.83,9.89,2.06,0.16,12.11,42.94,51.238,-0.188
E07000212,Runnymede,2011,69.48,33.1,12.87,15.2,1.45,49.23,32.33,15.33,2.77,0.34,18.44,50.77,51.3833,-0.5333
E07000212,Runnymede,2021,66.42,32.81,12.91,19.09,0.11,53.4,32.45,11.79,2.22,0.14,14.15,46.6,51.3833,-0.5333
E07000213,Spelthorne,2011,72.56,33.92,12.43,12.66,0.98,45.21,34.3,16.91,3.26,0.32,20.49,54.79,51.4167,-0.5167
E07000213,Spelthorne,2021,68.1,33.44,12.67,17.91,0.05,50.91,33.56,12.58,2.74,0.21,15.53,49.09,51.4167,-0.5167
E07000214,Surrey Heath,2011,76.82,34.78,9.21,12.14,1.03,56.18,29.81,11.84,2.0,0.16,14.0,43.82,51.3333,-0.75
E07000214,Surrey Heath,2021,74.01,36.54,9.58,15.36,0.04,57.92,31.08,9.15,1.74,0.11,10.99,42.08,51.3333,-0.75
E07000215,Tandridge,2011,75.89,36.21,10.83,11.0,1.35,52.48,32.11,12.65,2.54,0.21,15.4,47.52,51.25,-0.05
E07000215,Tandridge,2021,74.47,37.41,11.06,13.28,0.04,55.97,31.64,10.11,2.13,0.14,12.39,44.03,51.25,-0.05
E07000216,Waverley,2011,73.65,37.69,12.31,11.32,1.72,56.61,29.24,11.83,2.14,0.18,14.15,43.39,51.1833,-0.6
E07000216,Waverley,2021,71.76,38.21,12.25,14.69,0.07,59.54,29.94,8.79,1.65,0.09,10.52,40.46,51.1833,-0.6
E07000217,Woking,2011,70.51,31.62,11.92,15.67,0.96,52.47,30.94,13.25,3.08,0.26,16.59,47.53,51.319,-0.556
E07000217,Woking,2021,66.44,31.98,11.56,21.09,0.09,56.21,31.01,10.35,2.24,0.18,12.78,43.79,51.319,-0.556
E07000218,North Warwickshire,2011,72.39,34.89,14.41,11.29,1.23,42.21,32.81,20.56,4.17,0.24,24.97,57.79,52.5667,-1.5833
E07000218,North Warwickshire,2021,70.39,38.28,13.6,14.9,0.16,47.25,34.93,14.47,3.22,0.13,17.82,52.75,52.5667,-1.5833
E07000219,Nuneaton and Bedworth,2011,71.36,33.29,14.48,12.68,0.96,39.93,32.6,21.67,5.39,0.41,27.47,60.07,52.5226,-1.4636
E07000219,Nuneaton and Bedworth,2021,68.05,35.04,14.42,16.61,0.11,45.05,34.6,15.95,4.13,0.27,20.35,54.95,52.5226,-1.4636
E07000220,Rugby,2011,69.46,32.89,14.31,14.1,1.17,48.11,32.48,16.02,3.15,0.24,19.41,51.89,52.3702,-1.26
E07000220,Rugby,2021,67.46,33.4,12.92,18.02,0.13,53.38,33.05,11.13,2.35,0.09,13.57,46.62,52.3702,-1.26
E07000221,Stratford-on-Avon,2011,71.84,39.12,12.93,12.7,1.45,50.99,31.55,14.82,2.46,0.18,17.46,49.01,52.1919,-1.7078
E07000221,Stratford-on-Avon,2021,70.84,40.62,13.3,14.06,0.02,56.51,31.78,9.79,1.86,0.05,11.7,43.49,52.1919,-1.7078
E07000222,Warwick,2011,66.65,32.65,13.41,17.92,1.16,52.5,30.18,14.18,2.86,0.27,17.32,47.5,52.2833,-1.5833
E07000222,Warwick,2021,65.4,34.19,14.06,19.02,0.08,57.42,30.21,9.95,2.25,0.18,12.37,42.58,52.2833,-1.5833
E07000223,Adur,2011,73.76,37.8,13.07,11.42,1.18,40.41,34.44,20.33,4.36,0.47,25.15,59.59,50.8326,-0.307
E07000223,Adur,2021,72.03,40.11,12.41,14.8,0.1,45.47,35.67,15.15,3.38,0.33,18.87,54.53,50.8326,-0.307
E07000224,Arun,2011,73.84,42.85,8.82,15.31,1.18,40.42,35.64,19.63,3.81,0.5,23.94,59.58,50.837,-0.572
E07000224,Arun,2021,71.25,44.29,9.32,18.2,0.08,45.93,36.48,14.47,2.85,0.27,17.59,54.07,50.837,-0.572
E07000225,Chichester,2011,67.17,40.54,14.86,14.89,2.17,48.57,33.51,14.91,2.76,0.25,17.92,51.43,50.8365,-0.7792
E07000225,Chichester,2021,65.36,41.97,15.07,18.12,0.05,53.47,33.28,10.93,2.19,0.13,13.25,46.53,50.8365,-0.7792
E07000226,Crawley,2011,59.04,22.19,23.86,14.54,1.18,42.06,34.6,18.47,4.49,0.39,23.35,57.94,51.1092,-0.1872
E07000226,Crawley,2021,55.74,24.04,22.93,19.81,0.29,46.0,34.75,15.23,3.75,0.26,19.25,54.0,51.1092,-0.1872
E07000227,Horsham,2011,74.52,37.3,11.56,11.8,1.47,52.9,31.45,12.92,2.55,0.18,15.66,47.1,51.0628,-0.3232
E07000227,Horsham,2021,72.25,39.25,11.47,14.52,0.04,56.71,31.75,9.68,1.72,0.14,11.54,43.29,51.0628,-0.3232
E07000228,Mid Sussex,2011,74.31,35.55,10.61,12.75,1.35,54.0,31.2,12.43,2.19,0.18,14.8,46.0,51.0,-0.1167
E07000228,Mid Sussex,2021,72.63,36.72,10.75,15.33,0.01,57.3,31.31,9.59,1.69,0.11,11.39,42.7,51.0,-0.1167
E07000229,Worthing,2011,69.34,34.8,9.98,19.35,0.87,42.84,33.65,18.52,4.49,0.5,23.51,57.16,50.8147,-0.3714
E07000229,Worthing,2021,67.5,36.44,9.78,22.04,0.03,47.75,34.77,13.88,3.23,0.37,17.48,52.25,50.8147,-0.3714
E07000234,Bromsgrove,2011,79.49,40.62,9.97,8.8,1.09,50.27,30.91,15.89,2.75,0.19,18.83,49.73,52.3333,-2.05
E07000234,Bromsgrove,2021,77.53,42.37,10.7,10.61,0.04,54.74,32.04,11.04,2.1,0.08,13.23,45.26,52.3333,-2.05
E07000235,Malvern Hills,2011,71.86,42.47,14.12,11.55,1.66,47.46,32.93,16.18,3.19,0.24,19.6,52.54,52.1167,-2.3333
E07000235,Malvern Hills,2021,71.01,45.15,14.33,13.34,0.03,52.67,33.36,11.77,2.09,0.09,13.96,47.33,52.1167,-2.3333
E07000236,Redditch,2011,65.65,26.51,21.17,11.69,1.1,42.13,32.59,19.75,5.05,0.48,25.28,57.87,52.309,-1.9448
E07000236,Redditch,2021,64.43,30.94,20.15,14.41,0.21,46.89,34.39,14.78,3.68,0.27,18.72,53.11,52.309,-1.9448
E07000237,Worcester,2011,64.4,28.97,15.31,18.18,1.06,46.26,31.5,17.66,4.18,0.4,22.24,53.74,52.1911,-2.2206
E07000237,Worcester,2021,61.4,32.02,16.25,21.23,0.06,50.09,33.08,13.11,3.47,0.24,16.83,49.91,52.1911,-2.2206
E07000238,Wychavon,2011,72.72,38.73,14.49,10.95,1.38,47.28,32.5,16.79,3.19,0.24,20.22,52.72,52.1,-2.0
E07000238,Wychavon,2021,70.06,40.43,15.61,13.06,0.03,51.65,33.74,12.07,2.4,0.14,14.61,48.35,52.1,-2.0
E07000239,Wyre Forest,2011,70.63,37.68,14.44,13.17,1.17,41.16,33.0,20.46,5.03,0.36,25.84,58.84,52.3833,-2.2333
E07000239,Wyre Forest,2021,68.75,40.77,14.15,15.97,0.11,45.89,34.77,15.29,3.82,0.23,19.34,54.11,52.3833,-2.2333
E08000001,Bolton,2011,63.74,30.4,20.47,13.69,1.58,39.06,32.03,21.55,6.68,0.68,28.91,60.94,53.578,-2.4286
E08000001,Bolton,2021,61.52,33.23,19.83,17.99,0.24,43.18,34.13,17.15,5.26,0.29,22.7,56.82,53.578,-2.4286
E08000002,Bury,2011,69.64,31.8,14.98,13.79,1.27,43.72,31.59,18.91,5.3,0.49,24.69,56.28,53.5933,-2.2975
E08000002,Bury,2021,66.91,34.39,14.93,17.66,0.15,47.47,33.56,14.72,4.04,0.21,18.97,52.53,53.5933,-2.2975
E08000003,Manchester,2011,37.76,15.19,31.56,28.38,1.58,34.41,33.55,22.32,8.83,0.89,32.04,65.59,53.4808,-2.2426
E08000003,Manchester,2021,37.22,16.5,29.47,32.32,0.21,43.56,32.84,17.2,6.05,0.35,23.6,56.44,53.4808,-2.2426
E08000004,Oldham,2011,64.95,30.31,21.09,12.2,1.37,36.6,32.59,22.96,7.26,0.6,30.81,63.4,53.5409,-2.1114
E08000004,Oldham,2021,60.37,31.55,21.22,17.71,0.26,40.94,34.65,18.17,5.93,0.31,24.41,59.06,53.5409,-2.1114
E08000005,Rochdale,2011,61.85,27.79,23.13,13.2,1.44,35.93,31.84,23.37,8.09,0.77,32.23,64.07,53.6097,-2.1561
E08000005,Rochdale,2021,60.27,30.38,20.85,18.29,0.21,42.65,34.05,17.31,5.63,0.35,23.3,57.35,53.6097,-2.1561
E08000006,Salford,2011,50.34,21.83,28.8,18.75,1.63,36.38,32.16,22.85,7.97,0.65,31.46,63.62,53.4875,-2.2901
E08000006,Salford,2021,46.97,21.97,25.39,26.8,0.28,46.44,32.29,15.84,5.18,0.26,21.27,53.56,53.4875,-2.2901
E08000007,Stockport,2011,73.22,35.06,13.63,11.36,0.99,46.27,31.19,17.48,4.59,0.46,22.54,53.73,53.4106,-2.1575
E08000007,Stockport,2021,71.08,36.71,13.3,14.36,0.08,51.26,32.15,12.98,3.39,0.21,16.58,48.74,53.4106,-2.1575
E08000008,Tameside,2011,63.78,28.11,21.52,13.24,1.13,37.51,31.99,22.76,7.12,0.62,30.5,62.49,53.4804,-2.081
E08000008,Tameside,2021,60.81,30.51,21.23,17.54,0.1,43.18,34.2,17.14,5.17,0.31,22.62,56.82,53.4804,-2.081
E08000009,Trafford,2011,69.26,32.09,16.39,12.7,1.05,47.93,30.49,16.82,4.42,0.35,21.59,52.07,53.4175,-2.331
E08000009,Trafford,2021,68.96,34.43,14.98,15.32,0.07,53.9,30.85,12.12,2.99,0.14,15.25,46.1,53.4175,-2.331
E08000010,Wigan,2011,67.87,31.12,18.92,11.64,1.33,39.67,30.82,22.46,6.56,0.49,29.51,60.33,53.5448,-2.6318
E08000010,Wigan,2021,66.37,34.39,17.0,15.91,0.26,46.55,32.81,16.01,4.46,0.18,20.64,53.45,53.5448,-2.6318
E08000011,Knowsley,2011,61.8,26.14,26.63,9.75,1.3,31.25,30.25,27.07,10.6,0.82,38.49,68.75,53.45,-2.85
E08000011,Knowsley,2021,59.46,28.61,25.26,14.32,0.15,40.79,32.35,19.2,7.35,0.31,26.86,59.21,53.45,-2.85
E08000012,Liverpool,2011,46.94,21.21,27.84,23.38,1.31,32.91,31.26,24.84,9.97,1.01,35.83,67.09,53.4084,-2.9916
E08000012,Liverpool,2021,46.77,24.29,26.39,26.06,0.12,41.57,32.66,18.51,6.93,0.32,25.77,58.43,53.4084,-2.9916
E08000013,St. Helens,2011,67.28,33.29,20.59,10.21,1.35,38.27,30.98,23.42,6.86,0.47,30.75,61.73,53.4541,-2.7371
E08000013,St. Helens,2021,64.25,34.59,19.74,15.14,0.1,44.18,33.41,17.1,5.14,0.17,22.4,55.82,53.4541,-2.7371
E08000014,Sefton,2011,70.5,35.9,14.47,13.4,1.07,38.86,32.63,21.95,6.04,0.53,28.52,61.14,53.5437,-2.9703
E08000014,Sefton,2021,66.62,37.72,14.41,18.25,0.04,45.23,34.0,16.1,4.44,0.22,20.76,54.77,53.5437,-2.9703
E08000015,Wirral,2011,67.46,33.29,15.17,15.84,1.01,40.23,31.74,21.12,6.37,0.54,28.03,59.77,53.37,-3.0736
E08000015,Wirral,2021,65.0,35.83,15.4,18.91,0.07,45.74,33.41,16.0,4.64,0.21,20.85,54.26,53.37,-3.0736
E08000016,Barnsley,2011,64.33,30.55,20.88,12.76,1.58,36.39,30.69,25.14,7.34,0.43,32.92,63.61,53.5526,-1.4797
E08000016,Barnsley,2021,62.33,32.97,19.71,17.19,0.29,42.79,33.95,17.66,5.38,0.22,23.26,57.21,53.5526,-1.4797
E08000017,Doncaster,2011,65.43,31.03,17.71,14.84,1.69,36.8,32.51,23.66,6.53,0.49,30.68,63.2,53.5228,-1.1286
E08000017,Doncaster,2021,62.84,33.62,17.0,19.43,0.3,43.75,34.71,16.73,4.62,0.19,21.55,56.25,53.5228,-1.1286
E08000018,Rotherham,2011,65.2,30.5,21.51,11.32,1.68,37.37,32.08,23.91,6.25,0.4,30.56,62.63,53.43,-1.357
E08000018,Rotherham,2021,63.63,33.63,20.67,14.95,0.34,43.58,33.94,17.43,4.85,0.2,22.48,56.42,53.43,-1.357
E08000019,Sheffield,2011,58.33,27.11,24.75,15.55,0.98,39.95,32.4,21.03,6.05,0.57,27.65,60.05,53.3811,-1.4701
E08000019,Sheffield,2021,58.28,31.0,22.56,18.72,0.1,45.37,34.0,15.79,4.56,0.28,20.63,54.63,53.3811,-1.4701
E08000021,Newcastle upon Tyne,2011,49.47,22.41,29.75,19.05,1.32,40.55,31.16,20.75,6.89,0.65,28.29,59.45,54.9783,-1.6178
E08000021,Newcastle upon Tyne,2021,49.25,25.01,27.26,22.78,0.23,46.23,32.71,15.81,5.01,0.24,21.06,53.77,54.9783,-1.6178
E08000022,North Tyneside,2011,64.77,28.05,21.55,12.38,0.89,43.38,31.09,19.96,5.2,0.37,25.53,56.62,55.0167,-1.4833
E08000022,North Tyneside,2021,63.67,32.25,20.54,15.2,0.07,49.44,32.49,14.27,3.68,0.12,18.08,50.56,55.0167,-1.4833
E08000023,South Tyneside,2011,57.07,25.31,31.57,10.06,0.86,36.52,32.31,23.74,6.97,0.45,31.16,63.48,54.9637,-1.4419
E08000023,South Tyneside,2021,56.61,30.02,29.59,13.22,0.09,43.33,34.12,17.53,4.87,0.15,22.55,56.67,54.9637,-1.4419
E08000024,Sunderland,2011,59.76,27.07,27.05,12.15,0.74,35.73,31.92,24.43,7.45,0.47,32.35,64.27,54.9061,-1.3812
E08000024,Sunderland,2021,58.11,31.36,26.64,14.81,0.04,41.47,34.73,18.14,5.44,0.22,23.8,58.53,54.9061,-1.3812
E08000025,Birmingham,2011,55.17,25.91,24.25,17.87,1.75,33.61,33.16,24.29,8.03,0.91,33.23,66.39,52.4862,-1.8904
E08000025,Birmingham,2021,52.67,27.15,23.5,22.6,0.37,40.41,34.66,18.62,5.91,0.39,24.93,59.59,52.4862,-1.8904
E08000026,Coventry,2011,60.56,29.27,17.04,20.61,1.2,38.4,32.98,21.29,6.57,0.77,28.62,61.6,52.4068,-1.5197
E08000026,Coventry,2021,57.45,30.03,16.97,24.75,0.16,45.0,34.04,15.96,4.64,0.37,20.96,55.0,52.4068,-1.5197
E08000027,Dudley,2011,68.77,34.95,19.8,9.24,1.64,38.24,32.3,22.94,5.96,0.55,29.45,61.76,52.508,-2.081
E08000027,Dudley,2021,66.43,37.3,18.98,13.82,0.32,44.15,34.55,16.85,4.26,0.19,21.3,55.85,52.508,-2.081
E08000028,Sandwell,2011,56.9,26.55,27.52,12.9,2.1,30.49,32.51,27.91,8.35,0.75,37.01,69.51,52.502,-1.963
E08000028,Sandwell,2021,53.75,27.58,26.57,18.61,0.59,37.92,35.36,20.15,6.27,0.3,26.72,62.08,52.502,-1.963
E08000029,Solihull,2011,73.86,37.45,14.91,9.88,0.74,45.57,31.57,18.43,4.09,0.34,22.86,54.43,52.413,-1.778
E08000029,Solihull,2021,72.24,39.17,14.01,12.85,0.12,50.71,32.31,13.53,3.26,0.18,16.97,49.29,52.413,-1.778
E08000030,Walsall,2011,62.39,31.08,24.08,11.66,1.32,33.12,33.15,25.74,7.35,0.63,33.72,66.88,52.586,-1.982
E08000030,Walsall,2021,59.33,32.34,23.68,16.34,0.15,40.21,35.01,18.9,5.6,0.28,24.78,59.79,52.586,-1.982
E08000031,Wolverhampton,2011,56.58,28.79,28.04,13.17,1.8,32.64,33.18,26.02,7.52,0.65,34.18,67.36,52.5833,-2.1333
E08000031,Wolverhampton,2021,54.98,29.81,25.19,19.03,0.38,40.34,35.24,18.75,5.37,0.3,24.42,59.66,52.5833,-2.1333
E08000032,Bradford,2011,65.0,29.35,14.81,18.1,1.5,37.46,33.04,21.49,7.15,0.85,29.49,62.54,53.796,-1.7594
E08000032,Bradford,2021,61.74,31.87,14.64,23.0,0.12,42.95,34.42,16.83,5.44,0.37,22.63,57.05,53.796,-1.7594
E08000033,Calderdale,2011,66.55,31.22,15.23,16.41,1.36,42.51,31.79,19.51,5.62,0.57,25.7,57.49,53.7244,-1.8658
E08000033,Calderdale,2021,64.59,34.56,14.56,20.38,0.07,47.78,33.07,14.81,4.12,0.22,19.15,52.22,53.7244,-1.8658
E08000034,Kirklees,2011,67.06,32.02,15.29,15.53,1.78,40.9,32.23,20.06,6.14,0.67,26.86,59.1,53.5933,-1.8021
E08000034,Kirklees,2021,65.51,35.03,14.77,19.07,0.27,46.63,33.48,15.2,4.43,0.26,19.89,53.37,53.5933,-1.8021
E08000035,Leeds,2011,58.16,26.01,21.95,17.92,1.51,41.74,32.19,19.51,5.88,0.68,26.07,58.26,53.7997,-1.5492
E08000035,Leeds,2021,56.98,27.95,20.42,21.79,0.23,48.31,32.9,14.37,4.14,0.28,18.79,51.69,53.7997,-1.5492
E08000036,Wakefield,2011,63.59,29.03,23.59,11.41,0.95,37.32,32.1,23.55,6.6,0.43,30.58,62.68,53.683,-1.4977
E08000036,Wakefield,2021,62.6,31.73,21.68,14.86,0.07,44.74,33.84,16.52,4.73,0.17,21.42,55.26,53.683,-1.4977
E09000001,City of London,2011,42.3,24.93,16.53,35.87,4.99,44.99,40.41,11.38,2.78,0.43,14.6,55.01,51.5155,-0.0922
E09000001,City of London,2021,36.51,22.67,14.86,48.29,0.1,59.77,31.48,7.06,1.53,0.16,8.75,40.23,51.5155,-0.0922
E09000002,Barking and Dagenham,2011,46.39,17.09,33.67,17.69,0.95,28.15,35.81,26.38,8.65,1.01,36.04,71.85,51.5362,0.1033
E09000002,Barking and Dagenham,2021,42.38,15.06,31.49,24.21,0.2,37.59,37.07,19.07,5.88,0.39,25.34,62.41,51.5362,0.1033
E09000003,Barnet,2011,57.65,28.04,14.22,25.64,1.61,43.24,33.41,17.75,4.91,0.7,23.35,56.76,51.6252,-0.1517
E09000003,Barnet,2021,52.65,26.24,13.45,32.71,0.09,49.57,32.99,13.35,3.64,0.45,17.43,50.43,51.6252,-0.1517
E09000004,Bexley,2011,72.52,32.53,14.45,11.4,0.82,41.53,34.49,19.26,4.37,0.35,23.98,58.47,51.4549,0.1505
E09000004,Bexley,2021,68.64,32.75,14.67,15.3,0.07,48.52,34.23,13.88,3.15,0.22,17.25,51.48,51.4549,0.1505
E09000005,Brent,2011,42.91,20.33,24.11,30.09,1.41,30.91,36.76,23.16,7.93,1.25,32.34,69.09,51.5588,-0.2817
E09000005,Brent,2021,38.44,20.18,23.5,36.02,0.14,39.94,36.51,17.72,5.34,0.5,23.55,60.06,51.5588,-0.2817
E09000006,Bromley,2011,70.9,33.35,14.08,13.29,0.93,48.49,31.96,15.39,3.77,0.4,19.56,51.51,51.4039,0.0198
E09000006,Bromley,2021,68.49,32.98,13.2,17.42,0.03,54.64,31.24,11.31,2.64,0.17,14.12,45.36,51.4039,0.0198
E09000007,Camden,2011,32.16,17.06,33.11,32.23,1.81,37.91,35.44,17.91,7.26,1.47,26.65,62.09,51.539,-0.1426
E09000007,Camden,2021,29.65,15.93,33.69,35.59,0.3,47.52,31.91,14.59,5.32,0.65,20.57,52.48,51.539,-0.1426
E09000008,Croydon,2011,58.78,24.05,17.85,21.01,1.08,40.96,34.73,18.43,5.14,0.73,24.3,59.04,51.3714,-0.0977
E09000008,Croydon,2021,54.7,24.19,17.9,25.79,0.19,47.99,33.85,14.15,3.65,0.36,18.16,52.01,51.3714,-0.0977
E09000009,Ealing,2011,51.11,22.9,18.11,27.55,1.48,37.38,34.46,20.57,6.62,0.98,28.17,62.62,51.513,-0.3089
E09000009,Ealing,2021,46.25,22.65,17.49,34.03,0.23,46.03,34.16,15.17,4.25,0.39,19.81,53.97,51.513,-0.3089
E09000010,Enfield,2011,57.93,26.23,17.57,22.17,1.42,36.12,34.26,21.82,6.81,0.99,29.63,63.88,51.6538,-0.0799
E09000010,Enfield,2021,52.39,26.25,17.01,29.26,0.24,42.19,35.66,16.71,4.97,0.47,22.15,57.81,51.6538,-0.0799
E09000011,Greenwich,2011,43.27,16.41,34.3,19.8,1.07,37.21,34.12,20.59,7.16,0.91,28.67,62.79,51.4892,0.0648
E09000011,Greenwich,2021,41.15,16.2,30.97,25.5,0.21,48.24,32.11,14.56,4.72,0.38,19.65,51.76,51.4892,0.0648
E09000012,Hackney,2011,23.78,8.45,43.69,28.96,1.24,31.46,35.71,22.14,9.15,1.53,32.83,68.54,51.545,-0.0553
E09000012,Hackney,2021,24.57,9.67,40.48,32.19,0.24,44.95,32.51,16.0,5.97,0.57,22.54,55.05,51.545,-0.0553
E09000013,Hammersmith and Fulham,2011,34.0,15.85,31.19,31.71,1.55,41.48,33.92,17.06,6.5,1.04,24.6,58.52,51.4927,-0.2339
E09000013,Hammersmith and Fulham,2021,32.11,15.36,29.82,36.38,0.19,51.39,31.07,12.99,4.09,0.47,17.54,48.61,51.4927,-0.2339
E09000014,Haringey,2011,38.84,16.01,26.72,31.48,1.45,35.66,33.62,21.53,7.82,1.38,30.72,64.34,51.5906,-0.111
E09000014,Haringey,2021,37.22,17.26,25.19,35.57,0.37,43.32,33.86,16.77,5.48,0.58,22.83,56.68,51.5906,-0.111
E09000015,Harrow,2011,65.27,31.15,10.59,21.74,1.42,41.77,34.32,18.77,4.62,0.53,23.92,58.23,51.5836,-0.3464
E09000015,Harrow,2021,58.78,30.06,10.37,29.56,0.17,48.73,34.53,13.4,3.08,0.26,16.74,51.27,51.5836,-0.3464
E09000016,Havering,2011,73.76,35.62,14.2,10.63,0.8,39.68,34.68,20.83,4.4,0.41,25.64,60.32,51.5812,0.1837
E09000016,Havering,2021,69.49,34.48,13.63,15.82,0.09,47.3,34.53,14.67,3.29,0.21,18.18,52.7,51.5812,0.1837
E09000017,Hillingdon,2011,62.88,27.86,16.72,18.1,1.03,40.06,34.75,19.58,5.02,0.59,25.19,59.94,51.5441,-0.476
E09000017,Hillingdon,2021,56.61,26.54,16.12,25.89,0.12,45.9,34.98,15.06,3.76,0.3,19.12,54.1,51.5441,-0.476
E09000018,Hounslow,2011,50.12,21.12,22.85,23.4,1.27,37.32,35.58,20.23,6.08,0.79,27.11,62.68,51.4746,-0.368
E09000018,Hounslow,2021,45.69,21.14,21.0,30.87,0.28,44.1,35.23,16.01,4.25,0.41,20.67,55.9,51.4746,-0.368
E09000019,Islington,2011,28.39,11.32,42.05,26.95,1.31,36.65,34.08,19.61,8.3,1.36,29.27,63.35,51.544,-0.1027
E09000019,Islington,2021,26.67,11.56,40.2,31.17,0.32,48.35,30.47,15.11,5.61,0.47,21.18,51.65,51.544,-0.1027
E09000020,Kensington and Chelsea,2011,35.66,22.83,24.54,35.79,3.12,43.65,34.58,15.16,5.56,1.05,21.77,56.35,51.4991,-0.1938
E09000020,Kensington and Chelsea,2021,31.68,19.89,27.56,39.56,0.19,52.59,30.27,12.14,4.36,0.64,17.14,47.41,51.4991,-0.1938
E09000021,Kingston upon Thames,2011,64.05,27.86,11.79,22.49,0.99,50.56,31.72,13.97,3.36,0.39,17.72,49.44,51.4085,-0.2877
E09000021,Kingston upon Thames,2021,60.85,28.22,11.04,27.29,0.12,55.83,30.89,10.74,2.36,0.18,13.28,44.17,51.4085,-0.2877
E09000022,Lambeth,2011,32.98,11.37,35.09,29.33,1.07,39.85,33.92,18.58,6.66,0.99,26.23,60.15,51.4607,-0.1163
E09000022,Lambeth,2021,33.02,12.01,33.59,31.43,0.15,50.02,31.72,13.83,4.08,0.35,18.26,49.98,51.4607,-0.1163
E09000023,Lewisham,2011,42.4,14.88,31.05,24.31,1.0,38.35,34.15,19.78,6.78,0.94,27.5,61.65,51.4452,-0.0209
E09000023,Lewisham,2021,41.86,15.4,29.21,27.2,0.14,47.21,32.49,15.16,4.7,0.44,20.3,52.79,51.4452,-0.0209
E09000024,Merton,2011,59.28,25.6,14.1,24.76,1.01,46.52,32.5,16.11,4.39,0.48,20.98,53.48,51.4014,-0.1956
E09000024,Merton,2021,55.63,25.32,14.19,29.06,0.05,53.91,31.32,11.79,2.78,0.21,14.78,46.09,51.4014,-0.1956
E09000025,Newham,2011,33.32,12.8,29.64,34.05,1.21,24.98,38.11,26.02,9.6,1.29,36.91,75.02,51.5077,0.0469
E09000025,Newham,2021,30.8,12.72,28.04,38.51,0.28,39.3,35.75,18.38,6.13,0.43,24.94,60.7,51.5077,0.0469
E09000026,Redbridge,2011,63.55,28.16,11.39,22.86,1.18,38.77,34.93,20.18,5.5,0.62,26.3,61.23,51.559,0.0741
E09000026,Redbridge,2021,57.1,26.95,11.29,30.45,0.22,46.28,34.96,14.77,3.73,0.27,18.77,53.72,51.559,0.0741
E09000027,Richmond upon Thames,2011,63.57,29.76,12.59,21.85,1.24,57.63,27.96,11.27,2.8,0.35,14.41,42.37,51.4613,-0.3006
E09000027,Richmond upon Thames,2021,62.4,30.4,12.08,24.74,0.08,61.04,28.06,8.66,2.08,0.16,10.9,38.96,51.4613,-0.3006
E09000028,Southwark,2011,29.34,9.8,43.72,23.66,1.25,36.2,35.23,20.03,7.44,1.1,28.57,63.8,51.5035,-0.0804
E09000028,Southwark,2021,28.86,10.61,39.74,28.67,0.3,48.55,31.97,14.54,4.64,0.31,19.49,51.45,51.5035,-0.0804
E09000029,Sutton,2011,67.99,28.6,14.61,15.9,0.72,45.59,33.53,16.34,4.09,0.46,20.89,54.41,51.3618,-0.1945
E09000029,Sutton,2021,64.42,28.42,14.17,20.26,0.07,50.87,33.1,12.71,3.1,0.23,16.03,49.13,51.3618,-0.1945
E09000030,Tower Hamlets,2011,24.25,8.54,39.61,32.55,1.24,32.73,35.75,20.73,9.31,1.48,31.52,67.27,51.5099,-0.0059
E09000030,Tower Hamlets,2021,23.13,7.82,35.87,38.16,0.23,46.4,31.8,15.5,5.85,0.44,21.79,53.6,51.5099,-0.0059
E09000031,Waltham Forest,2011,49.93,20.02,22.07,25.92,1.04,34.29,35.02,22.47,7.25,0.96,30.69,65.71,51.5908,-0.0134
E09000031,Waltham Forest,2021,48.94,20.23,21.48,27.79,0.15,45.26,33.81,16.09,4.47,0.37,20.93,54.74,51.5908,-0.0134
E09000032,Wandsworth,2011,45.51,18.44,20.32,31.66,1.04,50.39,30.41,13.93,4.65,0.63,19.2,49.61,51.4571,-0.1818
E09000032,Wandsworth,2021,42.45,17.77,19.32,36.27,0.13,58.36,27.86,10.5,2.99,0.29,13.78,41.64,51.4571,-0.1818
E09000033,Westminster,2011,30.53,17.67,25.86,39.66,3.12,39.24,34.51,17.34,7.36,1.54,26.24,60.76,51.4973,-0.1372
E09000033,Westminster,2021,27.38,16.04,28.28,43.31,0.3,50.14,30.42,13.42,5.3,0.72,19.44,49.86,51.4973,-0.1372
W06000001,Isle of Anglesey,2011,68.55,40.67,14.67,14.13,2.45,39.68,33.24,21.13,5.45,0.5,27.09,60.32,53.2928,-4.323
W06000001,Isle of Anglesey,2021,68.19,44.63,15.64,15.57,0.32,47.64,34.13,14.71,3.43,0.1,18.23,52.36,53.2928,-4.323
W06000002,Gwynedd,2011,65.41,40.34,16.32,15.36,2.59,40.06,34.0,20.26,5.18,0.5,25.94,59.94,52.927,-4.132
W06000002,Gwynedd,2021,65.41,43.47,16.74,17.35,0.21,49.63,33.34,13.82,3.08,0.13,17.03,50.37,52.927,-4.132
W06000003,Conwy,2011,69.37,39.88,11.62,16.68,1.6,39.14,33.82,21.28,5.27,0.49,27.04,60.86,53.284,-3.829
W06000003,Conwy,2021,68.39,43.57,11.98,18.99,0.08,46.13,34.79,15.16,3.74,0.17,19.08,53.87,53.284,-3.829
W06000004,Denbighshire,2011,68.54,36.84,13.13,15.9,1.77,39.17,32.83,21.88,5.59,0.53,28.0,60.83,53.1833,-3.4333
W06000004,Denbighshire,2021,65.92,39.7,13.32,20.03,0.17,44.81,34.39,16.35,4.21,0.24,20.8,55.19,53.1833,-3.4333
W06000005,Flintshire,2011,72.83,35.12,15.13,10.55,0.96,43.07,32.39,19.75,4.5,0.29,24.54,56.93,53.2333,-3.1667
W06000005,Flintshire,2021,71.77,38.78,14.52,13.21,0.05,48.94,33.53,14.18,3.22,0.13,17.53,51.06,53.2333,-3.1667
W06000006,Wrexham,2011,63.6,30.45,22.45,11.88,1.7,40.92,31.6,21.18,5.87,0.42,27.48,59.08,53.046,-2.992
W06000006,Wrexham,2021,62.54,34.44,21.0,15.83,0.32,46.85,33.81,15.15,4.03,0.16,19.34,53.15,53.046,-2.992
W06000008,Ceredigion,2011,67.56,43.79,10.13,19.88,2.08,40.86,34.79,19.2,4.69,0.46,24.35,59.14,52.2197,-3.9326
W06000008,Ceredigion,2021,68.55,47.9,10.49,20.62,0.03,47.11,35.67,14.23,2.91,0.09,17.22,52.89,52.2197,-3.9326
W06000009,Pembrokeshire,2011,68.82,41.99,15.65,13.53,1.74,39.55,34.01,20.9,5.13,0.41,26.44,60.45,51.6741,-4.9088
W06000009,Pembrokeshire,2021,67.05,44.42,16.21,16.43,0.06,46.04,34.71,15.44,3.64,0.17,19.25,53.96,51.6741,-4.9088
W06000010,Carmarthenshire,2011,71.45,41.42,14.81,11.8,1.72,37.6,32.46,23.58,6.0,0.36,29.94,62.4,51.8569,-4.2816
W06000010,Carmarthenshire,2021,70.41,43.58,14.31,14.89,0.14,45.32,34.09,16.42,4.07,0.11,20.6,54.68,51.8569,-4.2816
W06000011,Swansea,2011,64.02,33.41,19.21,14.74,1.73,39.13,31.9,21.78,6.72,0.47,28.97,60.87,51.6214,-3.9436
W06000011,Swansea,2021,62.29,35.41,19.1,18.01,0.3,45.51,33.31,16.15,4.86,0.17,21.19,54.49,51.6214,-3.9436
W06000012,Neath Port Talbot,2011,68.68,36.39,19.12,10.24,1.78,33.63,30.3,26.67,8.93,0.46,36.06,66.37,51.6614,-3.8078
W06000012,Neath Port Talbot,2021,66.55,38.24,19.24,13.87,0.19,41.42,33.21,19.01,6.19,0.17,25.37,58.58,51.6614,-3.8078
W06000013,Bridgend,2011,72.37,34.96,13.84,12.28,1.26,37.98,30.72,23.48,7.35,0.46,31.3,62.02,51.5044,-3.5779
W06000013,Bridgend,2021,70.5,37.96,13.91,15.28,0.1,45.41,32.84,16.63,4.98,0.15,21.76,54.59,51.5044,-3.5779
W06000014,Vale of Glamorgan,2011,72.23,35.42,11.88,14.6,1.06,44.98,31.64,18.35,4.65,0.39,23.39,55.02,51.4096,-3.4849
W06000014,Vale of Glamorgan,2021,71.86,38.39,12.22,15.63,0.05,50.99,32.33,13.31,3.25,0.12,16.68,49.01,51.4096,-3.4849
W06000015,Cardiff,2011,59.11,26.51,17.1,21.9,1.45,42.47,31.37,19.16,6.32,0.69,26.16,57.53,51.4816,-3.1791
W06000015,Cardiff,2021,57.98,28.56,17.16,24.29,0.27,48.93,31.65,14.47,4.66,0.28,19.42,51.07,51.4816,-3.1791
W06000016,Rhondda Cynon Taf,2011,71.0,36.46,13.72,13.65,1.48,34.71,30.0,25.84,8.91,0.54,35.29,65.29,51.65,-3.45
W06000016,Rhondda Cynon Taff,2021,68.35,38.4,13.72,17.65,0.12,41.97,33.07,18.89,5.87,0.2,24.96,58.03,51.65,-3.45
W06000018,Caerphilly,2011,69.32,32.48,18.75,10.73,0.9,35.2,30.04,26.02,8.22,0.52,34.76,64.8,51.5833,-3.2167
W06000018,Caerphilly,2021,67.54,36.0,18.78,13.32,0.06,42.07,33.26,18.78,5.71,0.18,24.67,57.93,51.5833,-3.2167
W06000019,Blaenau Gwent,2011,62.09,32.94,23.95,12.8,1.04,29.76,30.39,29.02,10.19,0.65,39.86,70.24,51.7833,-3.2
W06000019,Blaenau Gwent,2021,60.06,34.82,23.71,15.98,0.14,38.34,33.3,20.74,7.44,0.19,28.36,61.66,51.7833,-3.2
W06000020,Torfaen,2011,66.24,31.61,23.62,8.61,1.02,36.66,32.01,24.14,6.74,0.45,31.33,63.34,51.7,-3.05
W06000020,Torfaen,2021,64.4,34.67,23.79,11.17,0.08,42.29,34.14,17.99,5.38,0.2,23.58,57.71,51.7,-3.05
W06000021,Monmouthshire,2011,73.61,39.94,13.83,10.8,1.39,46.19,32.28,17.65,3.62,0.26,21.53,53.81,51.8167,-2.9167
W06000021,Monmouthshire,2021,71.91,43.35,14.03,13.64,0.05,51.67,33.21,12.29,2.72,0.11,15.12,48.33,51.8167,-2.9167
W06000022,Newport,2011,64.2,29.8,19.82,14.01,1.44,38.78,31.72,22.45,6.46,0.58,29.5,61.22,51.5842,-2.9977
W06000022,Newport,2021,62.92,30.54,19.47,16.68,0.21,45.86,33.0,16.01,4.85,0.29,21.14,54.14,51.5842,-2.9977
W06000023,Powys,2011,68.71,43.92,13.99,14.81,2.19,41.57,34.45,19.77,3.97,0.25,23.98,58.43,52.3167,-3.3167
W06000023,Powys,2021,67.6,46.69,14.09,17.88,0.18,48.56,34.68,13.82,2.85,0.1,16.76,51.44,52.3167,-3.3167
W06000024,Merthyr Tydfil,2011,65.29,34.11,21.09,11.58,1.86,30.66,30.53,27.96,10.11,0.74,38.8,69.34,51.7459,-3.3781
W06000024,Merthyr Tydfil,2021,62.49,35.3,21.82,15.39,0.17,40.19,33.27,19.22,7.02,0.3,26.54,59.81,51.7459,-3.3781
